benchmark,classifier,method,instance,validity,no_cf_found,proximity_l1,proximity_l2,sparsity,sparsity_channels,sparsity_timepoints,trsi,scm_noise_plausibility,intervention_t,vacuous,do_complexity,cf_faith_rollout_hard,cf_faith_rollout_soft,cf_faith_pearl_hard,cf_faith_pearl_soft,cf_faith_rollout_hard_valid,cf_faith_pearl_hard_valid,cf_faith_rollout_hard_given_valid,cf_faith_pearl_hard_given_valid
full,lstm,CftsCOMTE,0,1,0,29.726109647083035,3.982714375523175,0.9,0.9,0.0,1.4097191949947647,0.6652183710406765,0,0,100,0.0,0.7816660911986314,0.0,0.9643288829702776,0.0,0.0,0.0,0.0
full,lstm,CftsCOMTE,1,1,0,29.627862953064323,3.4987359553944817,0.901,0.9,0.01,1.428416784392566,0.6754132706403193,0,0,100,0.0,0.7561278598583824,0.0,0.9588518177105059,0.0,0.0,0.0,0.0
full,lstm,CftsCOMTE,2,1,0,34.805373777141256,4.494410519511137,0.9,0.9,0.0,1.623851784950835,0.6283355424235385,0,0,100,0.0,0.7337894239905137,0.0,0.953957870611621,0.0,0.0,0.0,0.0
full,lstm,CftsCOMTE,3,1,0,31.721955404777432,3.89734993545061,0.9,0.9,0.0,1.4628831328795198,0.646652895878888,0,0,100,0.0,0.7500657964233408,0.0,0.9580241575467869,0.0,0.0,0.0,0.0
full,lstm,CftsCOMTE,4,1,0,31.142465736951813,3.843976615806545,0.901,0.9,0.01,1.3540473885964255,0.6659144953829269,0,0,100,0.0,0.7713410067030587,0.0,0.9655788669914892,0.0,0.0,0.0,0.0
full,lstm,CftsCOMTE,5,1,0,30.497457270017414,3.786949648301282,0.9,0.9,0.0,1.4607017866063174,0.6678516244788919,0,0,100,0.0,0.7780754502813791,0.0,0.957653703758218,0.0,0.0,0.0,0.0
full,lstm,CftsCOMTE,6,1,0,28.218956433050586,3.640916997732544,0.9,0.9,0.0,1.5755256518012677,0.680328752060436,0,0,100,0.0,0.7834772167327978,0.0,0.9598706378127008,0.0,0.0,0.0,0.0
full,lstm,CftsCOMTE,7,1,0,28.18900161277717,3.5966046517858756,0.9,0.9,0.0,1.4801877680269822,0.6909529507709089,0,0,100,0.0,0.791535389691301,0.0,0.9685344256172569,0.0,0.0,0.0,0.0
full,lstm,CftsCOMTE,8,1,0,34.038228995355496,4.225052060333012,0.9,0.9,0.0,1.3818279451591948,0.62406189822565,0,0,100,0.0,0.7593211063888311,0.0,0.9626882905132321,0.0,0.0,0.0,0.0
full,lstm,CftsCOMTE,9,1,0,30.30389306365699,3.8538390658306922,0.9,0.9,0.0,1.3973470426904628,0.6284047579961121,0,0,100,0.0,0.7370747861216734,0.0,0.965265315977656,0.0,0.0,0.0,0.0
full,lstm,CftsCOMTE,10,1,0,29.62135197283017,3.7411622685213466,0.9,0.9,0.0,1.3386920215168765,0.6621040369887574,0,0,100,0.0,0.782702950719565,0.0,0.9600883541515332,0.0,0.0,0.0,0.0
full,lstm,CftsCOMTE,11,1,0,29.321309180594938,3.794823713048217,0.9,0.9,0.0,1.3651743217743726,0.6438765219224731,0,0,100,0.0,0.7636634702425844,0.0,0.9699994769685586,0.0,0.0,0.0,0.0
full,lstm,CftsCOMTE,12,1,0,27.542884012611122,3.564505770968462,0.9,0.9,0.0,1.5692441829128532,0.6955445650488294,0,0,100,0.0,0.7981379855296012,0.0,0.9670389850034773,0.0,0.0,0.0,0.0
full,lstm,CftsCOMTE,13,1,0,31.444635172845636,3.738627864231828,0.9,0.9,0.0,1.3305346103198548,0.6498871540162063,0,0,100,0.0,0.745299020277959,0.0,0.9625305684842138,0.0,0.0,0.0,0.0
full,lstm,CftsCOMTE,14,1,0,33.097861866198656,3.9885637210269946,0.901,0.9,0.01,1.409521712922321,0.638762466103478,0,0,100,0.0,0.7606499406321328,0.0,0.9547149694277527,0.0,0.0,0.0,0.0
full,lstm,CftsCOMTE,15,1,0,34.735423203239606,4.217625901759723,0.901,0.9,0.01,1.6531176572663384,0.6323551422804065,0,0,100,0.0,0.7777070731364903,0.0,0.9632910354323538,0.0,0.0,0.0,0.0
full,lstm,CftsCOMTE,16,1,0,31.305198003201884,3.8001765759504216,0.9,0.9,0.0,1.577128363463726,0.6562371336126811,0,0,100,0.0,0.7682909274352956,0.0,0.9670050750357952,0.0,0.0,0.0,0.0
full,lstm,CftsCOMTE,17,1,0,28.022950525742555,3.4142421622877763,0.9,0.9,0.0,1.4535909885285967,0.6836524891192515,0,0,100,0.0,0.785836520454294,0.0,0.9591574396025279,0.0,0.0,0.0,0.0
full,lstm,CftsCOMTE,18,1,0,33.098689327263145,4.233396885610954,0.9,0.9,0.0,1.6885480491173317,0.6601804835671371,0,0,100,0.0,0.7830559686293018,0.0,0.9622175610776716,0.0,0.0,0.0,0.0
full,lstm,CftsCOMTE,19,1,0,30.52984587100844,3.814561926584488,0.9,0.9,0.0,1.544323977511633,0.6770389559017099,0,0,100,0.0,0.7996334225945965,0.0,0.9639446624401793,0.0,0.0,0.0,0.0
full,lstm,CftsCOMTE,20,1,0,33.938469482792605,4.268390206520258,0.901,0.9,0.01,1.3506364346613364,0.6283661421171054,0,0,100,0.0,0.7567554102857575,0.0,0.9484057366599757,0.0,0.0,0.0,0.0
full,lstm,CftsCOMTE,21,1,0,28.422331744598342,3.5086123014014587,0.9,0.9,0.0,1.4780602357592696,0.6869965688781725,0,0,100,0.0,0.780678658770924,0.0,0.9631620803200188,0.0,0.0,0.0,0.0
full,lstm,CftsCOMTE,22,1,0,30.497710031764313,3.6827431350990167,0.9,0.9,0.0,1.3688722513591909,0.6668951689500968,0,0,100,0.0,0.7921746332254823,0.0,0.9589528062586942,0.0,0.0,0.0,0.0
full,lstm,CftsCOMTE,23,1,0,32.98191793588591,4.042145253267279,0.9,0.9,0.0,1.4219846949344077,0.625753870594826,0,0,100,0.0,0.75416533946466,0.0,0.961363453227853,0.0,0.0,0.0,0.0
full,lstm,CftsCOMTE,24,1,0,32.95775235230366,4.142677105612544,0.9,0.9,0.0,1.5297121847039132,0.639422889513393,0,0,100,0.0,0.7645070277134932,0.0,0.9510868855148203,0.0,0.0,0.0,0.0
full,lstm,CftsCOMTE,25,1,0,29.055327525667504,3.6476472851049113,0.9,0.9,0.0,1.5506030783750373,0.6682207383141734,0,0,100,0.0,0.7655950352086678,0.0,0.9645667139054753,0.0,0.0,0.0,0.0
full,lstm,CftsCOMTE,26,1,0,27.84477316449256,3.5028580947166583,0.9,0.9,0.0,1.5055419517203878,0.6780846492114635,0,0,100,0.0,0.7799152677872486,0.0,0.9679371844440632,0.0,0.0,0.0,0.0
full,lstm,CftsCOMTE,27,1,0,32.99346540634721,4.297926967072751,0.901,0.9,0.01,1.5210676187799377,0.655626894167206,0,0,100,0.0,0.7599826582013194,0.0,0.9629230698496126,0.0,0.0,0.0,0.0
full,lstm,CftsCOMTE,28,1,0,31.55092438207936,3.821387339204699,0.9,0.9,0.0,1.4030803054263956,0.6700140185915883,0,0,100,0.0,0.7860271879835435,0.0,0.9656692084662071,0.0,0.0,0.0,0.0
full,lstm,CftsCOMTE,29,1,0,28.89060575834174,3.4946869186765377,0.9,0.9,0.0,1.3749995616926045,0.665074247006763,0,0,100,0.0,0.7730274989471567,0.0,0.9694330774220804,0.0,0.0,0.0,0.0
full,lstm,CftsCOMTE,30,1,0,28.74096669600498,3.3819411152141727,0.9,0.9,0.0,1.4251058844589377,0.6709474220440172,0,0,100,0.0,0.7662993032247913,0.0,0.9688887039302241,0.0,0.0,0.0,0.0
full,lstm,CftsCOMTE,31,1,0,28.317477642818652,3.5199316481334226,0.901,0.9,0.01,1.4241367667948317,0.6681691850379688,0,0,100,0.0,0.7711528697055218,0.0,0.9628217529506367,0.0,0.0,0.0,0.0
full,lstm,CftsCOMTE,32,1,0,28.47083792636726,3.6023743698319985,0.9,0.9,0.0,1.6090175508055977,0.681644365637422,0,0,100,0.0,0.7885567993716862,0.0,0.9710846974810994,0.0,0.0,0.0,0.0
full,lstm,CftsCOMTE,33,1,0,25.301136031478414,3.1901425227311595,0.9,0.9,0.0,1.433800589400144,0.7420948464568559,0,0,100,0.0,0.7874880228449574,0.0,0.9711594620131362,0.0,0.0,0.0,0.0
full,lstm,CftsCOMTE,34,1,0,29.664658837100056,3.7612668799409787,0.9,0.9,0.0,1.5181688473616721,0.6453896885581112,0,0,100,0.0,0.7787970413216944,0.0,0.9653965619293988,0.0,0.0,0.0,0.0
full,lstm,CftsCOMTE,35,1,0,28.670874242408836,3.48587653849841,0.9,0.9,0.0,1.5032980193730017,0.6694362790273221,0,0,100,0.0,0.7873097524430364,0.0,0.9688808439806673,0.0,0.0,0.0,0.0
full,lstm,CftsCOMTE,36,1,0,30.464154576650373,3.640238392059052,0.9,0.9,0.0,1.4755822332570483,0.6514423939096226,0,0,100,0.0,0.7825196630799889,0.0,0.9666739951517893,0.0,0.0,0.0,0.0
full,lstm,CftsCOMTE,37,1,0,27.99670599450112,3.4101911782397623,0.9,0.9,0.0,1.3404799193141448,0.6808237028570654,0,0,100,0.0,0.792820977406934,0.0,0.962712603032031,0.0,0.0,0.0,0.0
full,lstm,CftsCOMTE,38,1,0,27.179089483916822,3.475572735549578,0.901,0.9,0.01,1.433044996219196,0.6960979292886865,0,0,100,0.0,0.7734641544278493,0.0,0.9706577753864203,0.0,0.0,0.0,0.0
full,lstm,CftsCOMTE,39,1,0,32.0118809969657,3.9221810324256463,0.9,0.9,0.0,1.5033888719517337,0.6412634080053016,0,0,100,0.0,0.7607150768269486,0.0,0.9524826182534202,0.0,0.0,0.0,0.0
full,lstm,CftsCOMTE,40,1,0,30.075100791863534,3.6043553446997083,0.9,0.9,0.0,1.4281925718823052,0.6511805648922395,0,0,100,0.0,0.7554907679998827,0.0,0.9655439490096163,0.0,0.0,0.0,0.0
full,lstm,CftsCOMTE,41,1,0,30.330095757982,3.8921870855886254,0.9,0.9,0.0,1.501569400498195,0.6821148711289743,0,0,100,0.0,0.7830588963261403,0.0,0.9665330291503293,0.0,0.0,0.0,0.0
full,lstm,CftsCOMTE,42,1,0,32.916286797880375,4.148790859290627,0.9,0.9,0.0,1.420960192780152,0.6404650384629758,0,0,100,0.0,0.7813174294620229,0.0,0.9615457429024074,0.0,0.0,0.0,0.0
full,lstm,CftsCOMTE,43,1,0,31.895674437547424,3.879549644857684,0.901,0.9,0.01,1.4743678738445585,0.6659056209825921,0,0,100,0.0,0.7716979929869969,0.0,0.9645407174715612,0.0,0.0,0.0,0.0
full,lstm,CftsCOMTE,44,1,0,29.4355603061248,3.6879889517586415,0.9,0.9,0.0,1.4921733722300874,0.671941148480583,0,0,100,0.0,0.7604919154639944,0.0,0.9691227781740792,0.0,0.0,0.0,0.0
full,lstm,CftsCOMTE,45,1,0,29.522106965544673,3.908484641967771,0.9,0.9,0.0,1.5317927180919129,0.6786490328860916,0,0,100,0.0,0.7746302022082184,0.0,0.9708322803405631,0.0,0.0,0.0,0.0
full,lstm,CftsCOMTE,46,1,0,31.754610476356017,3.9883966228732897,0.9,0.9,0.0,1.5171171142468267,0.6424609674250508,0,0,100,0.0,0.7734654365241742,0.0,0.9676791792608527,0.0,0.0,0.0,0.0
full,lstm,CftsCOMTE,47,1,0,30.766413725828954,4.031380215784959,0.9,0.9,0.0,1.513824667195917,0.6456005448592269,0,0,100,0.0,0.775155760425189,0.0,0.9605761751320476,0.0,0.0,0.0,0.0
full,lstm,CftsCOMTE,48,1,0,27.485530746671344,3.458626747160166,0.902,0.9,0.02,1.3094323310822171,0.6885967937306084,0,0,100,0.0,0.7738862984072007,0.0,0.971648804368978,0.0,0.0,0.0,0.0
full,lstm,CftsCOMTE,49,1,0,26.552228136435374,3.436927190253327,0.9,0.9,0.0,1.4894945962203512,0.681288125189211,0,0,100,0.0,0.7810247548166191,0.0,0.972938475675329,0.0,0.0,0.0,0.0
full,lstm,CftsCOMTE,50,1,0,27.54859147171578,3.273957594947022,0.9,0.9,0.0,1.3237422687207971,0.6973220779545799,0,0,100,0.0,0.8027754637947396,0.0,0.96307536754263,0.0,0.0,0.0,0.0
full,lstm,CftsCOMTE,51,1,0,31.909398201856536,4.021162298831998,0.9,0.9,0.0,1.3847709444210061,0.6571249960098813,0,0,100,0.0,0.76829406153038,0.0,0.9634883714261209,0.0,0.0,0.0,0.0
full,lstm,CftsCOMTE,52,1,0,33.19172139337407,4.31586586935275,0.9,0.9,0.0,1.3396211478905886,0.6263955680276089,0,0,100,0.0,0.755351670622458,0.0,0.9542529488913064,0.0,0.0,0.0,0.0
full,lstm,CftsCOMTE,53,1,0,31.35567813758572,4.054729954394273,0.901,0.9,0.01,1.5479077923431188,0.651908941759185,0,0,100,0.0,0.7352695539112862,0.0,0.9589343160942597,0.0,0.0,0.0,0.0
full,lstm,CftsCOMTE,54,1,0,30.041822485106582,3.7662665636684807,0.901,0.9,0.01,1.573441743464762,0.6748571010862868,0,0,100,0.0,0.7789912402469247,0.0,0.9682417185836095,0.0,0.0,0.0,0.0
full,lstm,CftsCOMTE,55,1,0,30.683624010223337,3.7427117972445023,0.9,0.9,0.0,1.3554343138558511,0.6541983525771827,0,0,100,0.0,0.7732263943444695,0.0,0.961992773354963,0.0,0.0,0.0,0.0
full,lstm,CftsCOMTE,56,1,0,32.166312514525615,3.9152314320613475,0.9,0.9,0.0,1.5402196508305706,0.6429271557563482,0,0,100,0.0,0.7863281522079328,0.0,0.9672395217248654,0.0,0.0,0.0,0.0
full,lstm,CftsCOMTE,57,1,0,32.110703179524975,3.9933530684544642,0.901,0.9,0.01,1.3170383128032395,0.6274477211318893,0,0,100,0.0,0.7703870251316232,0.0,0.9644436526629319,0.0,0.0,0.0,0.0
full,lstm,CftsCOMTE,58,1,0,30.54036565565111,3.9186735996924433,0.9,0.9,0.0,1.380987924396567,0.6469652750618753,0,0,100,0.0,0.771936219741639,0.0,0.9649150882307118,0.0,0.0,0.0,0.0
full,lstm,CftsCOMTE,59,1,0,27.806789071503545,3.3911582391386608,0.9,0.9,0.0,1.2931890115593176,0.6616915910194667,0,0,100,0.0,0.783619372824542,0.0,0.9718407517152996,0.0,0.0,0.0,0.0
full,lstm,CftsCOMTE,60,1,0,29.456406425331785,3.641730447546701,0.9,0.9,0.0,1.333598456881257,0.6646957775615348,0,0,100,0.0,0.7911861418964926,0.0,0.968168616588329,0.0,0.0,0.0,0.0
full,lstm,CftsCOMTE,61,1,0,30.757231135123376,3.6900469348221137,0.9,0.9,0.0,1.4804055030826309,0.6515106597604453,0,0,100,0.0,0.76627945853926,0.0,0.9696194342518506,0.0,0.0,0.0,0.0
full,lstm,CftsCOMTE,62,1,0,27.384828966509723,3.443797513195941,0.901,0.9,0.01,1.4332355048746899,0.7059914827855749,0,0,100,0.0,0.773183853272509,0.0,0.9609618433953386,0.0,0.0,0.0,0.0
full,lstm,CftsCOMTE,63,1,0,30.115771922554686,3.7687893114122297,0.9,0.9,0.0,1.451973555284883,0.6478410099202714,0,0,100,0.0,0.7752001372484475,0.0,0.9651643345752314,0.0,0.0,0.0,0.0
full,lstm,CftsCOMTE,64,1,0,30.076593738382478,3.6532008603872055,0.9,0.9,0.0,1.3835355078925187,0.6667304761572067,0,0,100,0.0,0.7595527446282402,0.0,0.9581626344164317,0.0,0.0,0.0,0.0
full,lstm,CftsCOMTE,65,1,0,26.125303208350317,3.326828354612301,0.9,0.9,0.0,1.5421275476348006,0.706296618094506,0,0,100,0.0,0.7895029670435776,0.0,0.9647545918799276,0.0,0.0,0.0,0.0
full,lstm,CftsCOMTE,66,1,0,28.796591303276887,3.5251330987145817,0.9,0.9,0.0,1.4539324416385861,0.6730085527998452,0,0,100,0.0,0.7620383766656905,0.0,0.9712798515901173,0.0,0.0,0.0,0.0
full,lstm,CftsCOMTE,67,1,0,32.28102443132039,3.876421190316244,0.9,0.9,0.0,1.4904608045306795,0.6517879074480026,0,0,100,0.0,0.7528179490178484,0.0,0.9668517973288855,0.0,0.0,0.0,0.0
full,lstm,CftsCOMTE,68,1,0,27.153669829217506,3.435864691489335,0.9,0.9,0.0,1.5421792586824896,0.6756422414618702,0,0,100,0.0,0.7604390166082564,0.0,0.9647257613007744,0.0,0.0,0.0,0.0
full,lstm,CftsCOMTE,69,1,0,25.5175851685865,3.0778046513200024,0.9,0.9,0.0,1.305772072398352,0.7065806471021603,0,0,100,0.0,0.785958947873012,0.0,0.9680644226890069,0.0,0.0,0.0,0.0
full,lstm,CftsCOMTE,70,1,0,32.24517643102547,4.067502734045501,0.9,0.9,0.0,1.623045716933794,0.6236617940309488,0,0,100,0.0,0.7664776478218374,0.0,0.9674623735985767,0.0,0.0,0.0,0.0
full,lstm,CftsCOMTE,71,1,0,33.7741490667224,4.20298369678018,0.9,0.9,0.0,1.6279824750186964,0.615806978913315,0,0,100,0.0,0.7630644875850635,0.0,0.9611564543707801,0.0,0.0,0.0,0.0
full,lstm,CftsCOMTE,72,1,0,29.764851037088526,3.654968243657269,0.9,0.9,0.0,1.546773793802825,0.6811482697413562,0,0,100,0.0,0.7788504239135641,0.0,0.9700246293557667,0.0,0.0,0.0,0.0
full,lstm,CftsCOMTE,73,1,0,30.655968190296015,3.6884817848649254,0.9,0.9,0.0,1.4063518948692864,0.6481413435575801,0,0,100,0.0,0.7914982047206102,0.0,0.9645079204611077,0.0,0.0,0.0,0.0
full,lstm,CftsCOMTE,74,1,0,28.793476821109124,3.5803391056758143,0.9,0.9,0.0,1.3695448787082842,0.6806608310761733,0,0,100,0.0,0.7841038714393168,0.0,0.9656583500925888,0.0,0.0,0.0,0.0
full,lstm,CftsCOMTE,75,1,0,32.21767091169153,4.063220227869657,0.9,0.9,0.0,1.5250829343733217,0.6323071385968989,0,0,100,0.0,0.776874451037829,0.0,0.9654375862713405,0.0,0.0,0.0,0.0
full,lstm,CftsCOMTE,76,1,0,34.244426857969806,4.077686896283542,0.9,0.9,0.0,1.500645867159945,0.6529489201466481,0,0,100,0.0,0.7590509269762035,0.0,0.9617604565420532,0.0,0.0,0.0,0.0
full,lstm,CftsCOMTE,77,1,0,35.72817439284641,4.2883846998036095,0.9,0.9,0.0,1.5672705101103523,0.6046844145238425,0,0,100,0.0,0.7293364103667621,0.0,0.9648169716764418,0.0,0.0,0.0,0.0
full,lstm,CftsCOMTE,78,1,0,29.279924885254385,3.6599272885833236,0.9,0.9,0.0,1.540101338024403,0.6507036723863144,0,0,100,0.0,0.7607878559432951,0.0,0.9666489742745715,0.0,0.0,0.0,0.0
full,lstm,CftsCOMTE,79,1,0,28.427881141064248,3.4319172648556493,0.9,0.9,0.0,1.3384640197685476,0.6817146308247201,0,0,100,0.0,0.7886240152454828,0.0,0.9660114386994868,0.0,0.0,0.0,0.0
full,lstm,CftsCOMTE,80,1,0,27.870923544229225,3.4428133584194747,0.9,0.9,0.0,1.5636506380939281,0.6890710875055253,0,0,100,0.0,0.7898118264150022,0.0,0.9666358718504524,0.0,0.0,0.0,0.0
full,lstm,CftsCOMTE,81,1,0,29.52824442962877,3.8019776556168847,0.9,0.9,0.0,1.543886000681165,0.6376458580932728,0,0,100,0.0,0.7595047892487785,0.0,0.9652637918089869,0.0,0.0,0.0,0.0
full,lstm,CftsCOMTE,82,1,0,31.377844289260302,3.904428685100013,0.9,0.9,0.0,1.4063363214789224,0.6439456682887551,0,0,100,0.0,0.7675557598256821,0.0,0.9604342252237803,0.0,0.0,0.0,0.0
full,lstm,CftsCOMTE,83,1,0,27.74241226061189,3.6215589393320826,0.9,0.9,0.0,1.3714760439160727,0.6662328886299635,0,0,100,0.0,0.767987135023478,0.0,0.9716429499165365,0.0,0.0,0.0,0.0
full,lstm,CftsCOMTE,84,1,0,29.461316167637378,3.698241064444636,0.9,0.9,0.0,1.3876928273936242,0.6551396506318303,0,0,100,0.0,0.7704553654360112,0.0,0.963592722914195,0.0,0.0,0.0,0.0
full,lstm,CftsCOMTE,85,1,0,26.324343234098883,3.386237115261356,0.9,0.9,0.0,1.570453081196142,0.6869913054826671,0,0,100,0.0,0.7844730006784542,0.0,0.9647091276675283,0.0,0.0,0.0,0.0
full,lstm,CftsCOMTE,86,1,0,31.41856812460665,3.8036603755368517,0.9,0.9,0.0,1.477665475313415,0.6557480743903862,0,0,100,0.0,0.7746915462788155,0.0,0.9665339664305811,0.0,0.0,0.0,0.0
full,lstm,CftsCOMTE,87,1,0,33.88137712894946,4.09695500339589,0.9,0.9,0.0,1.4332281085772423,0.6419664696729397,0,0,100,0.0,0.7828447748063228,0.0,0.959937521898656,0.0,0.0,0.0,0.0
full,lstm,CftsCOMTE,88,1,0,28.04720164692846,3.56945434925341,0.9,0.9,0.0,1.442230154355709,0.7008379702300628,0,0,100,0.0,0.7819396727127916,0.0,0.9655533452566564,0.0,0.0,0.0,0.0
full,lstm,CftsCOMTE,89,1,0,29.539098136618286,3.9438667109584773,0.9,0.9,0.0,1.6348885624468887,0.6478464016910733,0,0,100,0.0,0.7752514908778212,0.0,0.9642737750540976,0.0,0.0,0.0,0.0
full,lstm,CftsCOMTE,90,1,0,31.659555676082697,3.8957959956369246,0.9,0.9,0.0,1.429277909801411,0.6478169235699458,0,0,100,0.0,0.7704185163110986,0.0,0.9567167730968286,0.0,0.0,0.0,0.0
full,lstm,CftsCOMTE,91,1,0,30.36166281097327,3.8214833830899124,0.9,0.9,0.0,1.4000356184942468,0.6401701301365289,0,0,100,0.0,0.7812703433144415,0.0,0.9565218946449,0.0,0.0,0.0,0.0
full,lstm,CftsCOMTE,92,1,0,27.66037579556335,3.4142575042880723,0.9,0.9,0.0,1.4702515698959726,0.6976653751429157,0,0,100,0.0,0.7735333656751945,0.0,0.9627599061516668,0.0,0.0,0.0,0.0
full,lstm,CftsCOMTE,93,1,0,33.60438157061129,4.32417550978798,0.9,0.9,0.0,1.4861876505109568,0.6166669308556006,0,0,100,0.0,0.7778163625481871,0.0,0.9648624078257176,0.0,0.0,0.0,0.0
full,lstm,CftsCOMTE,94,1,0,31.500172162061784,3.9367312346602996,0.9,0.9,0.0,1.3701061905481877,0.6417475090293187,0,0,100,0.0,0.7708956615878351,0.0,0.961232828361828,0.0,0.0,0.0,0.0
full,lstm,CftsCOMTE,95,1,0,32.66783807405976,4.135489887282314,0.9,0.9,0.0,1.4597893293550994,0.6216648202608217,0,0,100,0.0,0.7501665018351266,0.0,0.9633931440808238,0.0,0.0,0.0,0.0
full,lstm,CftsCOMTE,96,1,0,31.012841455831378,3.962364201502568,0.9,0.9,0.0,1.612121119702961,0.6510860344442138,0,0,100,0.0,0.7719012673103367,0.0,0.9685569289650138,0.0,0.0,0.0,0.0
full,lstm,CftsCOMTE,97,1,0,31.681656162923115,3.9903195153568984,0.902,0.9,0.02,1.4616752242365814,0.6307363314374989,0,0,100,0.0,0.7693828472668172,0.0,0.9678352121821876,0.0,0.0,0.0,0.0
full,lstm,CftsCOMTE,98,1,0,30.66294249237248,3.851037662657886,0.9,0.9,0.0,1.5205569278910218,0.6530005440843273,0,0,100,0.0,0.772615935237083,0.0,0.9691968301972922,0.0,0.0,0.0,0.0
full,lstm,CftsCOMTE,99,1,0,33.37490907237917,4.092144482855794,0.9,0.9,0.0,1.6083089253345697,0.6121807280952435,0,0,100,0.0,0.7683324899232572,0.0,0.9546439972432572,0.0,0.0,0.0,0.0
full,lstm,CftsCels,0,1,0,0.8463007097197169,0.7821626872064068,0.98,0.1,0.94,1.0120717595903463,0.9988359796281195,92,0,5,0.0,0.781611882021801,0.0,0.9891969047595278,0.0,0.0,0.0,0.0
full,lstm,CftsCels,1,1,0,0.5064359714193171,0.2561662257594627,0.984,0.6,0.88,1.503841793104631,0.9985252985599268,87,0,13,0.0,0.8251728540188477,0.0,0.9959056710241705,0.0,0.0,0.0,0.0
full,lstm,CftsCels,2,1,0,1.2321761666699942,1.167870960193962,0.983,0.1,0.96,1.0071821480314795,0.9949686234844564,96,0,4,0.0,0.9024030578498285,0.0,0.9701713448897118,0.0,0.0,0.0,0.0
full,lstm,CftsCels,3,0,0,0.00024229170547728635,0.00016779627632890456,1.0,1.0,1.0,1.8911714738836747,0.9711697068243155,99,1,0,nan,nan,nan,nan,0.0,0.0,,
full,lstm,CftsCels,4,1,0,0.18319436968445962,0.12932762624557317,0.987,0.3,0.94,1.1441181652193049,0.9615988134184923,92,0,7,0.0,0.8404347842267904,0.0,0.9969063775695941,0.0,0.0,0.0,0.0
full,lstm,CftsCels,5,0,0,6.913351616725204e-06,1.4223867409210174e-06,1.0,1.0,1.0,1.6338713628680812,0.9879208277897368,99,1,0,nan,nan,nan,nan,0.0,0.0,,
full,lstm,CftsCels,6,0,0,5.16371745967921e-06,2.5056781598958967e-07,1.0,1.0,1.0,1.4158416608972169,0.9708541065906835,99,1,0,nan,nan,nan,nan,0.0,0.0,,
full,lstm,CftsCels,7,1,0,0.33257184903640163,0.2654340954087359,0.984,0.4,0.93,1.095858779217503,0.9535341711632801,93,0,7,0.0,0.8980238781232173,0.0,0.9950666992615165,0.0,0.0,0.0,0.0
full,lstm,CftsCels,8,1,0,0.2163245371020422,0.1523579589281094,0.984,0.0,0.95,1.1134259717152588,0.9984735735838303,95,0,5,0.0,0.9017582860190873,0.0,0.9954022313421711,0.0,0.0,0.0,0.0
full,lstm,CftsCels,9,0,0,0.0020150382107139674,0.0012421260413254024,0.999,0.9,0.99,1.6593301315221376,0.9699372721742133,96,0,1,0.0,0.8955312727465523,1.0,0.9998918385483934,0.0,0.0,,
full,lstm,CftsCels,10,0,0,7.525974038566363e-06,2.0296474470770595e-06,1.0,1.0,1.0,1.664370924605692,0.9664672107218016,99,1,0,nan,nan,nan,nan,0.0,0.0,,
full,lstm,CftsCels,11,1,0,0.41823047841571637,0.347747058370852,0.979,0.1,0.94,1.0657041774829612,0.9400682441461736,94,0,6,0.0,0.8516889021333217,0.0,0.9930485909549146,0.0,0.0,0.0,0.0
full,lstm,CftsCels,12,1,0,0.16734437397319413,0.11649122185958814,0.986,0.3,0.94,1.058930768706976,0.9680771030189441,94,0,6,0.0,0.8513624812449081,0.0,0.9971773905906294,0.0,0.0,0.0,0.0
full,lstm,CftsCels,13,0,0,6.417257504510651e-06,3.1582288445549314e-07,1.0,1.0,1.0,1.3998041665892362,0.9956841280892341,99,1,0,nan,nan,nan,nan,0.0,0.0,,
full,lstm,CftsCels,14,1,0,0.39231009198627764,0.3111640526181983,0.989,0.3,0.95,1.1466839696945084,0.9767175789955322,95,0,5,0.0,0.9278939002102046,0.0,0.9923659293029898,0.0,0.0,0.0,0.0
full,lstm,CftsCels,15,1,0,0.7089154864251827,0.6324055928451288,0.989,0.4,0.95,1.075810422096023,0.9766080603899331,95,0,5,0.0,0.8780516069539477,0.0,0.985986747238051,0.0,0.0,0.0,0.0
full,lstm,CftsCels,16,1,0,0.2454484422530296,0.17992563845918214,0.981,0.2,0.93,1.0702573182997117,0.9840543898221484,92,0,8,0.0,0.8191137203882399,0.0,0.9968564197476681,0.0,0.0,0.0,0.0
full,lstm,CftsCels,17,0,0,0.0039006282931486045,0.0013340231982157072,1.0,1.0,1.0,1.7868632804134585,0.9934150445087085,99,1,0,nan,nan,nan,nan,0.0,0.0,,
full,lstm,CftsCels,18,0,0,6.461951724314819e-05,4.288574263032347e-05,1.0,1.0,1.0,1.390998571083039,0.9618740186012421,99,1,0,nan,nan,nan,nan,0.0,0.0,,
full,lstm,CftsCels,19,1,0,2.4662862601369993,0.4674991597536772,0.951,0.0,0.88,1.1581798201754798,0.9568284263062955,88,0,12,0.0,0.8148179004091314,0.0,0.9796088520481352,0.0,0.0,0.0,0.0
full,lstm,CftsCels,20,0,0,5.959128723807914e-06,2.982513408055553e-07,1.0,1.0,1.0,1.4231983066878728,0.9998249422640823,99,1,0,nan,nan,nan,nan,0.0,0.0,,
full,lstm,CftsCels,21,0,0,5.634217391935095e-06,2.865866411003555e-07,1.0,1.0,1.0,1.410771299389684,0.9627605499954588,99,1,0,nan,nan,nan,nan,0.0,0.0,,
full,lstm,CftsCels,22,1,0,0.3541446420048115,0.2888976058116351,0.987,0.3,0.97,0.9064195955576624,0.9885325342896465,97,0,3,0.0,0.9240669398334097,0.0,0.9887095037646704,0.0,0.0,0.0,0.0
full,lstm,CftsCels,23,0,0,6.196883577678884e-06,2.9799715278110746e-07,1.0,1.0,1.0,1.446351960908368,0.9950646827251457,99,1,0,nan,nan,nan,nan,0.0,0.0,,
full,lstm,CftsCels,24,0,0,6.129728757643324e-06,3.039298442574954e-07,1.0,1.0,1.0,1.39045531798824,0.969859490257113,99,1,0,nan,nan,nan,nan,0.0,0.0,,
full,lstm,CftsCels,25,1,0,0.2662071239587739,0.1834352344209512,0.986,0.3,0.96,0.8118165523111754,0.986346909304584,96,0,4,0.0,0.8819178646728051,0.0,0.993412063941648,0.0,0.0,0.0,0.0
full,lstm,CftsCels,26,1,0,0.2747864541113681,0.19350601304900933,0.98,0.0,0.95,1.1402388858269124,0.9886342047435931,94,0,5,0.0,0.8580827750230648,0.0,0.995455072494119,0.0,0.0,0.0,0.0
full,lstm,CftsCels,27,0,0,3.139336454316454e-05,2.5290936212551548e-05,1.0,1.0,1.0,1.0491423069799706,0.9417023437134793,99,1,0,nan,nan,nan,nan,0.0,0.0,,
full,lstm,CftsCels,28,0,0,5.623180656266487e-06,2.74051091592395e-07,1.0,1.0,1.0,1.3808346622222176,0.9594479498642431,99,1,0,nan,nan,nan,nan,0.0,0.0,,
full,lstm,CftsCels,29,1,0,0.657630979377673,0.45515294073708096,0.98,0.1,0.94,1.2223475247688451,0.9571460653990672,94,0,6,0.0,0.8791015789661751,0.0,0.988576898444047,0.0,0.0,0.0,0.0
full,lstm,CftsCels,30,1,0,0.16541753648470772,0.12954975742697963,0.99,0.4,0.96,1.0544878276119625,0.9635248779677936,96,0,4,0.0,0.9034251445948466,0.0,0.9958706718191698,0.0,0.0,0.0,0.0
full,lstm,CftsCels,31,0,0,5.533222691536492e-06,2.669925562983854e-07,1.0,1.0,1.0,1.4569539462386425,0.9705346887629712,99,1,0,nan,nan,nan,nan,0.0,0.0,,
full,lstm,CftsCels,32,1,0,0.673616974774923,0.514005244176721,0.985,0.3,0.95,1.1993946420512587,0.9916618265885561,93,0,6,0.0,0.8649946556080617,0.0,0.9901509304293479,0.0,0.0,0.0,0.0
full,lstm,CftsCels,33,1,0,0.3515772924196767,0.3186200431666331,0.99,0.2,0.96,1.0256594365007206,0.972141763225838,95,0,4,0.0,0.9080630324348891,0.0,0.9929702794568017,0.0,0.0,0.0,0.0
full,lstm,CftsCels,34,1,0,0.23445338951902503,0.19514272411724834,0.987,0.3,0.93,1.0279320015371165,0.9987696140186029,93,0,7,0.0,0.8538445279754332,0.0,0.9965775278512131,0.0,0.0,0.0,0.0
full,lstm,CftsCels,35,1,0,0.2488415094350114,0.1974750627231955,0.983,0.0,0.94,1.0436976093755193,0.9979402975389625,93,0,7,0.0,0.8416827079811068,0.0,0.9963818055411647,0.0,0.0,0.0,0.0
full,lstm,CftsCels,36,1,0,0.41511308072450726,0.3518075936861429,0.984,0.0,0.96,1.032622718707863,0.9780098062816421,96,0,4,0.0,0.8594467130260499,0.0,0.9898521182344799,0.0,0.0,0.0,0.0
full,lstm,CftsCels,37,1,0,0.5187009966804645,0.4666617134087707,0.985,0.0,0.96,1.0282952919128066,0.9968491544347056,95,0,4,0.0,0.8905965035138881,0.0,0.9897720046818147,0.0,0.0,0.0,0.0
full,lstm,CftsCels,38,0,0,1.6227992490498375e-05,1.0564599853048104e-05,1.0,1.0,1.0,1.911056221608692,0.9460827722229542,99,1,0,nan,nan,nan,nan,0.0,0.0,,
full,lstm,CftsCels,39,0,0,1.6538820180230993e-05,1.0687722400506986e-05,1.0,1.0,1.0,1.8991828116493161,0.9982471884648444,99,1,0,nan,nan,nan,nan,0.0,0.0,,
full,lstm,CftsCels,40,0,0,0.00011691485063585437,0.00010163936048839153,1.0,1.0,1.0,1.9252338012206704,0.9582840844894474,99,1,0,nan,nan,nan,nan,0.0,0.0,,
full,lstm,CftsCels,41,1,0,0.26259356883820556,0.2232962476799347,0.987,0.3,0.96,1.0336846917768174,0.9746397767265359,96,0,4,0.0,0.8901587065687918,0.0,0.9936295491646608,0.0,0.0,0.0,0.0
full,lstm,CftsCels,42,0,0,0.0007024345705492754,0.0005052618167349377,1.0,1.0,1.0,1.7416741391078425,0.9680400358261799,99,1,0,nan,nan,nan,nan,0.0,0.0,,
full,lstm,CftsCels,43,0,0,6.064159086359086e-05,5.482861453717736e-05,1.0,1.0,1.0,1.9927670152134533,0.9765535447929077,99,1,0,nan,nan,nan,nan,0.0,0.0,,
full,lstm,CftsCels,44,0,0,4.057997778834834e-05,3.4081177843039755e-05,1.0,1.0,1.0,1.9686972851257711,0.9989904187721276,99,1,0,nan,nan,nan,nan,0.0,0.0,,
full,lstm,CftsCels,45,0,0,0.0009158637184680414,0.0004629490461910082,1.0,1.0,1.0,1.4005221333985223,0.9914107992222109,99,1,0,nan,nan,nan,nan,0.0,0.0,,
full,lstm,CftsCels,46,0,0,5.687767020551987e-06,2.874016390588995e-07,1.0,1.0,1.0,1.403944119752259,0.9797229443362561,99,1,0,nan,nan,nan,nan,0.0,0.0,,
full,lstm,CftsCels,47,0,0,0.0006632236828592862,0.0003473503541667657,1.0,1.0,1.0,1.7758778954519978,0.9925401994248846,99,1,0,nan,nan,nan,nan,0.0,0.0,,
full,lstm,CftsCels,48,0,0,5.694847257811317e-06,3.00375213135866e-07,1.0,1.0,1.0,1.4060745637446772,0.9931306110426756,99,1,0,nan,nan,nan,nan,0.0,0.0,,
full,lstm,CftsCels,49,1,0,0.22754317629980325,0.16944425949980838,0.983,0.2,0.93,1.0015132107692761,0.9895010901202408,91,0,9,0.0,0.8508171910835076,0.0,0.9972969172724867,0.0,0.0,0.0,0.0
full,lstm,CftsCels,50,0,0,4.923765961820873e-06,2.3744392604045386e-07,1.0,1.0,1.0,1.4037254056143695,0.9619943190747134,99,1,0,nan,nan,nan,nan,0.0,0.0,,
full,lstm,CftsCels,51,0,0,0.0008619654340698453,0.00042319224037284036,1.0,1.0,1.0,1.6245714084799252,0.9886402830408058,99,1,0,nan,nan,nan,nan,0.0,0.0,,
full,lstm,CftsCels,52,0,0,5.462866603821214e-05,4.837112002417713e-05,1.0,1.0,1.0,1.9880062983523628,0.9822014189019467,99,1,0,nan,nan,nan,nan,0.0,0.0,,
full,lstm,CftsCels,53,0,0,6.7126400264492375e-06,3.370395253128984e-07,1.0,1.0,1.0,1.4419912096408956,0.9726228155900545,99,1,0,nan,nan,nan,nan,0.0,0.0,,
full,lstm,CftsCels,54,0,0,5.835716199628291e-06,2.865803956410539e-07,1.0,1.0,1.0,1.3981146712760817,0.9981946891716083,99,1,0,nan,nan,nan,nan,0.0,0.0,,
full,lstm,CftsCels,55,1,0,0.22860686885914816,0.16505287184207415,0.981,0.1,0.95,1.0387859444317349,0.9739010629371507,95,0,5,0.0,0.8819448774381901,0.0,0.9955325689934417,0.0,0.0,0.0,0.0
full,lstm,CftsCels,56,0,0,5.5471096196144445e-06,2.848172396290603e-07,1.0,1.0,1.0,1.4250028721201518,0.9931903118022148,99,1,0,nan,nan,nan,nan,0.0,0.0,,
full,lstm,CftsCels,57,0,0,0.0050832323237190785,0.001769721390393506,1.0,1.0,1.0,1.5543811315766503,0.9688654372988894,99,1,0,nan,nan,nan,nan,0.0,0.0,,
full,lstm,CftsCels,58,1,0,0.284357826789607,0.19062142929225032,0.983,0.1,0.95,1.1076141529464654,0.9880365916902735,93,0,6,0.0,0.8553974686087551,0.0,0.9956783615554974,0.0,0.0,0.0,0.0
full,lstm,CftsCels,59,0,0,5.165168211427977e-06,2.551965222239463e-07,1.0,1.0,1.0,1.4174776833586635,0.9454057938939925,99,1,0,nan,nan,nan,nan,0.0,0.0,,
full,lstm,CftsCels,60,0,0,5.070455858745531e-06,2.495395012537577e-07,1.0,1.0,1.0,1.4461749979596505,0.9760123989790971,99,1,0,nan,nan,nan,nan,0.0,0.0,,
full,lstm,CftsCels,61,1,0,0.22711992675503512,0.16040018978948886,0.986,0.1,0.96,1.1766702816262509,0.9730352923744955,93,0,6,0.0,0.88272840022999,0.0,0.996718985870818,0.0,0.0,0.0,0.0
full,lstm,CftsCels,62,0,0,0.0012878681854821472,0.0004271294117019352,1.0,1.0,1.0,1.5246870882505383,0.9583174843012896,99,1,0,nan,nan,nan,nan,0.0,0.0,,
full,lstm,CftsCels,63,1,0,0.5057753406016551,0.39506022232916277,0.986,0.4,0.93,1.0592595914478207,0.9761202981861843,92,0,8,0.0,0.8856621468067706,0.0,0.9936728154909621,0.0,0.0,0.0,0.0
full,lstm,CftsCels,64,0,0,0.00811465290426579,0.0020360200810770265,1.0,1.0,1.0,1.5873417108512076,0.9598356541629625,99,1,0,nan,nan,nan,nan,0.0,0.0,,
full,lstm,CftsCels,65,0,0,0.006447632525149754,0.0017859590494070559,0.999,0.9,0.99,1.6361133515908934,0.9925017012366891,79,0,1,0.0,0.8127730106135604,1.0,0.9998766271820541,0.0,0.0,,
full,lstm,CftsCels,66,1,0,0.7732026219966538,0.7286355055452339,0.988,0.2,0.95,1.0118418634690884,0.9675931330135656,94,0,5,0.0,0.8783509408603473,0.0,0.9873240691045793,0.0,0.0,0.0,0.0
full,lstm,CftsCels,67,1,0,1.2192742067790694,0.2676760440338719,0.958,0.0,0.9,1.2447512224045494,0.9850719101976775,88,0,11,0.0,0.858325942724865,0.0,0.9897710357603037,0.0,0.0,0.0,0.0
full,lstm,CftsCels,68,1,0,0.31207080240224405,0.26930123465705436,0.991,0.5,0.96,1.0493841108469228,0.9815525290674183,96,0,4,0.0,0.8814572000084652,0.0,0.9925308350599436,0.0,0.0,0.0,0.0
full,lstm,CftsCels,69,1,0,0.14658078471592545,0.0914092156584016,0.985,0.1,0.94,1.2475644367935241,0.9808506941632842,93,0,7,0.0,0.8918475515980786,0.0,0.9977624121256788,0.0,0.0,0.0,0.0
full,lstm,CftsCels,70,0,0,0.002881230168197149,0.0009896498357750676,1.0,1.0,1.0,1.6126574242144054,0.9763526540425816,99,1,0,nan,nan,nan,nan,0.0,0.0,,
full,lstm,CftsCels,71,0,0,0.0001368310011437895,0.00012851508969369325,1.0,1.0,1.0,1.9891913551246394,0.9749186709111692,99,1,0,nan,nan,nan,nan,0.0,0.0,,
full,lstm,CftsCels,72,1,0,0.31608399373387586,0.2165465413846545,0.988,0.4,0.94,1.2777336624311793,0.9643295182858377,92,0,7,0.0,0.8437599180177227,0.0,0.9959763189114477,0.0,0.0,0.0,0.0
full,lstm,CftsCels,73,1,0,0.06626336286676462,0.025274382918087656,0.988,0.3,0.94,1.251529112728726,0.9804512719285692,94,0,6,0.0,0.8734699985668504,0.0,0.9986091932026787,0.0,0.0,0.0,0.0
full,lstm,CftsCels,74,1,0,0.3030650473449854,0.2518710064688338,0.989,0.5,0.95,1.0227350251554588,0.9893072358539824,95,0,5,0.0,0.8647583637730192,0.0,0.9933932621893216,0.0,0.0,0.0,0.0
full,lstm,CftsCels,75,0,0,0.009206720239025521,0.002606866228141134,0.998,0.8,0.98,1.7408177567750287,0.9941713178990581,66,0,3,0.0,0.7710567676224781,1.0,0.9998777745101282,0.0,0.0,,
full,lstm,CftsCels,76,1,0,1.1960144396503587,0.2873833386330513,0.956,0.0,0.87,1.2495828007617538,0.967543208946215,87,0,13,0.0,0.8244857169087882,0.0,0.9902695252486801,0.0,0.0,0.0,0.0
full,lstm,CftsCels,77,0,0,0.0003422700340308697,0.00033499813371818744,1.0,1.0,1.0,2.014813518546262,0.9800294861797306,99,1,0,nan,nan,nan,nan,0.0,0.0,,
full,lstm,CftsCels,78,0,0,6.661553000230497e-06,3.340072438856048e-07,1.0,1.0,1.0,1.4188795176787012,0.9760626794522522,99,1,0,nan,nan,nan,nan,0.0,0.0,,
full,lstm,CftsCels,79,1,0,0.4369249224363212,0.3178458146745341,0.982,0.1,0.92,1.205384558774858,0.9853005646169478,92,0,8,0.0,0.892666608606753,0.0,0.9944139108077317,0.0,0.0,0.0,0.0
full,lstm,CftsCels,80,1,0,0.29342904217851395,0.238699676287544,0.984,0.0,0.97,0.9521519075113338,0.9812403167238092,97,0,3,0.0,0.9217876223816365,0.0,0.9908098982747029,0.0,0.0,0.0,0.0
full,lstm,CftsCels,81,1,0,0.2800488439903892,0.21080761675613965,0.981,0.2,0.93,1.0688517456058395,0.9622967669323774,93,0,7,0.0,0.8083277295441295,0.0,0.9956130139898063,0.0,0.0,0.0,0.0
full,lstm,CftsCels,82,0,0,6.295084774275185e-06,3.0441913658063856e-07,1.0,1.0,1.0,1.4085609848566434,0.9737139490642881,99,1,0,nan,nan,nan,nan,0.0,0.0,,
full,lstm,CftsCels,83,1,0,1.2229593413914968,0.2544854076174264,0.955,0.0,0.86,0.9498644773393056,0.97541592343529,86,0,14,0.0,0.8054454869340011,0.0,0.989982725320636,0.0,0.0,0.0,0.0
full,lstm,CftsCels,84,1,0,0.683837621294757,0.1683567152557063,0.951,0.0,0.79,1.2855212330996804,0.9683098701824006,26,0,26,0.0,0.7705745319650195,1.0,0.9990546155370728,0.0,1.0,0.0,1.0
full,lstm,CftsCels,85,1,0,6.031775721784363,1.0178895189466073,0.946,0.0,0.86,1.0568134992792726,0.9487660756543344,86,0,14,0.0,0.7802190396855081,0.0,0.957607503732102,0.0,0.0,0.0,0.0
full,lstm,CftsCels,86,0,0,5.619343232648143e-06,2.739909866143637e-07,1.0,1.0,1.0,1.4468871899320184,0.9993466087235772,99,1,0,nan,nan,nan,nan,0.0,0.0,,
full,lstm,CftsCels,87,0,0,0.0013596635761640471,0.0005973792439517467,1.0,1.0,1.0,1.559688500178805,0.9912478195416073,99,1,0,nan,nan,nan,nan,0.0,0.0,,
full,lstm,CftsCels,88,0,0,0.001997557646512931,0.0006601167727339688,1.0,1.0,1.0,1.5938222328959697,0.9872524647166696,99,1,0,nan,nan,nan,nan,0.0,0.0,,
full,lstm,CftsCels,89,1,0,0.49011395995338364,0.3367376594492055,0.981,0.2,0.92,1.2578338181739643,0.9875120577621592,90,0,9,0.0,0.8449733748042337,0.0,0.995008171262519,0.0,0.0,0.0,0.0
full,lstm,CftsCels,90,1,0,0.17681496668336552,0.10593885113053172,0.984,0.2,0.95,1.0915204719420475,0.9807578386738021,95,0,5,0.0,0.8616561225847968,0.0,0.996584312306984,0.0,0.0,0.0,0.0
full,lstm,CftsCels,91,0,0,5.099809170117792e-06,2.5142361514778554e-07,1.0,1.0,1.0,1.416621157307876,0.9793516346342207,99,1,0,nan,nan,nan,nan,0.0,0.0,,
full,lstm,CftsCels,92,1,0,0.28916936020864936,0.2051817584439341,0.985,0.2,0.94,1.1414126906617001,0.9460556122826375,94,0,6,0.0,0.8935963314102069,0.0,0.9946761863573721,0.0,0.0,0.0,0.0
full,lstm,CftsCels,93,0,0,6.598954834826157e-05,6.03952355341312e-05,1.0,1.0,1.0,1.9964173501265094,0.9674244562799998,99,1,0,nan,nan,nan,nan,0.0,0.0,,
full,lstm,CftsCels,94,1,0,0.324440152289836,0.2573187943521135,0.984,0.2,0.96,0.9907490782710852,0.9904470005567984,95,0,5,0.0,0.8540311659729253,0.0,0.9937196217989919,0.0,0.0,0.0,0.0
full,lstm,CftsCels,95,0,0,4.7833872738537635e-05,4.143184990499076e-05,1.0,1.0,1.0,1.9791172653495752,0.9940117850545481,99,1,0,nan,nan,nan,nan,0.0,0.0,,
full,lstm,CftsCels,96,0,0,0.003320570165758716,0.0011553113874236969,1.0,1.0,1.0,1.5456184015792243,0.9748036742586346,99,1,0,nan,nan,nan,nan,0.0,0.0,,
full,lstm,CftsCels,97,1,0,0.26286042302873286,0.18741156201329762,0.979,0.0,0.93,1.0423446365235642,0.9851623441524419,93,0,7,0.0,0.8943170295210882,0.0,0.996299211596047,0.0,0.0,0.0,0.0
full,lstm,CftsCels,98,1,0,0.45531224007112403,0.3672328971489949,0.98,0.2,0.95,1.0616501020202698,0.9932926803107698,94,0,6,0.0,0.7849188949399715,0.0,0.9924530165493024,0.0,0.0,0.0,0.0
full,lstm,CftsCels,99,1,0,0.3331948240734058,0.18405756827899958,0.968,0.0,0.92,1.2165739842444525,0.9641752476548568,90,0,9,0.0,0.764700055350367,0.0,0.9966324044394376,0.0,0.0,0.0,0.0
full,lstm,CftsConfeti,0,1,0,181.5309736693348,10.215638273040389,0.473,0.0,0.0,1.4350752760919347,0.35509094661658397,0,0,100,0.0,0.7915015357908703,0.0,0.8301583030152582,0.0,0.0,0.0,0.0
full,lstm,CftsConfeti,1,0,0,6.21176153030225e-06,2.998482046709981e-07,1.0,1.0,1.0,1.4278342840420302,0.9974521027620474,99,1,0,nan,nan,nan,nan,0.0,0.0,,
full,lstm,CftsConfeti,2,1,0,179.78821081845322,10.726586998326729,0.514,0.0,0.0,1.440831639889852,0.32607315420948757,0,0,100,0.0,0.7557920192915881,0.0,0.8195751450622167,0.0,0.0,0.0,0.0
full,lstm,CftsConfeti,3,0,0,6.57246433621167e-06,3.3715974798610614e-07,1.0,1.0,1.0,1.4048674181114555,0.9711677885613932,99,1,0,nan,nan,nan,nan,0.0,0.0,,
full,lstm,CftsConfeti,4,0,0,6.286946488284978e-06,3.225696139937155e-07,1.0,1.0,1.0,1.4360573142740551,0.961791252391279,99,1,0,nan,nan,nan,nan,0.0,0.0,,
full,lstm,CftsConfeti,5,0,0,5.520093045100448e-06,2.7768636846385007e-07,1.0,1.0,1.0,1.4215824008038556,0.9879208415251213,99,1,0,nan,nan,nan,nan,0.0,0.0,,
full,lstm,CftsConfeti,6,0,0,5.16371745967921e-06,2.5056781598958967e-07,1.0,1.0,1.0,1.4158416608972169,0.9708541065906835,99,1,0,nan,nan,nan,nan,0.0,0.0,,
full,lstm,CftsConfeti,7,1,0,155.88183250312412,9.174943350041511,0.517,0.0,0.0,1.4192005830768493,0.41227382633671317,0,0,100,0.0,0.8002050333687053,0.0,0.8500388287629893,0.0,0.0,0.0,0.0
full,lstm,CftsConfeti,8,1,0,177.80726563158885,10.094871065243119,0.489,0.0,0.0,1.4507972376645124,0.33653131352833177,0,0,100,0.0,0.774390605876746,0.0,0.8183519787595293,0.0,0.0,0.0,0.0
full,lstm,CftsConfeti,9,0,0,6.691897343365921e-06,3.553551397908946e-07,1.0,1.0,1.0,1.4063820578565835,0.9699226256098478,99,1,0,nan,nan,nan,nan,0.0,0.0,,
full,lstm,CftsConfeti,10,0,0,5.5143172773969296e-06,2.629393889001231e-07,1.0,1.0,1.0,1.396277080785932,0.9664672393215565,99,1,0,nan,nan,nan,nan,0.0,0.0,,
full,lstm,CftsConfeti,11,1,0,187.63693969397139,10.62366227609783,0.486,0.0,0.0,1.482889263166104,0.34160906215406484,0,0,100,0.0,0.7794000537603115,0.0,0.8214197341540305,0.0,0.0,0.0,0.0
full,lstm,CftsConfeti,12,1,0,156.67354010767542,8.832077259496993,0.497,0.0,0.0,1.467628345609973,0.37857010678279185,0,0,100,0.0,0.80066139088182,0.0,0.8471285460504927,0.0,0.0,0.0,0.0
full,lstm,CftsConfeti,13,0,0,6.417257504510651e-06,3.1582288445549314e-07,1.0,1.0,1.0,1.3998041665892362,0.9956841280892341,99,1,0,nan,nan,nan,nan,0.0,0.0,,
full,lstm,CftsConfeti,14,0,0,6.189922593984043e-06,2.9542933703504903e-07,1.0,1.0,1.0,1.4008497292073396,0.9736315360532026,99,1,0,nan,nan,nan,nan,0.0,0.0,,
full,lstm,CftsConfeti,15,0,0,6.143996259193318e-06,3.1162315364656363e-07,1.0,1.0,1.0,1.4115689717150288,0.9725505348226757,99,1,0,nan,nan,nan,nan,0.0,0.0,,
full,lstm,CftsConfeti,16,0,0,5.858197986624569e-06,2.974860090191577e-07,1.0,1.0,1.0,1.39226138729284,0.9849763688479114,99,1,0,nan,nan,nan,nan,0.0,0.0,,
full,lstm,CftsConfeti,17,1,0,161.4263308311019,9.29204800846323,0.495,0.0,0.0,1.4030448662708153,0.3688304715394137,0,0,100,0.0,0.781815390938995,0.0,0.8439887514611891,0.0,0.0,0.0,0.0
full,lstm,CftsConfeti,18,0,0,5.582210403610403e-06,2.8471415573264295e-07,1.0,1.0,1.0,1.403301667443247,0.9618746219030853,99,1,0,nan,nan,nan,nan,0.0,0.0,,
full,lstm,CftsConfeti,19,1,0,143.81670902893717,8.51745927834033,0.532,0.0,0.0,1.4709126415890934,0.4013253447900912,0,0,100,0.0,0.8040316209570304,0.0,0.8637457459749253,0.0,0.0,0.0,0.0
full,lstm,CftsConfeti,20,0,0,5.959128723807914e-06,2.982513408055553e-07,1.0,1.0,1.0,1.4231983066878728,0.9998249422640823,99,1,0,nan,nan,nan,nan,0.0,0.0,,
full,lstm,CftsConfeti,21,0,0,5.634217391935095e-06,2.865866411003555e-07,1.0,1.0,1.0,1.410771299389684,0.9627605499954588,99,1,0,nan,nan,nan,nan,0.0,0.0,,
full,lstm,CftsConfeti,22,1,0,166.8748686530989,9.314066770864853,0.488,0.0,0.0,1.4528630107652982,0.36428927371202696,0,0,100,0.0,0.7829047930485813,0.0,0.8398028807168705,0.0,0.0,0.0,0.0
full,lstm,CftsConfeti,23,1,0,171.26504412566584,9.791283259043501,0.494,0.0,0.0,1.372886870931343,0.360027216206101,0,0,100,0.0,0.7719427727473418,0.0,0.8330146485256645,0.0,0.0,0.0,0.0
full,lstm,CftsConfeti,24,1,0,162.50453070677577,9.550091420261811,0.506,0.0,0.0,1.4594172398711918,0.3647293798914662,0,0,100,0.0,0.7805982816355697,0.0,0.8315688239018459,0.0,0.0,0.0,0.0
full,lstm,CftsConfeti,25,1,0,171.5910667827798,9.894231850847538,0.515,0.0,0.0,1.477855440692203,0.3630737295969709,0,0,100,0.0,0.7839714592953422,0.0,0.8400921184558651,0.0,0.0,0.0,0.0
full,lstm,CftsConfeti,26,1,0,163.79669053787504,9.482247731478076,0.511,0.0,0.0,1.4900367575212705,0.348126980823404,0,0,100,0.0,0.7833867870465437,0.0,0.8451515658553435,0.0,0.0,0.0,0.0
full,lstm,CftsConfeti,27,0,0,6.106093997205065e-06,2.945375092133751e-07,1.0,1.0,1.0,1.416154588281016,0.941702088286504,99,1,0,nan,nan,nan,nan,0.0,0.0,,
full,lstm,CftsConfeti,28,1,0,157.51293122313683,9.418963825381226,0.52,0.0,0.01,1.4816781081066361,0.3849537087029964,0,0,100,0.0,0.7947659449587422,0.0,0.8500052854545033,0.0,0.0,0.0,0.0
full,lstm,CftsConfeti,29,1,0,171.21463397727598,10.02467940811643,0.503,0.0,0.0,1.4087126098396552,0.35591056767968243,0,0,100,0.0,0.7869722643731627,0.0,0.8346124080444249,0.0,0.0,0.0,0.0
full,lstm,CftsConfeti,30,1,0,180.68270129061705,10.445079133827521,0.5,0.0,0.01,1.4662431335641375,0.3591575099641535,0,0,100,0.0,0.7801439715457579,0.0,0.8326521087220355,0.0,0.0,0.0,0.0
full,lstm,CftsConfeti,31,1,0,170.29585748235843,9.727990348287207,0.503,0.0,0.0,1.404022869844427,0.3782880641907924,0,0,100,0.0,0.7883640603974533,0.0,0.8388477185064809,0.0,0.0,0.0,0.0
full,lstm,CftsConfeti,32,0,0,5.187217251160885e-06,2.599853546572921e-07,1.0,1.0,1.0,1.4423210121823058,0.9981904445297308,99,1,0,nan,nan,nan,nan,0.0,0.0,,
full,lstm,CftsConfeti,33,1,0,153.50085099679964,9.02323342699089,0.512,0.0,0.0,1.4608777460848865,0.38645892387960246,0,0,100,0.0,0.7914715438736523,0.0,0.8510410170493092,0.0,0.0,0.0,0.0
full,lstm,CftsConfeti,34,1,0,166.62626291182383,9.53840129949063,0.508,0.0,0.0,1.4324259777566086,0.37647624066939295,0,0,100,0.0,0.7952659833019927,0.0,0.842007423017226,0.0,0.0,0.0,0.0
full,lstm,CftsConfeti,35,1,0,155.08977194800812,9.005175662464927,0.513,0.0,0.0,1.4421847276532935,0.38372800899423903,0,0,100,0.0,0.794760445650841,0.0,0.8410746203179396,0.0,0.0,0.0,0.0
full,lstm,CftsConfeti,36,1,0,164.80893159799174,9.366068104968798,0.519,0.0,0.0,1.4286859619476504,0.347946427993223,0,0,100,0.0,0.7800782790150413,0.0,0.8349933715760125,0.0,0.0,0.0,0.0
full,lstm,CftsConfeti,37,0,0,4.859190509769705e-06,2.3742107200547357e-07,1.0,1.0,1.0,1.4337108955726285,0.9924391610717364,99,1,0,nan,nan,nan,nan,0.0,0.0,,
full,lstm,CftsConfeti,38,0,0,5.67051978465731e-06,2.735795764718647e-07,1.0,1.0,1.0,1.461368947854462,0.9460827694828198,99,1,0,nan,nan,nan,nan,0.0,0.0,,
full,lstm,CftsConfeti,39,1,0,165.17912667523757,9.926322910001964,0.52,0.0,0.01,1.4472248201592541,0.36833566299542875,0,0,100,0.0,0.7827560376770385,0.0,0.8398587360508238,0.0,0.0,0.0,0.0
full,lstm,CftsConfeti,40,1,0,183.5466050541893,10.84737478148364,0.498,0.0,0.0,1.5346672843990115,0.3570022972631021,0,0,100,0.0,0.7712735173229109,0.0,0.8207034250884672,0.0,0.0,0.0,0.0
full,lstm,CftsConfeti,41,1,0,170.5338162313759,9.78982148911618,0.514,0.0,0.0,1.3651755293749104,0.3731327599915549,0,0,100,0.0,0.7984829503254162,0.0,0.8394154229604749,0.0,0.0,0.0,0.0
full,lstm,CftsConfeti,42,1,0,179.91802435329885,10.36283378168167,0.488,0.0,0.0,1.4424598368739707,0.3294815025272519,0,0,100,0.0,0.7814777070657654,0.0,0.8317443693614742,0.0,0.0,0.0,0.0
full,lstm,CftsConfeti,43,1,0,182.53085651488522,10.269140681995378,0.484,0.0,0.0,1.4670986459228927,0.34665668242202463,0,0,100,0.0,0.7850427431375524,0.0,0.8282067227048447,0.0,0.0,0.0,0.0
full,lstm,CftsConfeti,44,1,0,168.53140429158032,10.164733445416958,0.527,0.0,0.0,1.4649781657607277,0.34242871766724864,0,0,100,0.0,0.7664516296418027,0.0,0.8384648610836417,0.0,0.0,0.0,0.0
full,lstm,CftsConfeti,45,1,0,181.14344328853173,10.445029904053417,0.486,0.0,0.0,1.4199728234167983,0.3734716835563431,0,0,100,0.0,0.7919231051645568,0.0,0.8299877461018711,0.0,0.0,0.0,0.0
full,lstm,CftsConfeti,46,0,0,5.687767020551987e-06,2.874016390588995e-07,1.0,1.0,1.0,1.403944119752259,0.9797229443362561,99,1,0,nan,nan,nan,nan,0.0,0.0,,
full,lstm,CftsConfeti,47,0,0,5.323052663901238e-06,2.532500814682545e-07,1.0,1.0,1.0,1.4178629060222738,0.9925340816074174,99,1,0,nan,nan,nan,nan,0.0,0.0,,
full,lstm,CftsConfeti,48,0,0,5.694847257811317e-06,3.00375213135866e-07,1.0,1.0,1.0,1.4060745637446772,0.9931306110426756,99,1,0,nan,nan,nan,nan,0.0,0.0,,
full,lstm,CftsConfeti,49,0,0,6.072967795678862e-06,3.0508091144309754e-07,1.0,1.0,1.0,1.434374677215366,0.9879053486843173,99,1,0,nan,nan,nan,nan,0.0,0.0,,
full,lstm,CftsConfeti,50,1,0,154.10077650350303,8.84578359102259,0.513,0.0,0.0,1.43026673174387,0.3658861015804225,0,0,100,0.0,0.8056109425806781,0.0,0.8437010235451105,0.0,0.0,0.0,0.0
full,lstm,CftsConfeti,51,1,0,168.6166913793793,9.695273690142376,0.5,0.0,0.0,1.4053137697842666,0.36161116913309904,0,0,100,0.0,0.7796645703835166,0.0,0.8307389445399985,0.0,0.0,0.0,0.0
full,lstm,CftsConfeti,52,0,0,6.287333304530896e-06,3.073505467739487e-07,1.0,1.0,1.0,1.4575675051258115,0.9822011317248245,99,1,0,nan,nan,nan,nan,0.0,0.0,,
full,lstm,CftsConfeti,53,1,0,185.83429949714636,10.655306798147594,0.501,0.0,0.01,1.4897382255721805,0.35460827530464895,0,0,100,0.0,0.7597290394406259,0.0,0.8242152892425672,0.0,0.0,0.0,0.0
full,lstm,CftsConfeti,54,0,0,5.835716199628291e-06,2.865803956410539e-07,1.0,1.0,1.0,1.3981146712760817,0.9981946891716083,99,1,0,nan,nan,nan,nan,0.0,0.0,,
full,lstm,CftsConfeti,55,1,0,177.89059896775944,10.03216284090441,0.471,0.0,0.0,1.4292125405752574,0.34305477520884536,0,0,100,0.0,0.7865963157103887,0.0,0.8286806197798371,0.0,0.0,0.0,0.0
full,lstm,CftsConfeti,56,0,0,5.5471096196144445e-06,2.848172396290603e-07,1.0,1.0,1.0,1.4250028721201518,0.9931903118022148,99,1,0,nan,nan,nan,nan,0.0,0.0,,
full,lstm,CftsConfeti,57,1,0,183.50033672880068,10.333562963929799,0.487,0.0,0.0,1.4413603725407724,0.3624741853903571,0,0,100,0.0,0.7799288930554109,0.0,0.8135720322890897,0.0,0.0,0.0,0.0
full,lstm,CftsConfeti,58,0,0,5.910586414997103e-06,2.8536741334747944e-07,1.0,1.0,1.0,1.4249918070337795,0.9869727859206376,99,1,0,nan,nan,nan,nan,0.0,0.0,,
full,lstm,CftsConfeti,59,1,0,160.3557120674248,9.51543000184347,0.507,0.0,0.0,1.422710304078998,0.3793997598980172,0,0,100,0.0,0.790924555603652,0.0,0.8441425336849661,0.0,0.0,0.0,0.0
full,lstm,CftsConfeti,60,0,0,5.070455858745531e-06,2.495395012537577e-07,1.0,1.0,1.0,1.4461749979596505,0.9760123989790971,99,1,0,nan,nan,nan,nan,0.0,0.0,,
full,lstm,CftsConfeti,61,1,0,177.38317188368538,10.117399285777593,0.505,0.0,0.0,1.446039656575294,0.35659628105105884,0,0,100,0.0,0.7859188359966003,0.0,0.8349397421743102,0.0,0.0,0.0,0.0
full,lstm,CftsConfeti,62,0,0,5.445845741794929e-06,2.761102584703452e-07,1.0,1.0,1.0,1.4011656071901917,0.9583212329829345,99,1,0,nan,nan,nan,nan,0.0,0.0,,
full,lstm,CftsConfeti,63,0,0,5.956434906180183e-06,2.976475090371967e-07,1.0,1.0,1.0,1.4502058877658266,0.9788533396928756,99,1,0,nan,nan,nan,nan,0.0,0.0,,
full,lstm,CftsConfeti,64,1,0,174.3974465659889,9.84905742610737,0.49,0.0,0.0,1.4040909451104109,0.3613059562265324,0,0,100,0.0,0.782723964069986,0.0,0.8358785060010423,0.0,0.0,0.0,0.0
full,lstm,CftsConfeti,65,1,0,164.43418805214822,9.421205828637566,0.499,0.0,0.0,1.4108225151865914,0.36786555554980427,0,0,100,0.0,0.7932084770139803,0.0,0.8469733387252137,0.0,0.0,0.0,0.0
full,lstm,CftsConfeti,66,1,0,167.4049901844807,10.127333123376737,0.529,0.0,0.0,1.4369593755618235,0.3539210336782546,0,0,100,0.0,0.778857671522582,0.0,0.8385843353163528,0.0,0.0,0.0,0.0
full,lstm,CftsConfeti,67,0,0,6.5119657796743925e-06,3.298221980660796e-07,1.0,1.0,1.0,1.456319100917146,0.9902459725580068,99,1,0,nan,nan,nan,nan,0.0,0.0,,
full,lstm,CftsConfeti,68,1,0,170.86821596990225,10.266352981057127,0.523,0.0,0.0,1.4591576626021694,0.36770922094884273,0,0,100,0.0,0.7843569230758972,0.0,0.8359545070523627,0.0,0.0,0.0,0.0
full,lstm,CftsConfeti,69,1,0,156.26045092617403,9.26791221433365,0.517,0.0,0.0,1.4666308038731921,0.3743180269001462,0,0,100,0.0,0.8000481849585523,0.0,0.8530868174770939,0.0,0.0,0.0,0.0
full,lstm,CftsConfeti,70,1,0,176.86269263301406,10.49659725896373,0.514,0.0,0.0,1.4460823236913776,0.34980534393162993,0,0,100,0.0,0.7667948511368272,0.0,0.8131605657923305,0.0,0.0,0.0,0.0
full,lstm,CftsConfeti,71,1,0,168.79283732911483,9.673342536367159,0.487,0.0,0.0,1.4932723629572344,0.35704512912618214,0,0,100,0.0,0.7891831553737793,0.0,0.8368779976455241,0.0,0.0,0.0,0.0
full,lstm,CftsConfeti,72,0,0,5.802501995476501e-06,3.000929545130256e-07,1.0,1.0,1.0,1.469920470577079,0.9619453125995372,99,1,0,nan,nan,nan,nan,0.0,0.0,,
full,lstm,CftsConfeti,73,1,0,170.3011426529078,9.513685065046536,0.484,0.0,0.0,1.4252832819018393,0.3641190794722837,0,0,100,0.0,0.7949854709710532,0.0,0.8415712157438399,0.0,0.0,0.0,0.0
full,lstm,CftsConfeti,74,0,0,5.507520267975701e-06,2.6412787458914925e-07,1.0,1.0,1.0,1.4510317627764648,0.9902257033777023,99,1,0,nan,nan,nan,nan,0.0,0.0,,
full,lstm,CftsConfeti,75,0,0,6.038166979720726e-06,2.9884086413238e-07,1.0,1.0,1.0,1.4046090925937726,0.9941796650746046,99,1,0,nan,nan,nan,nan,0.0,0.0,,
full,lstm,CftsConfeti,76,0,0,5.809136805963976e-06,2.7925592214655195e-07,1.0,1.0,1.0,1.4112804847361882,0.9662841387541713,99,1,0,nan,nan,nan,nan,0.0,0.0,,
full,lstm,CftsConfeti,77,0,0,7.291930393174377e-06,3.6929528280742753e-07,1.0,1.0,1.0,1.4876966039955193,0.9800380052597295,99,1,0,nan,nan,nan,nan,0.0,0.0,,
full,lstm,CftsConfeti,78,0,0,6.661553000230497e-06,3.340072438856048e-07,1.0,1.0,1.0,1.4188795176787012,0.9760626794522522,99,1,0,nan,nan,nan,nan,0.0,0.0,,
full,lstm,CftsConfeti,79,1,0,155.3931494422416,8.897708286170817,0.496,0.0,0.0,1.4308535370298845,0.38363673851597085,0,0,100,0.0,0.7948052066159992,0.0,0.8541988607702089,0.0,0.0,0.0,0.0
full,lstm,CftsConfeti,80,1,0,151.26706134155052,8.847834519519918,0.523,0.0,0.0,1.4340812750619012,0.3632341369919879,0,0,100,0.0,0.7895615554002109,0.0,0.8530892587565393,0.0,0.0,0.0,0.0
full,lstm,CftsConfeti,81,1,0,169.06684954865568,10.044719969143683,0.521,0.0,0.0,1.4270248240837982,0.34477470401203103,0,0,100,0.0,0.7802077884804008,0.0,0.8377259738426758,0.0,0.0,0.0,0.0
full,lstm,CftsConfeti,82,1,0,171.22775105461864,9.553958619035946,0.49,0.0,0.0,1.408097807716644,0.3765973625335256,0,0,100,0.0,0.7816334813311737,0.0,0.8387895911953807,0.0,0.0,0.0,0.0
full,lstm,CftsConfeti,83,1,0,167.90981311015665,9.607766785966042,0.503,0.0,0.0,1.4613397520752183,0.3998457297713441,0,0,100,0.0,0.7928253922081903,0.0,0.8399186102990931,0.0,0.0,0.0,0.0
full,lstm,CftsConfeti,84,1,0,173.26219443351346,9.706814831071549,0.493,0.0,0.02,1.5023832144108684,0.358678551434957,0,0,100,0.0,0.7990135662939901,0.0,0.8301959463954895,0.0,0.0,0.0,0.0
full,lstm,CftsConfeti,85,0,0,5.65268093637725e-06,2.8681080984457373e-07,1.0,1.0,1.0,1.451679269472946,0.9738647719782789,99,1,0,nan,nan,nan,nan,0.0,0.0,,
full,lstm,CftsConfeti,86,0,0,5.619343232648143e-06,2.739909866143637e-07,1.0,1.0,1.0,1.4468871899320184,0.9993466087235772,99,1,0,nan,nan,nan,nan,0.0,0.0,,
full,lstm,CftsConfeti,87,0,0,5.40924002248892e-06,2.6099360990348274e-07,1.0,1.0,1.0,1.414460930959907,0.9912524303705578,99,1,0,nan,nan,nan,nan,0.0,0.0,,
full,lstm,CftsConfeti,88,1,0,152.98078536335547,9.013437474652333,0.511,0.0,0.0,1.474401870457512,0.40635757434934017,0,0,100,0.0,0.7929048600524675,0.0,0.8470772652213665,0.0,0.0,0.0,0.0
full,lstm,CftsConfeti,89,0,0,5.814530059240677e-06,2.973479784460501e-07,1.0,1.0,1.0,1.4484830602444387,0.9900789574228467,99,1,0,nan,nan,nan,nan,0.0,0.0,,
full,lstm,CftsConfeti,90,1,0,175.9924997966716,10.064255815332308,0.498,0.0,0.0,1.4802486410980922,0.37135656433181635,0,0,100,0.0,0.7895047781578023,0.0,0.834636998747979,0.0,0.0,0.0,0.0
full,lstm,CftsConfeti,91,0,0,5.099809170117792e-06,2.5142361514778554e-07,1.0,1.0,1.0,1.416621157307876,0.9793516346342207,99,1,0,nan,nan,nan,nan,0.0,0.0,,
full,lstm,CftsConfeti,92,1,0,165.9558159426021,9.358997626566504,0.481,0.0,0.0,1.3886791564462386,0.374300276912855,0,0,100,0.0,0.7895474804202293,0.0,0.8437308414314938,0.0,0.0,0.0,0.0
full,lstm,CftsConfeti,93,1,0,176.8167341643009,9.99679932757291,0.48,0.0,0.0,1.4110979127532626,0.35386852889792697,0,0,100,0.0,0.7958303460867581,0.0,0.8328818807498143,0.0,0.0,0.0,0.0
full,lstm,CftsConfeti,94,1,0,167.62322463467996,9.75705821741983,0.515,0.0,0.0,1.4101911861339413,0.3501894751433424,0,0,100,0.0,0.7760947252168431,0.0,0.8342016623970331,0.0,0.0,0.0,0.0
full,lstm,CftsConfeti,95,1,0,184.22793751818855,10.406009489163962,0.489,0.0,0.0,1.409420093940105,0.3274295646806746,0,0,100,0.0,0.7676194983712947,0.0,0.8168940317559377,0.0,0.0,0.0,0.0
full,lstm,CftsConfeti,96,0,0,5.348708811853467e-06,2.5857847858419573e-07,1.0,1.0,1.0,1.4503022044063618,0.9748302094449576,99,1,0,nan,nan,nan,nan,0.0,0.0,,
full,lstm,CftsConfeti,97,1,0,175.17586817393237,10.168630823725046,0.506,0.0,0.0,1.4977472801927785,0.3597209421280069,0,0,100,0.0,0.7918106458068512,0.0,0.8337968744315827,0.0,0.0,0.0,0.0
full,lstm,CftsConfeti,98,0,0,5.716292724935665e-06,2.915502032609861e-07,1.0,1.0,1.0,1.4386626061132382,0.9906299022365235,99,1,0,nan,nan,nan,nan,0.0,0.0,,
full,lstm,CftsConfeti,99,0,0,6.101563407360372e-06,3.181472105892201e-07,1.0,1.0,1.0,1.4553291533996582,0.9660356436981674,99,1,0,nan,nan,nan,nan,0.0,0.0,,
full,lstm,CftsCounts,0,0,0,240.40912535582498,10.172047109054855,0.003,0.0,0.0,1.4068011235002829,0.17260510111333965,0,0,100,0.0,0.903938807857512,0.0,0.7980041766190454,0.0,0.0,,
full,lstm,CftsCounts,1,0,0,280.13103466588893,11.561441369996114,0.0,0.0,0.0,1.3304586972087853,0.14296343655933202,0,0,100,0.0,0.8993951683199453,0.0,0.7582064853260035,0.0,0.0,,
full,lstm,CftsCounts,2,1,0,295.3662457512522,12.491961314642797,0.003,0.0,0.0,1.4735965913610052,0.13948304385658045,0,0,100,0.0,0.9009842407827291,0.0,0.7462743508733363,0.0,0.0,0.0,0.0
full,lstm,CftsCounts,3,0,0,287.84274903465837,12.348412293959413,0.002,0.0,0.0,1.5274486654699675,0.13035668834376313,0,0,100,0.0,0.9049516921095739,0.0,0.7642166442225801,0.0,0.0,,
full,lstm,CftsCounts,4,0,0,265.42090371346876,11.441115746704268,0.003,0.0,0.0,1.5069658721064816,0.12674654315941333,0,0,100,0.0,0.915461943715677,0.0,0.7717498723106951,0.0,0.0,,
full,lstm,CftsCounts,5,0,0,241.4988611937436,10.109674973029021,0.004,0.0,0.0,1.4261620011104585,0.14994536940204053,0,0,100,0.0,0.9052790075119183,0.0,0.7889684903414385,0.0,0.0,,
full,lstm,CftsCounts,6,0,0,225.20896642400714,9.37501536031017,0.003,0.0,0.0,1.3713037938790396,0.13579147513981352,0,0,100,0.0,0.9002007654410396,0.0,0.8032721107478283,0.0,0.0,,
full,lstm,CftsCounts,7,1,0,241.06516966416103,10.389798956553582,0.002,0.0,0.0,1.4661782255494746,0.10433289954533792,0,0,100,0.0,0.9248238743995821,0.0,0.7966530286137232,0.0,0.0,0.0,0.0
full,lstm,CftsCounts,8,0,0,283.2948358888568,11.828769677178869,0.002,0.0,0.0,1.485995554102039,0.1180935498822146,0,0,100,0.0,0.9193009154621077,0.0,0.7634726892435909,0.0,0.0,,
full,lstm,CftsCounts,9,0,0,302.84503527432986,13.233526020991395,0.001,0.0,0.0,1.4750207748053559,0.11796409139701745,0,0,100,0.0,0.917276707254457,0.0,0.7452982171042754,0.0,0.0,,
full,lstm,CftsCounts,10,0,0,242.24306341384082,9.814328115008628,0.003,0.0,0.0,1.3793357285487466,0.1892424059932592,0,0,100,0.0,0.8761063719114371,0.0,0.790164788082712,0.0,0.0,,
full,lstm,CftsCounts,11,0,0,257.7283895760064,10.986212483091277,0.0,0.0,0.0,1.4588924945259143,0.18873431038348432,0,0,100,0.0,0.8711173402313905,0.0,0.7805733979560409,0.0,0.0,,
full,lstm,CftsCounts,12,1,0,218.66985620166164,9.170959919754354,0.004,0.0,0.0,1.4343573218463999,0.08293719827074171,0,0,100,0.0,0.9407063070296157,0.0,0.8073836587743565,0.0,0.0,0.0,0.0
full,lstm,CftsCounts,13,0,0,287.6903113106028,12.453674467049405,0.003,0.0,0.0,1.4777579838145156,0.16153308888566287,0,0,100,0.0,0.8834021592209245,0.0,0.7532596458003386,0.0,0.0,,
full,lstm,CftsCounts,14,1,0,280.2028581771336,11.678416042197513,0.004,0.0,0.0,1.5151680631085358,0.1299507905756701,0,0,100,0.0,0.907187954426424,0.0,0.7609925410947177,0.0,0.0,0.0,0.0
full,lstm,CftsCounts,15,0,0,261.157668650704,11.02045263638584,0.005,0.0,0.0,1.5156755413893226,0.12890531309519324,0,0,100,0.0,0.9132055663712163,0.0,0.7826763521683816,0.0,0.0,,
full,lstm,CftsCounts,16,0,0,259.1363877630145,10.966298958538617,0.002,0.0,0.0,1.514204702513293,0.12996572054141897,0,0,100,0.0,0.9092370462520719,0.0,0.7726050753636452,0.0,0.0,,
full,lstm,CftsCounts,17,0,0,237.27146010538678,9.986222787206483,0.006,0.0,0.0,1.388966943817606,0.15246926049016865,0,0,100,0.0,0.8916281103531716,0.0,0.7960284200664338,0.0,0.0,,
full,lstm,CftsCounts,18,0,0,251.06951185655896,10.852206984707665,0.002,0.0,0.0,1.4438283015533089,0.10058611816138084,0,0,100,0.0,0.9246430496499439,0.0,0.7801138856273869,0.0,0.0,,
full,lstm,CftsCounts,19,0,0,245.42644988434148,10.195856081549227,0.003,0.0,0.0,1.439437160212194,0.11420260983930114,0,0,100,0.0,0.9280415148145433,0.0,0.7903760357406242,0.0,0.0,,
full,lstm,CftsCounts,20,0,0,255.16580067348306,10.73522967213039,0.001,0.0,0.0,1.4432229767352054,0.12425988821943384,0,0,100,0.0,0.9118500870101134,0.0,0.7774976879009079,0.0,0.0,,
full,lstm,CftsCounts,21,0,0,256.2487344647688,10.77832211205589,0.002,0.0,0.0,1.4182206000047775,0.14490674131541612,0,0,100,0.0,0.9034089902179087,0.0,0.7827322075505025,0.0,0.0,,
full,lstm,CftsCounts,22,1,0,234.26108687394813,9.95840021153217,0.001,0.0,0.0,1.4597693669636427,0.12482147108845762,0,0,100,0.0,0.9134445809829888,0.0,0.7935285951081014,0.0,0.0,0.0,0.0
full,lstm,CftsCounts,23,0,0,251.5595562923782,10.565647255352285,0.005,0.0,0.0,1.355105508037206,0.19545969191059234,0,0,100,0.0,0.8633066885441085,0.0,0.7818153818341652,0.0,0.0,,
full,lstm,CftsCounts,24,1,0,263.06248147175,11.359117526434414,0.003,0.0,0.0,1.5618158487544762,0.08067839595762817,0,0,100,0.0,0.9442777341221841,0.0,0.7715561459736281,0.0,0.0,0.0,0.0
full,lstm,CftsCounts,25,0,0,256.33248833768346,10.676298087369114,0.005,0.0,0.0,1.4768867354047088,0.10872852886783169,0,0,100,0.0,0.9259102088898329,0.0,0.779376143277209,0.0,0.0,,
full,lstm,CftsCounts,26,0,0,250.31724359235926,10.65573309278111,0.003,0.0,0.0,1.5472808166913106,0.12758167585486033,0,0,100,0.0,0.906927957065309,0.0,0.7872850911064352,0.0,0.0,,
full,lstm,CftsCounts,27,0,0,267.7026771281983,11.523114931682011,0.005,0.0,0.0,1.4342977900706209,0.16420565840709977,0,0,100,0.0,0.8904670913528737,0.0,0.7686760291242543,0.0,0.0,,
full,lstm,CftsCounts,28,0,0,246.53912126924385,10.43224892931172,0.002,0.0,0.0,1.5162424736662512,0.07175605308132943,0,0,100,0.0,0.951915214992672,0.0,0.7889657166781661,0.0,0.0,,
full,lstm,CftsCounts,29,0,0,245.61283729550794,10.14152007334868,0.003,0.0,0.0,1.3916536791207241,0.18922042760985236,0,0,100,0.0,0.8739685122759966,0.0,0.7832825737465993,0.0,0.0,,
full,lstm,CftsCounts,30,0,0,276.3546902814032,11.436758047991223,0.003,0.0,0.0,1.4839844105811217,0.1084974353300875,0,0,100,0.0,0.924673939026775,0.0,0.7634439919172257,0.0,0.0,,
full,lstm,CftsCounts,31,0,0,232.56364820487755,9.81532730133618,0.004,0.0,0.0,1.4189987646441231,0.13420032950862115,0,0,100,0.0,0.9079835667856488,0.0,0.7971605672644163,0.0,0.0,,
full,lstm,CftsCounts,32,0,0,231.59444263360547,9.768109001158757,0.004,0.0,0.0,1.5011090945836192,0.16574517937793481,0,0,100,0.0,0.8865699332651792,0.0,0.8010986451844769,0.0,0.0,,
full,lstm,CftsCounts,33,0,0,230.703186062948,9.917676241651751,0.005,0.0,0.0,1.437367327609839,0.10232139780973343,0,0,100,0.0,0.9255167498576207,0.0,0.7968701816845809,0.0,0.0,,
full,lstm,CftsCounts,34,1,0,237.29428554418587,10.222262284930606,0.003,0.0,0.0,1.4059285145203113,0.17301676833966542,0,0,100,0.0,0.8983304649014842,0.0,0.7966475016877119,0.0,0.0,0.0,0.0
full,lstm,CftsCounts,35,1,0,244.9045179851792,9.988583758658999,0.001,0.0,0.0,1.4119209894055413,0.09002116757403895,0,0,100,0.0,0.9397746206252355,0.0,0.7871741797713874,0.0,0.0,0.0,0.0
full,lstm,CftsCounts,36,0,0,237.90910704471324,10.119726230187974,0.005,0.0,0.0,1.3922649395946955,0.16887548806404934,0,0,100,0.0,0.8986054140666152,0.0,0.7913236548086351,0.0,0.0,,
full,lstm,CftsCounts,37,0,0,230.9386265800587,9.55784320349527,0.005,0.0,0.0,1.3932410981304135,0.14709854487713972,0,0,100,0.0,0.8960608665149477,0.0,0.7946683139696955,0.0,0.0,,
full,lstm,CftsCounts,38,1,0,258.8319471808918,10.83243224268407,0.005,0.0,0.0,1.4686011217759614,0.1498258095408552,0,0,100,0.0,0.8924097710412724,0.0,0.7783210801151142,0.0,0.0,0.0,0.0
full,lstm,CftsCounts,39,0,0,273.3750889665538,11.659093275848353,0.0,0.0,0.0,1.5021504246659136,0.08324802311059276,0,0,100,0.0,0.9459385566204117,0.0,0.767793934509873,0.0,0.0,,
full,lstm,CftsCounts,40,0,0,287.3394215670563,12.304301974270722,0.001,0.0,0.0,1.4784860214599935,0.15073124655370967,0,0,100,0.0,0.8959014303309091,0.0,0.7536664914042431,0.0,0.0,,
full,lstm,CftsCounts,41,0,0,245.1461480146621,10.4241168076899,0.003,0.0,0.0,1.4470140299952887,0.12310838244659943,0,0,100,0.0,0.9132907557509312,0.0,0.7910774990864435,0.0,0.0,,
full,lstm,CftsCounts,42,0,0,250.89571741667777,10.698568273196328,0.009,0.0,0.0,1.4204968203687154,0.13123730015555307,0,0,100,0.0,0.9007788828156786,0.0,0.7930219324049524,0.0,0.0,,
full,lstm,CftsCounts,43,1,0,250.06659832858296,10.49039397859682,0.001,0.0,0.0,1.5035618373860558,0.12258268340269371,0,0,100,0.0,0.911997230194556,0.0,0.7908674357190348,0.0,0.0,0.0,0.0
full,lstm,CftsCounts,44,0,0,286.4055964032759,12.264126275551394,0.005,0.0,0.0,1.52489801518448,0.14997959855666032,0,0,100,0.0,0.8944757176930938,0.0,0.7683582248730801,0.0,0.0,,
full,lstm,CftsCounts,45,0,0,269.74923078691404,11.333796149108766,0.005,0.0,0.0,1.3738165625934344,0.10154486286031195,0,0,100,0.0,0.9362733407605732,0.0,0.7736551521065399,0.0,0.0,,
full,lstm,CftsCounts,46,1,0,249.7850119889581,10.5588428603768,0.001,0.0,0.0,1.481500409519641,0.14278725319103777,0,0,100,0.0,0.8971822580391168,0.0,0.7847394669533794,0.0,0.0,0.0,0.0
full,lstm,CftsCounts,47,1,0,250.68497682002567,10.342881111698334,0.003,0.0,0.0,1.4399686421705322,0.10430767108478554,0,0,100,0.0,0.9287057499525124,0.0,0.7821260772799826,0.0,0.0,0.0,0.0
full,lstm,CftsCounts,48,1,0,248.95536946234736,10.431057207298824,0.0,0.0,0.0,1.3921569253392823,0.14220978516452235,0,0,100,0.0,0.9035302350536137,0.0,0.7853608817181146,0.0,0.0,0.0,0.0
full,lstm,CftsCounts,49,1,0,259.10814251052614,11.231761241771187,0.005,0.0,0.0,1.5337113779851936,0.11188720251562694,0,0,100,0.0,0.9241809669027744,0.0,0.7939627570863909,0.0,0.0,0.0,0.0
full,lstm,CftsCounts,50,1,0,214.30394265107034,8.959150579141285,0.005,0.0,0.0,1.4933716055769979,0.07906655183619751,0,0,100,0.0,0.9469132026265468,0.0,0.8098174403819998,0.0,0.0,0.0,0.0
full,lstm,CftsCounts,51,1,0,242.4477812280527,10.140826352268963,0.006,0.0,0.0,1.4379322312007152,0.1265806713235785,0,0,100,0.0,0.9063237918328144,0.0,0.7907631851936691,0.0,0.0,0.0,0.0
full,lstm,CftsCounts,52,0,0,282.1269142000584,11.98246954078259,0.004,0.0,0.0,1.4644279076827424,0.13403263787082792,0,0,100,0.0,0.9057859683897659,0.0,0.7576782413860821,0.0,0.0,,
full,lstm,CftsCounts,53,0,0,286.8659299841158,12.34599191141448,0.002,0.0,0.0,1.489451544369542,0.1523712802229861,0,0,100,0.0,0.8874490982482919,0.0,0.7507471591123256,0.0,0.0,,
full,lstm,CftsCounts,54,0,0,255.5454246510725,10.775028111592258,0.0,0.0,0.0,1.4287813083780652,0.11362393622311169,0,0,100,0.0,0.9199879170361873,0.0,0.7805358309043607,0.0,0.0,,
full,lstm,CftsCounts,55,0,0,266.57889519175706,11.13740042263516,0.002,0.0,0.0,1.4136347728783416,0.11309031479180595,0,0,100,0.0,0.9247615823703753,0.0,0.7772484497887621,0.0,0.0,,
full,lstm,CftsCounts,56,0,0,243.75155883954835,10.31818564534122,0.003,0.0,0.0,1.4145586355347792,0.16049042249958514,0,0,100,0.0,0.8912817115169688,0.0,0.7918963848773232,0.0,0.0,,
full,lstm,CftsCounts,57,1,0,265.60835132467355,11.24717561107046,0.005,0.0,0.0,1.3728366605023223,0.1309138270212919,0,0,100,0.0,0.9059004743305621,0.0,0.7734798627661563,0.0,0.0,0.0,0.0
full,lstm,CftsCounts,58,0,0,271.49831904556225,11.303571155902056,0.001,0.0,0.0,1.422448424850427,0.10920239606893446,0,0,100,0.0,0.9170903462496016,0.0,0.7680267795646709,0.0,0.0,,
full,lstm,CftsCounts,59,0,0,241.77757502101431,10.241512812292878,0.001,0.0,0.0,1.4154290111764474,0.1559555743382426,0,0,100,0.0,0.8923665405413429,0.0,0.7874648795061547,0.0,0.0,,
full,lstm,CftsCounts,60,0,0,228.94555152929482,9.775988714380789,0.002,0.0,0.0,1.3773045348223527,0.08784045210206809,0,0,100,0.0,0.9398056388094337,0.0,0.7959399891291604,0.0,0.0,,
full,lstm,CftsCounts,61,1,0,255.68724159040792,10.657247936839836,0.0,0.0,0.0,1.4824635263097912,0.1433443833502512,0,0,100,0.0,0.8956189921702196,0.0,0.7793154749068752,0.0,0.0,0.0,0.0
full,lstm,CftsCounts,62,1,0,241.74572762297043,10.287761438147832,0.001,0.0,0.0,1.4299881117445914,0.10787613228861422,0,0,100,0.0,0.9271152352897715,0.0,0.7876237115044059,0.0,0.0,0.0,0.0
full,lstm,CftsCounts,63,1,0,276.70458887382534,11.88854681714298,0.006,0.0,0.0,1.4424586387220069,0.1590537794983904,0,0,100,0.0,0.8752408305474362,0.0,0.7734122711711945,0.0,0.0,0.0,0.0
full,lstm,CftsCounts,64,0,0,252.39501296330917,10.420671341436758,0.001,0.0,0.0,1.3731063360527351,0.14707525428793572,0,0,100,0.0,0.8946386643043469,0.0,0.7802942752612253,0.0,0.0,,
full,lstm,CftsCounts,65,1,0,217.73303764152158,9.219983936147877,0.004,0.0,0.0,1.3921601300895665,0.16716724048741036,0,0,100,0.0,0.8897624718791648,0.0,0.8119031868340768,0.0,0.0,0.0,0.0
full,lstm,CftsCounts,66,1,0,260.3988731850477,11.438770798891147,0.001,0.0,0.0,1.4829011013861126,0.12418052104670249,0,0,100,0.0,0.9124738644855659,0.0,0.7712012836787936,0.0,0.0,0.0,0.0
full,lstm,CftsCounts,67,0,0,282.6877890278133,12.205982627878665,0.003,0.0,0.0,1.567744385045841,0.1316693967743595,0,0,100,0.0,0.910516467893528,0.0,0.7618987419209707,0.0,0.0,,
full,lstm,CftsCounts,68,0,0,293.5766898918311,12.468177325468663,0.005,0.0,0.0,1.475754802153782,0.15844869013576277,0,0,100,0.0,0.8913470661005293,0.0,0.7482198996113947,0.0,0.0,,
full,lstm,CftsCounts,69,0,0,239.32835933712636,10.161051962299858,0.004,0.0,0.0,1.5096598952051112,0.14859520103579715,0,0,100,0.0,0.8887529359880445,0.0,0.798207068954984,0.0,0.0,,
full,lstm,CftsCounts,70,0,0,264.5807207034586,11.59263876209921,0.005,0.0,0.0,1.556760858923863,0.12221353061188714,0,0,100,0.0,0.9175805562977546,0.0,0.7709258819079781,0.0,0.0,,
full,lstm,CftsCounts,71,0,0,262.1178626577398,11.04598431262509,0.001,0.0,0.0,1.431700270465687,0.0857261123613839,0,0,100,0.0,0.9453032264063358,0.0,0.7707571887288529,0.0,0.0,,
full,lstm,CftsCounts,72,0,0,268.45305381118925,11.648935539918396,0.001,0.0,0.0,1.545811571481199,0.11836031566916923,0,0,100,0.0,0.9147615074058998,0.0,0.7747014164921303,0.0,0.0,,
full,lstm,CftsCounts,73,1,0,221.57072461525524,9.507504561383316,0.002,0.0,0.0,1.4063243144680035,0.10969318646504995,0,0,100,0.0,0.9202309788430991,0.0,0.8077378838562987,0.0,0.0,0.0,0.0
full,lstm,CftsCounts,74,1,0,228.57274854723755,9.61288780829604,0.005,0.0,0.0,1.4534738045037359,0.12569901696591085,0,0,100,0.0,0.9089335005797828,0.0,0.7988739943926134,0.0,0.0,0.0,0.0
full,lstm,CftsCounts,75,1,0,257.9134640394235,11.074339062867931,0.005,0.0,0.0,1.4988615153440348,0.07657921480109209,0,0,100,0.0,0.9481369923160164,0.0,0.7780236492445096,0.0,0.0,0.0,0.0
full,lstm,CftsCounts,76,0,0,274.70519383425165,11.78420395700221,0.002,0.0,0.0,1.485906551238782,0.10463047095463446,0,0,100,0.0,0.9266767872005884,0.0,0.7622116599356401,0.0,0.0,,
full,lstm,CftsCounts,77,0,0,333.9499689707619,14.235158356120742,0.0,0.0,0.0,1.5738841927224816,0.14982810640743552,0,0,100,0.0,0.8958069834198755,0.0,0.7282347845509989,0.0,0.0,,
full,lstm,CftsCounts,78,1,0,264.26836852768764,11.183997146202172,0.002,0.0,0.0,1.3959179611960437,0.13384381947502982,0,0,100,0.0,0.9119421383719981,0.0,0.775873341901017,0.0,0.0,0.0,0.0
full,lstm,CftsCounts,79,0,0,252.12899395808762,10.423944965043614,0.001,0.0,0.0,1.4200798019486347,0.13785015822670768,0,0,100,0.0,0.9015572358706284,0.0,0.789050438742565,0.0,0.0,,
full,lstm,CftsCounts,80,1,0,227.4349268050822,9.65079756289294,0.005,0.0,0.0,1.5223789142552366,0.12185110458502434,0,0,100,0.0,0.9117836941179837,0.0,0.8007469869162174,0.0,0.0,0.0,0.0
full,lstm,CftsCounts,81,1,0,285.1253902335019,12.15939581604791,0.001,0.0,0.0,1.422000419519102,0.13033086915527625,0,0,100,0.0,0.9142803240951007,0.0,0.7619797615100109,0.0,0.0,0.0,0.0
full,lstm,CftsCounts,82,1,0,259.6059620770996,10.984062664829333,0.004,0.0,0.0,1.3412043954472186,0.11562372514477985,0,0,100,0.0,0.9179672813725823,0.0,0.7822731371910644,0.0,0.0,0.0,0.0
full,lstm,CftsCounts,83,1,0,253.53721405488204,10.764941491311948,0.002,0.0,0.0,1.4916776184518927,0.1118651577271144,0,0,100,0.0,0.9185360267918908,0.0,0.779917927046049,0.0,0.0,0.0,0.0
full,lstm,CftsCounts,84,0,0,255.17262606990545,10.60637249226281,0.003,0.0,0.0,1.479456414510048,0.1206604823771013,0,0,100,0.0,0.9225947087805506,0.0,0.780868819033876,0.0,0.0,,
full,lstm,CftsCounts,85,1,0,257.949114082704,10.767791661516206,0.003,0.0,0.0,1.4106512584428264,0.14885871257429809,0,0,100,0.0,0.8991519900265329,0.0,0.7762329867577508,0.0,0.0,0.0,0.0
full,lstm,CftsCounts,86,1,0,252.42505217594098,10.507859856529187,0.002,0.0,0.0,1.4854462515116373,0.10118224386654191,0,0,100,0.0,0.9285933249025681,0.0,0.7821895977882182,0.0,0.0,0.0,0.0
full,lstm,CftsCounts,87,0,0,226.27020490909578,9.535153149939296,0.001,0.0,0.0,1.461934102998834,0.1279168351029364,0,0,100,0.0,0.9019728565515331,0.0,0.7976012610510808,0.0,0.0,,
full,lstm,CftsCounts,88,0,0,238.23898187198512,9.927149220339254,0.003,0.0,0.0,1.4929807832471487,0.11688148878068295,0,0,100,0.0,0.9232092553314484,0.0,0.7895181255877269,0.0,0.0,,
full,lstm,CftsCounts,89,1,0,256.8294218234462,11.033549733763204,0.004,0.0,0.0,1.5498802875342867,0.08186593864765268,0,0,100,0.0,0.9385603949274283,0.0,0.7766037454674459,0.0,0.0,0.0,0.0
full,lstm,CftsCounts,90,0,0,277.52950049464204,11.573233635541444,0.001,0.0,0.0,1.4983336774558849,0.10549876178447815,0,0,100,0.0,0.9326263661035215,0.0,0.768619333293136,0.0,0.0,,
full,lstm,CftsCounts,91,0,0,224.65589099148823,9.568040246485536,0.004,0.0,0.0,1.4320777897537207,0.11703326151176316,0,0,100,0.0,0.9207874282052961,0.0,0.8003144549081675,0.0,0.0,,
full,lstm,CftsCounts,92,1,0,232.58240287755012,10.058468100095943,0.003,0.0,0.0,1.4673033716651895,0.1305084332572087,0,0,100,0.0,0.905140047873658,0.0,0.8030749324620139,0.0,0.0,0.0,0.0
full,lstm,CftsCounts,93,0,0,246.2785509330862,10.65852918773332,0.002,0.0,0.0,1.389753482707059,0.09051455760455575,0,0,100,0.0,0.9385921076541998,0.0,0.7863140057201498,0.0,0.0,,
full,lstm,CftsCounts,94,0,0,262.9714186576573,11.164104911022152,0.0,0.0,0.0,1.4520867032825564,0.1520377548367862,0,0,100,0.0,0.9022809239253424,0.0,0.7797810404581673,0.0,0.0,,
full,lstm,CftsCounts,95,1,0,264.9451266319337,11.22389721723981,0.004,0.0,0.0,1.4598808841460194,0.14700446982069448,0,0,100,0.0,0.8975292430668834,0.0,0.7715228750429832,0.0,0.0,0.0,0.0
full,lstm,CftsCounts,96,0,0,239.916204170136,10.03985135053316,0.002,0.0,0.0,1.5353926735828827,0.14663290316190516,0,0,100,0.0,0.8916468724068767,0.0,0.7987234805141182,0.0,0.0,,
full,lstm,CftsCounts,97,0,0,274.6211115312499,11.49997010808209,0.001,0.0,0.0,1.4837943214625826,0.1596378380194494,0,0,100,0.0,0.8829640548819611,0.0,0.7677051726200467,0.0,0.0,,
full,lstm,CftsCounts,98,0,0,263.85773790374355,11.122781481591092,0.004,0.0,0.0,1.4988768232635197,0.14265699057233938,0,0,100,0.0,0.8995586023211182,0.0,0.7832259018756573,0.0,0.0,,
full,lstm,CftsCounts,99,0,0,280.2475796697042,11.922811028928617,0.003,0.0,0.0,1.5006392990518245,0.11729968386221724,0,0,100,0.0,0.913179923908479,0.0,0.7672212382980342,0.0,0.0,,
full,lstm,CftsWachter,0,1,0,123.25382547132908,8.092082614805397,0.073,0.0,0.0,1.3894416979871065,0.6961867635075663,0,0,100,0.0,0.802180499309973,0.0,0.8840168655889533,0.0,0.0,0.0,0.0
full,lstm,CftsWachter,1,1,0,397.2653214809188,17.13074905370293,0.003,0.0,0.0,1.387970232266947,0.9711198650032973,0,0,100,0.0,0.7778199914478713,0.0,0.680777408541742,0.0,0.0,0.0,0.0
full,lstm,CftsWachter,2,1,0,305.4048271003668,14.48820682482941,0.008,0.0,0.0,1.4685633242832754,0.969105024044464,0,0,100,0.0,0.78761443820684,0.0,0.7388909723315625,0.0,0.0,0.0,0.0
full,lstm,CftsWachter,3,1,0,301.52294895456083,13.356819893856283,0.011,0.0,0.0,1.43094688225502,0.9800095137963203,0,0,100,0.0,0.7926939974973528,0.0,0.7501794322151293,0.0,0.0,0.0,0.0
full,lstm,CftsWachter,4,1,0,359.63669310951104,15.811315780514407,0.004,0.0,0.0,1.5040473764636226,0.9972259487512355,0,0,100,0.0,0.7615418873154399,0.0,0.70485157788672,0.0,0.0,0.0,0.0
full,lstm,CftsWachter,5,1,0,171.41268190520532,9.734691656398287,0.041,0.0,0.0,1.3591014115279465,0.6583994155656694,0,0,100,0.0,0.8263965695085527,0.0,0.8422488851492339,0.0,0.0,0.0,0.0
full,lstm,CftsWachter,6,1,0,331.92680895111744,14.814810042480028,0.002,0.0,0.0,1.3394304124978538,0.9702888336034317,0,0,100,0.0,0.808980484714151,0.0,0.724620309486248,0.0,0.0,0.0,0.0
full,lstm,CftsWachter,7,1,0,545.5751715153446,46.93749493226552,0.504,0.0,0.23,0.6651716427894295,0.15901374280001834,3,0,83,0.0,0.48589341515232015,0.0,0.5697829487396316,0.0,0.0,0.0,0.0
full,lstm,CftsWachter,8,1,0,403.06673871710166,16.684583451651754,0.003,0.0,0.0,1.4675435345144354,0.959595682343455,0,0,100,0.0,0.7689056267110917,0.0,0.6779172205448376,0.0,0.0,0.0,0.0
full,lstm,CftsWachter,9,1,0,349.6037478776085,15.678131935080138,0.01,0.0,0.0,1.3674422966769837,0.845786666145966,0,0,100,0.0,0.8022228389051718,0.0,0.7110156842090933,0.0,0.0,0.0,0.0
full,lstm,CftsWachter,10,0,0,666.7628173764797,50.953721084159966,0.595,0.0,0.35,0.6016582823001437,0.1103914193520641,18,0,70,0.0,0.3802454859310743,0.0,0.44342814317655965,0.0,0.0,,
full,lstm,CftsWachter,11,1,0,377.7650953484754,16.524446936384592,0.004,0.0,0.0,1.421300465910664,0.9839197445153038,0,0,100,0.0,0.777903324676474,0.0,0.6858605118725444,0.0,0.0,0.0,0.0
full,lstm,CftsWachter,12,1,0,272.2486622930006,12.736666797581112,0.01,0.0,0.0,1.3884438733791071,0.9775291545271437,0,0,100,0.0,0.7976069632551577,0.0,0.7781416296234415,0.0,0.0,0.0,0.0
full,lstm,CftsWachter,13,1,0,222.7635401383688,11.428786924854796,0.034,0.0,0.0,1.3341488223326303,0.6940175633225841,0,0,100,0.0,0.8148662542516429,0.0,0.8013056208989108,0.0,0.0,0.0,0.0
full,lstm,CftsWachter,14,1,0,411.04736131263735,17.539679957431602,0.004,0.0,0.0,1.4352178472361303,0.9620722482147916,0,0,100,0.0,0.7360886800026629,0.0,0.6660608129689506,0.0,0.0,0.0,0.0
full,lstm,CftsWachter,15,1,0,374.60864407960287,16.017170408899243,0.005,0.0,0.0,1.4350417093539531,0.9939661005356482,0,0,100,0.0,0.7637158690075214,0.0,0.6939712270127232,0.0,0.0,0.0,0.0
full,lstm,CftsWachter,16,0,0,387.7888864840086,16.362186817607043,0.006,0.0,0.0,1.479075488514432,0.9890490988920269,0,0,100,0.0,0.7451150001503912,0.0,0.6833629485541461,0.0,0.0,,
full,lstm,CftsWachter,17,1,0,157.20475780832714,9.20107595067534,0.052,0.0,0.0,1.4705410659643139,0.7148245958642074,0,0,100,0.0,0.8073325085910865,0.0,0.8555705297717866,0.0,0.0,0.0,0.0
full,lstm,CftsWachter,18,1,0,380.4974716657505,16.65838759644035,0.007,0.0,0.0,1.454915921061615,0.9704304509975248,0,0,100,0.0,0.7806985874348994,0.0,0.6933058499637673,0.0,0.0,0.0,0.0
full,lstm,CftsWachter,19,1,0,196.65795131159595,11.178597393339402,0.048,0.0,0.0,1.4841878918036329,0.6358288574163704,0,0,100,0.0,0.8228645679755973,0.0,0.8205512731210368,0.0,0.0,0.0,0.0
full,lstm,CftsWachter,20,1,0,394.2207125155125,16.80068417420515,0.009,0.0,0.0,1.3661059511659845,0.9743240689933335,0,0,100,0.0,0.7647750525352177,0.0,0.6794443401995857,0.0,0.0,0.0,0.0
full,lstm,CftsWachter,21,0,0,529.9955588117252,44.029996363960045,0.585,0.0,0.28,0.6493900105756772,0.13056418415489768,0,0,77,0.0,0.48919064377849336,0.0,0.5884826991200883,0.0,0.0,,
full,lstm,CftsWachter,22,0,0,501.4763758900748,42.05973098667405,0.501,0.0,0.22,0.5533146080943283,0.15045278319169064,4,0,84,0.0,0.5020627228090351,0.0,0.5930786375000472,0.0,0.0,,
full,lstm,CftsWachter,23,1,0,349.6734063157694,15.137203429200483,0.006,0.0,0.0,1.311040268236963,0.9953423189658902,0,0,100,0.0,0.7684239779940927,0.0,0.7171915884630969,0.0,0.0,0.0,0.0
full,lstm,CftsWachter,24,1,0,303.4749037408005,14.104840031801313,0.012,0.0,0.0,1.4446706325460332,0.8443728821829981,0,0,100,0.0,0.8137867463369185,0.0,0.7436775057878405,0.0,0.0,0.0,0.0
full,lstm,CftsWachter,25,1,0,346.5455969110802,14.654501019885853,0.004,0.0,0.0,1.3670879931611695,0.9386977418464452,0,0,100,0.0,0.8221645906732963,0.0,0.7192923997633586,0.0,0.0,0.0,0.0
full,lstm,CftsWachter,26,1,0,357.6317776344403,15.068500520331508,0.005,0.0,0.0,1.4930418441644986,0.9640509901366852,0,0,100,0.0,0.7661419872922929,0.0,0.7118526601065285,0.0,0.0,0.0,0.0
full,lstm,CftsWachter,27,1,0,308.6091656914294,14.553528177941043,0.01,0.0,0.0,1.4263884447621018,0.8576583198325614,0,0,100,0.0,0.800778979751804,0.0,0.7284377248024603,0.0,0.0,0.0,0.0
full,lstm,CftsWachter,28,1,0,382.2822020280667,16.135694235028026,0.002,0.0,0.0,1.5064429477457935,0.9882801496070888,0,0,100,0.0,0.8012420259126014,0.0,0.6989104871789602,0.0,0.0,0.0,0.0
full,lstm,CftsWachter,29,1,0,330.92518285993765,13.577249737795707,0.004,0.0,0.0,1.2969924950528275,0.9977703741087479,0,0,100,0.0,0.797043425699743,0.0,0.7309118703110883,0.0,0.0,0.0,0.0
full,lstm,CftsWachter,30,1,0,414.867633148467,18.069992675862682,0.006,0.0,0.0,1.5045575978069603,0.979239013199317,0,0,100,0.0,0.759756269295168,0.0,0.6759190774110186,0.0,0.0,0.0,0.0
full,lstm,CftsWachter,31,1,0,342.5065937800979,15.265374392104658,0.005,0.0,0.0,1.4124151874823343,0.8930114475592226,0,0,100,0.0,0.7602500256757757,0.0,0.7136237735582026,0.0,0.0,0.0,0.0
full,lstm,CftsWachter,32,1,0,380.7916431851059,16.086129959677496,0.002,0.0,0.0,1.450917937357108,0.9655754224794678,0,0,100,0.0,0.7619194162509756,0.0,0.6892181194951257,0.0,0.0,0.0,0.0
full,lstm,CftsWachter,33,0,0,305.7957443576581,13.689810039401248,0.014,0.0,0.0,1.4102104517357976,0.8892781117953272,0,0,100,0.0,0.7863048686789149,0.0,0.7403595584097838,0.0,0.0,,
full,lstm,CftsWachter,34,1,0,285.9453893443607,12.856792644021576,0.01,0.0,0.0,1.3804011757326557,0.9972791658269493,0,0,100,0.0,0.8226217123263949,0.0,0.7571956991494538,0.0,0.0,0.0,0.0
full,lstm,CftsWachter,35,1,0,360.98241901501126,15.272442363723837,0.001,0.0,0.0,1.467361381450848,0.9948314188636646,0,0,100,0.0,0.7708175343323646,0.0,0.7064891342464488,0.0,0.0,0.0,0.0
full,lstm,CftsWachter,36,0,0,561.3400976290004,46.75277919907028,0.632,0.0,0.36,0.7106572853297154,0.16328555985939028,0,0,69,0.0,0.47371623400242935,0.0,0.5703446814527819,0.0,0.0,,
full,lstm,CftsWachter,37,1,0,375.926218545515,16.012231297948183,0.006,0.0,0.0,1.364533673577969,0.9874362265442095,0,0,100,0.0,0.767458509370047,0.0,0.6881958390974032,0.0,0.0,0.0,0.0
full,lstm,CftsWachter,38,1,0,363.29513065125786,15.054452064487208,0.002,0.0,0.0,1.4537269899648189,0.9396670630086118,0,0,100,0.0,0.8037239586371581,0.0,0.7050772019135947,0.0,0.0,0.0,0.0
full,lstm,CftsWachter,39,1,0,376.22608823575933,15.780351870803292,0.003,0.0,0.0,1.4012671496720053,0.9555788545477981,0,0,100,0.0,0.7721954918706668,0.0,0.6988107029235144,0.0,0.0,0.0,0.0
full,lstm,CftsWachter,40,1,0,347.42175951865283,15.698164344009408,0.015,0.0,0.0,1.571312008429328,0.9880056237627897,0,0,100,0.0,0.7947611140909915,0.0,0.7067178090903571,0.0,0.0,0.0,0.0
full,lstm,CftsWachter,41,1,0,369.40425062969837,15.419273342784527,0.002,0.0,0.0,1.3347198854526017,0.9747126320522295,0,0,100,0.0,0.7804155221711658,0.0,0.694899917154,0.0,0.0,0.0,0.0
full,lstm,CftsWachter,42,1,0,380.5287902442458,16.002984010971087,0.002,0.0,0.0,1.4010009850637726,0.9701022818153998,0,0,100,0.0,0.7824351749530056,0.0,0.6880648756433664,0.0,0.0,0.0,0.0
full,lstm,CftsWachter,43,1,0,371.4106382212432,15.632154196657327,0.002,0.0,0.0,1.4695705902205651,0.9294430422025682,0,0,100,0.0,0.7787862095181619,0.0,0.7020953113001862,0.0,0.0,0.0,0.0
full,lstm,CftsWachter,44,1,0,402.6279508688302,17.80053092396975,0.005,0.0,0.0,1.4768928853939725,0.9593034168825999,0,0,100,0.0,0.7704417639745939,0.0,0.6803983874896972,0.0,0.0,0.0,0.0
full,lstm,CftsWachter,45,1,0,208.74122321654968,11.28194423940243,0.02,0.0,0.0,1.4625332560157942,0.7814020779321316,0,0,100,0.0,0.8141612520313479,0.0,0.8117105364175324,0.0,0.0,0.0,0.0
full,lstm,CftsWachter,46,1,0,260.4928645618758,12.740511674035194,0.019,0.0,0.0,1.3939083978306037,0.8104366341445548,0,0,100,0.0,0.7985803556995555,0.0,0.7705925497812803,0.0,0.0,0.0,0.0
full,lstm,CftsWachter,47,1,0,358.03997550595665,15.251381401725835,0.004,0.0,0.0,1.369189442929583,0.9544953654848772,0,0,100,0.0,0.7870424410881862,0.0,0.7017863612421822,0.0,0.0,0.0,0.0
full,lstm,CftsWachter,48,1,0,266.2679865568814,14.232729534702399,0.026,0.0,0.0,1.384953941785163,0.6806561313745041,0,0,100,0.0,0.8170546063131653,0.0,0.7705457059473305,0.0,0.0,0.0,0.0
full,lstm,CftsWachter,49,1,0,397.3123205302057,17.035348718762187,0.006,0.0,0.0,1.3940314507045113,0.9981993256578263,0,0,100,0.0,0.773766440676489,0.0,0.6920672557308339,0.0,0.0,0.0,0.0
full,lstm,CftsWachter,50,1,0,241.8337345280547,10.954348401594359,0.008,0.0,0.0,1.3517273676661734,0.9533803786982717,0,0,100,0.0,0.8233315681686613,0.0,0.7838404616179522,0.0,0.0,0.0,0.0
full,lstm,CftsWachter,51,1,0,300.4153146847911,14.17452482726527,0.012,0.0,0.0,1.374315844243796,0.9768738039797471,0,0,100,0.0,0.7917461335880798,0.0,0.7446576582564587,0.0,0.0,0.0,0.0
full,lstm,CftsWachter,52,1,0,363.60486597225565,15.815260142977527,0.006,0.0,0.0,1.4158844750269748,0.9856801042218074,0,0,100,0.0,0.8000979776097342,0.0,0.7020481553356346,0.0,0.0,0.0,0.0
full,lstm,CftsWachter,53,1,0,394.0296304100576,17.238832405989225,0.005,0.0,0.0,1.4644703486997566,0.965593317633769,0,0,100,0.0,0.7814270052057097,0.0,0.6778546033918049,0.0,0.0,0.0,0.0
full,lstm,CftsWachter,54,1,0,397.80833781327897,16.82545344959893,0.002,0.0,0.0,1.4766957401691947,0.9295294402487512,0,0,100,0.0,0.7755864617155508,0.0,0.677086836876468,0.0,0.0,0.0,0.0
full,lstm,CftsWachter,55,1,0,228.1713749247842,12.023512316805967,0.025,0.0,0.0,1.4552321310417606,0.7897768200375715,0,0,100,0.0,0.7946870278678257,0.0,0.7961550321180869,0.0,0.0,0.0,0.0
full,lstm,CftsWachter,56,1,0,379.213816517877,16.74544026208095,0.006,0.0,0.0,1.498104145131476,0.9816145745624291,0,0,100,0.0,0.7791612986473855,0.0,0.6866945964496411,0.0,0.0,0.0,0.0
full,lstm,CftsWachter,57,1,0,244.9228901719832,12.866862991509246,0.024,0.0,0.0,1.3442560325883006,0.7369533499228389,0,0,100,0.0,0.7797006460486966,0.0,0.7828229942015263,0.0,0.0,0.0,0.0
full,lstm,CftsWachter,58,1,0,387.65941470647084,16.521879471293058,0.004,0.0,0.0,1.4784177606395428,0.9751606081906763,0,0,100,0.0,0.7597021848824329,0.0,0.6833017650114083,0.0,0.0,0.0,0.0
full,lstm,CftsWachter,59,1,0,397.292104695864,16.813964703021856,0.003,0.0,0.0,1.3885557095368122,0.957774987561926,0,0,100,0.0,0.752613819861727,0.0,0.6810504717118253,0.0,0.0,0.0,0.0
full,lstm,CftsWachter,60,1,0,293.4201761278322,13.170650577443581,0.014,0.0,0.0,1.4001738340754535,0.9945179418918055,0,0,100,0.0,0.7869691718922285,0.0,0.7486755590061928,0.0,0.0,0.0,0.0
full,lstm,CftsWachter,61,1,0,310.9399355086043,13.27348398963443,0.003,0.0,0.0,1.3946418760974597,0.9880083270384984,0,0,100,0.0,0.7769318912023429,0.0,0.7443968694398135,0.0,0.0,0.0,0.0
full,lstm,CftsWachter,62,1,0,337.9107926426615,14.281111309143789,0.008,0.0,0.0,1.405928592583004,0.9551833871299638,0,0,100,0.0,0.7703070062428273,0.0,0.7203173368898305,0.0,0.0,0.0,0.0
full,lstm,CftsWachter,63,1,0,352.5343793306056,15.160464854419953,0.006,0.0,0.0,1.4179402766354257,0.911988446571033,0,0,100,0.0,0.8039209586154944,0.0,0.7137025867870114,0.0,0.0,0.0,0.0
full,lstm,CftsWachter,64,1,0,360.96249099437694,15.27590940224223,0.004,0.0,0.0,1.4273785549432059,0.9870050346661116,0,0,100,0.0,0.7500609831126595,0.0,0.7038555108110007,0.0,0.0,0.0,0.0
full,lstm,CftsWachter,65,1,0,366.08842901852825,15.423212456040867,0.004,0.0,0.0,1.3606997752104473,0.9417871523721912,0,0,100,0.0,0.7921341793958878,0.0,0.712131097518785,0.0,0.0,0.0,0.0
full,lstm,CftsWachter,66,1,0,234.04866222422922,11.635205009463856,0.028,0.0,0.0,1.3822668635465096,0.7589924954439022,0,0,100,0.0,0.7872883066366198,0.0,0.795965383888738,0.0,0.0,0.0,0.0
full,lstm,CftsWachter,67,1,0,434.1250799728029,18.189676067906177,0.003,0.0,0.0,1.50560689406089,0.9815869340595696,0,0,100,0.0,0.7572102573579176,0.0,0.6614162788544651,0.0,0.0,0.0,0.0
full,lstm,CftsWachter,68,0,0,287.1711168895377,30.347640787915463,0.608,0.0,0.37,0.9382509875317829,0.2344648616891695,17,0,68,0.0,0.5648430106791515,0.0,0.7075085058192245,0.0,0.0,,
full,lstm,CftsWachter,69,1,0,382.7913872276843,16.610980630467104,0.003,0.0,0.0,1.45741108729321,0.9871556884319964,0,0,100,0.0,0.7518043943892354,0.0,0.6923443912703517,0.0,0.0,0.0,0.0
full,lstm,CftsWachter,70,1,0,375.40000722834367,16.16487990482524,0.003,0.0,0.0,1.404107280470481,0.9517753373344396,0,0,100,0.0,0.7999823306968211,0.0,0.6993384659099674,0.0,0.0,0.0,0.0
full,lstm,CftsWachter,71,1,0,282.3499972005046,13.087360357246325,0.009,0.0,0.0,1.3630144548684386,0.9128279634615696,0,0,100,0.0,0.8140835789069111,0.0,0.7588236256149634,0.0,0.0,0.0,0.0
full,lstm,CftsWachter,72,0,0,407.02375663017824,17.466293514775078,0.002,0.0,0.0,1.541316673271216,0.9818506030499885,0,0,100,0.0,0.7344613158756318,0.0,0.6719929995878205,0.0,0.0,,
full,lstm,CftsWachter,73,1,0,210.17463211511705,10.424190381065864,0.018,0.0,0.0,1.3669424568656607,0.8890877743827098,0,0,100,0.0,0.8290883628196315,0.0,0.812688131588171,0.0,0.0,0.0,0.0
full,lstm,CftsWachter,74,0,0,226.52231724409427,10.99612573111827,0.016,0.0,0.0,1.4460060951578384,0.796599936892505,0,0,100,0.0,0.8099064544974506,0.0,0.7979868513916298,0.0,0.0,,
full,lstm,CftsWachter,75,1,0,380.76250638005786,15.986238043785844,0.005,0.0,0.0,1.4417913799691517,0.9696278375581892,0,0,100,0.0,0.7705304977453438,0.0,0.6895780492872852,0.0,0.0,0.0,0.0
full,lstm,CftsWachter,76,1,0,186.1814943731191,9.96247356598411,0.036,0.0,0.0,1.5105263403201497,0.7417578176251969,0,0,100,0.0,0.8140471654645557,0.0,0.8307921591099424,0.0,0.0,0.0,0.0
full,lstm,CftsWachter,77,1,0,422.4638751487362,20.45450382167674,0.016,0.0,0.0,1.5597791566276873,0.762497767917274,0,0,100,0.0,0.7750610419065702,0.0,0.6717483909571318,0.0,0.0,0.0,0.0
full,lstm,CftsWachter,78,0,0,269.76037036575525,13.72261350912305,0.019,0.0,0.0,1.4019179869682878,0.7678814638163206,0,0,100,0.0,0.8074419015728622,0.0,0.7675443134568765,0.0,0.0,,
full,lstm,CftsWachter,79,1,0,203.96378019584418,10.830919674690763,0.029,0.0,0.0,1.401587825969984,0.6747103329522255,0,0,100,0.0,0.7988552079459476,0.0,0.818291295881081,0.0,0.0,0.0,0.0
full,lstm,CftsWachter,80,1,0,284.67110327852373,14.148904443589563,0.008,0.0,0.0,1.4205419228547074,0.7405384285953495,0,0,100,0.0,0.7887397311776111,0.0,0.758553784385185,0.0,0.0,0.0,0.0
full,lstm,CftsWachter,81,1,0,830.0412345311385,56.07317940935617,0.54,0.0,0.28,0.47088480542669153,0.12035863835848103,0,0,81,0.0,0.3609570955536018,0.0,0.4354669048611105,0.0,0.0,0.0,0.0
full,lstm,CftsWachter,82,1,0,386.68371432254503,16.43280511311747,0.002,0.0,0.0,1.2742629142984256,0.9743016103772688,0,0,100,0.0,0.7460683076505722,0.0,0.6834208265100014,0.0,0.0,0.0,0.0
full,lstm,CftsWachter,83,1,0,353.7294412325091,15.1238373864869,0.006,0.0,0.0,1.479377998372652,0.9526522785943671,0,0,100,0.0,0.7792615420331045,0.0,0.7082895866834342,0.0,0.0,0.0,0.0
full,lstm,CftsWachter,84,1,0,382.1198430402284,15.89901389143554,0.006,0.0,0.0,1.4046677770209905,0.9948257206731157,0,0,100,0.0,0.7591007034327364,0.0,0.6873610996915531,0.0,0.0,0.0,0.0
full,lstm,CftsWachter,85,1,0,438.3642448156032,18.28859757962757,0.002,0.0,0.0,1.3925370330005746,0.9783418971507912,0,0,100,0.0,0.7483521542743737,0.0,0.6536854862566595,0.0,0.0,0.0,0.0
full,lstm,CftsWachter,86,1,0,228.8584592161376,10.726982250833887,0.017,0.0,0.0,1.3210261171861442,0.8398913146176518,0,0,100,0.0,0.8109358433896251,0.0,0.7967102170992107,0.0,0.0,0.0,0.0
full,lstm,CftsWachter,87,1,0,395.5211234102011,16.549290397119414,0.001,0.0,0.0,1.3405882221705978,0.9923019705396273,0,0,100,0.0,0.7504084123290957,0.0,0.6766298836765947,0.0,0.0,0.0,0.0
full,lstm,CftsWachter,88,1,0,254.1907183176895,11.62807886583242,0.014,0.0,0.0,1.396113965869366,0.9310680839944174,0,0,100,0.0,0.786099181114397,0.0,0.781837942456766,0.0,0.0,0.0,0.0
full,lstm,CftsWachter,89,1,0,218.8479071607253,11.951598888585071,0.028,0.0,0.0,1.4926903945793244,0.7306656292087538,0,0,100,0.0,0.8139627391019635,0.0,0.7973269161677329,0.0,0.0,0.0,0.0
full,lstm,CftsWachter,90,1,0,405.6497982494385,17.18039633119459,0.004,0.0,0.0,1.559921805177873,0.956605257379002,0,0,100,0.0,0.7618123069967357,0.0,0.680707023095689,0.0,0.0,0.0,0.0
full,lstm,CftsWachter,91,1,0,298.86790725126286,14.078707842146688,0.01,0.0,0.0,1.4981235451203496,0.8508388701651212,0,0,100,0.0,0.8012802257296107,0.0,0.7483059560846427,0.0,0.0,0.0,0.0
full,lstm,CftsWachter,92,1,0,230.77311703370535,12.780511328778582,0.021,0.0,0.0,1.3544579643582133,0.7521648136074139,0,0,100,0.0,0.8133367881622972,0.0,0.7931002760756303,0.0,0.0,0.0,0.0
full,lstm,CftsWachter,93,1,0,379.65724911904726,16.855130354317826,0.005,0.0,0.0,1.4586189240715708,0.9431343490246372,0,0,100,0.0,0.7474131424453142,0.0,0.6978728908837917,0.0,0.0,0.0,0.0
full,lstm,CftsWachter,94,1,0,334.48171667771976,14.764969316820306,0.007,0.0,0.0,1.511948914477098,0.9872419801896406,0,0,100,0.0,0.7976908345126588,0.0,0.7225239194539419,0.0,0.0,0.0,0.0
full,lstm,CftsWachter,95,1,0,303.9882894798677,14.822478875540618,0.018,0.0,0.0,1.4539645505348535,0.8357247469895865,0,0,100,0.0,0.7917821797842717,0.0,0.7433853223389048,0.0,0.0,0.0,0.0
full,lstm,CftsWachter,96,1,0,340.1291892777954,14.452067519388246,0.001,0.0,0.0,1.3380053714516922,0.9100218275161379,0,0,100,0.0,0.8048282180522851,0.0,0.7250693803559642,0.0,0.0,0.0,0.0
full,lstm,CftsWachter,97,1,0,315.0802332191382,14.745411949959637,0.014,0.0,0.0,1.5116481104537847,0.8728695623530563,0,0,100,0.0,0.8050622389476126,0.0,0.7384497045034984,0.0,0.0,0.0,0.0
full,lstm,CftsWachter,98,1,0,402.43296679832764,18.59166118539068,0.005,0.0,0.0,1.4706302333428078,0.963935717275904,0,0,100,0.0,0.7767784867154927,0.0,0.689767666735003,0.0,0.0,0.0,0.0
full,lstm,CftsWachter,99,1,0,373.98529174990296,16.257386420901614,0.003,0.0,0.0,1.5122465453509488,0.9468368914509419,0,0,100,0.0,0.8018852455781714,0.0,0.7043916776379235,0.0,0.0,0.0,0.0
full,lstm,NoiselessSCMRecourse,0,1,0,188.82697551209802,9.445763467342024,0.254,0.0,0.25,1.1772594944570371,0.23133365848682175,25,0,75,1.0,0.9999999973564317,0.0,0.7773504374985614,1.0,0.0,1.0,0.0
full,lstm,NoiselessSCMRecourse,1,1,0,205.3323622858488,10.247413742634357,0.255,0.0,0.25,1.2349774976157732,0.2615026415758622,25,0,75,1.0,0.9999999962086014,0.0,0.7605509207687663,1.0,0.0,1.0,0.0
full,lstm,NoiselessSCMRecourse,2,1,0,221.07161146100088,11.062530378952331,0.255,0.0,0.25,1.530002382710628,0.2563310839712553,25,0,75,1.0,0.9999999940312176,0.0,0.7447549664247622,1.0,0.0,1.0,0.0
full,lstm,NoiselessSCMRecourse,3,1,0,219.7803510221871,10.84152961040985,0.254,0.0,0.25,1.4643487711884529,0.24226357340215032,25,0,75,1.0,0.9999999978881524,0.0,0.7461489928099758,1.0,0.0,1.0,0.0
full,lstm,NoiselessSCMRecourse,4,1,0,189.98063402489942,9.576280564035024,0.251,0.0,0.25,1.5154772826739573,0.2517821410952547,25,0,75,1.0,0.9999999907456859,0.0,0.7763029085473455,1.0,0.0,1.0,0.0
full,lstm,NoiselessSCMRecourse,5,1,0,188.7844105317109,9.317094043578892,0.254,0.0,0.25,1.4058971834367828,0.24821278131616448,25,0,75,1.0,0.9999999970268528,0.0,0.777472584928275,1.0,0.0,1.0,0.0
full,lstm,NoiselessSCMRecourse,6,1,0,189.69304319437532,9.113133232499553,0.252,0.0,0.25,1.268596949005875,0.23882120846851312,25,0,75,1.0,0.9999999943900898,0.0,0.7765513544817667,1.0,0.0,1.0,0.0
full,lstm,NoiselessSCMRecourse,7,1,0,175.43675593134168,8.727281543732976,0.254,0.0,0.25,1.3371510025221094,0.21733398538413443,25,0,75,1.0,0.9999999922169236,0.0,0.7914175240514111,1.0,0.0,1.0,0.0
full,lstm,NoiselessSCMRecourse,8,1,0,196.3705461259718,9.481142661697826,0.252,0.0,0.25,1.4293158298995767,0.22170377509024236,25,0,75,1.0,0.9999999918574811,0.0,0.7698267763472803,1.0,0.0,1.0,0.0
full,lstm,NoiselessSCMRecourse,9,1,0,251.59513656948488,12.564924662150114,0.251,0.0,0.25,1.4666369088507618,0.2553066106952127,25,0,75,1.0,0.9999999988204152,0.0,0.7151769206239657,1.0,0.0,1.0,0.0
full,lstm,NoiselessSCMRecourse,10,1,0,186.81041469038811,8.890820920435448,0.252,0.0,0.25,1.3614925743743387,0.24877744761967505,25,0,75,1.0,0.9999999959565973,0.0,0.7795443893146005,1.0,0.0,1.0,0.0
full,lstm,NoiselessSCMRecourse,11,1,0,207.1265351183324,10.136547755646642,0.255,0.0,0.25,1.3537035490519191,0.2692383782930154,25,0,75,1.0,0.9999999961863101,0.0,0.7587461322452004,1.0,0.0,1.0,0.0
full,lstm,NoiselessSCMRecourse,12,1,0,167.5636319245891,8.22644282569474,0.255,0.0,0.25,1.4288043001788724,0.23469024969844712,25,0,75,1.0,0.9999999937721592,0.0,0.7998778652895275,1.0,0.0,1.0,0.0
full,lstm,NoiselessSCMRecourse,13,1,0,240.8741281972791,11.888666170574751,0.252,0.0,0.25,1.4267078074109705,0.23398767171773907,25,0,75,1.0,0.999999996971286,0.0,0.7252128885983262,1.0,0.0,1.0,0.0
full,lstm,NoiselessSCMRecourse,14,1,0,194.52122073877766,9.66125137054616,0.252,0.0,0.25,1.5229866628888835,0.23780175242949386,25,0,75,1.0,0.999999995108456,0.0,0.7715897693733984,1.0,0.0,1.0,0.0
full,lstm,NoiselessSCMRecourse,15,1,0,203.57801930388598,10.02135698326033,0.252,0.0,0.25,1.482748297385645,0.2430132150870799,25,0,75,1.0,0.999999999351078,0.0,0.7621577381659612,1.0,0.0,1.0,0.0
full,lstm,NoiselessSCMRecourse,16,1,0,183.26260370959562,9.14304313637558,0.254,0.0,0.25,1.4990954261508456,0.24038392074257373,25,0,75,1.0,0.9999999941338834,0.0,0.7833866671687092,1.0,0.0,1.0,0.0
full,lstm,NoiselessSCMRecourse,17,1,0,182.73146516115204,8.987362710900474,0.255,0.0,0.25,1.3058083722712044,0.23880462209497363,25,0,75,1.0,0.9999999955893002,0.0,0.7838416044213933,1.0,0.0,1.0,0.0
full,lstm,NoiselessSCMRecourse,18,1,0,187.2925945550838,9.666318873237275,0.253,0.0,0.25,1.4448610021745618,0.2565693742374777,25,0,75,1.0,0.9999999956568013,0.0,0.7790874676141036,1.0,0.0,1.0,0.0
full,lstm,NoiselessSCMRecourse,19,1,0,161.7011798673913,7.850443826303706,0.257,0.0,0.25,1.5516164626513556,0.2385472926814428,25,0,75,1.0,0.9999999968614922,0.0,0.8061091840853306,1.0,0.0,1.0,0.0
full,lstm,NoiselessSCMRecourse,20,1,0,205.53607920531636,10.234026372934943,0.254,0.0,0.25,1.4113010091815426,0.26021600658320077,25,0,75,1.0,0.9999999936902855,0.0,0.7603687891483982,1.0,0.0,1.0,0.0
full,lstm,NoiselessSCMRecourse,21,1,0,199.18092864909525,9.62868440319622,0.256,0.0,0.25,1.4558899312329374,0.2312671186764907,25,0,75,1.0,0.9999999965229426,0.0,0.7666320691994045,1.0,0.0,1.0,0.0
full,lstm,NoiselessSCMRecourse,22,1,0,182.76380550661554,9.181564195978032,0.255,0.0,0.25,1.389553706584863,0.23439917910565636,25,0,75,1.0,0.9999999961186011,0.0,0.7838532745466904,1.0,0.0,1.0,0.0
full,lstm,NoiselessSCMRecourse,23,1,0,203.17281041995082,9.743112640317802,0.254,0.0,0.25,1.159818733570689,0.25859780949347366,25,0,75,1.0,0.9999999957394066,0.0,0.7628359916836914,1.0,0.0,1.0,0.0
full,lstm,NoiselessSCMRecourse,24,1,0,208.78663661312157,10.62738802827236,0.252,0.0,0.25,1.561266984788337,0.24496304037234956,25,0,75,1.0,0.9999999976830376,0.0,0.7570518070901178,1.0,0.0,1.0,0.0
full,lstm,NoiselessSCMRecourse,25,1,0,195.39048997199768,9.530789080673149,0.253,0.0,0.25,1.4065736815512997,0.25480235547940255,25,0,75,1.0,0.9999999923439028,0.0,0.7707163449619194,1.0,0.0,1.0,0.0
full,lstm,NoiselessSCMRecourse,26,1,0,185.302125168997,9.14362910577488,0.253,0.0,0.25,1.5069352908045444,0.2395073116460681,25,0,75,1.0,0.9999999959347805,0.0,0.7810461389372239,1.0,0.0,1.0,0.0
full,lstm,NoiselessSCMRecourse,27,1,0,199.65404291812473,9.730373685601903,0.254,0.0,0.25,1.3709387666984727,0.22523233063542134,25,0,75,1.0,0.9999999917947486,0.0,0.7662849987470538,1.0,0.0,1.0,0.0
full,lstm,NoiselessSCMRecourse,28,1,0,183.85615244827255,8.931100522848855,0.253,0.0,0.25,1.464627379458672,0.2421407906908322,25,0,75,1.0,0.9999999962512839,0.0,0.7825382051609223,1.0,0.0,1.0,0.0
full,lstm,NoiselessSCMRecourse,29,1,0,198.0257996099481,9.521861078035075,0.251,0.0,0.25,1.3035072480186005,0.24900355414286113,25,0,75,1.0,0.9999999880695184,0.0,0.7679665469668956,1.0,0.0,1.0,0.0
full,lstm,NoiselessSCMRecourse,30,1,0,201.30470993638934,9.66067043019643,0.253,0.0,0.25,1.4597460428462137,0.2664160815317122,25,0,75,1.0,0.9999999955084641,0.0,0.7644340678684162,1.0,0.0,1.0,0.0
full,lstm,NoiselessSCMRecourse,31,1,0,207.5934383650357,9.914969126136013,0.255,0.0,0.25,1.2671198582754155,0.2414843727054083,25,0,75,1.0,0.99999999796655,0.0,0.758248162019495,1.0,0.0,1.0,0.0
full,lstm,NoiselessSCMRecourse,32,1,0,168.3331151255972,8.102136845794233,0.254,0.0,0.25,1.4478696309268164,0.26059554486486003,25,0,75,1.0,0.9999999948085623,0.0,0.7991582724822099,1.0,0.0,1.0,0.0
full,lstm,NoiselessSCMRecourse,33,1,0,182.25154658382203,8.997434592697271,0.255,0.0,0.25,1.4068309195385222,0.23022448367135118,25,0,75,1.0,0.9999999963169035,0.0,0.7842422733957997,1.0,0.0,1.0,0.0
full,lstm,NoiselessSCMRecourse,34,1,0,183.09073789840653,9.0179477631117,0.253,0.0,0.25,1.3585352644303992,0.23343503050954656,25,0,75,1.0,0.9999999951472824,0.0,0.7834755033423808,1.0,0.0,1.0,0.0
full,lstm,NoiselessSCMRecourse,35,1,0,179.13728474737871,8.596098332919125,0.251,0.0,0.25,1.3716570266049535,0.27223538477090387,25,0,75,1.0,0.9999999954745283,0.0,0.7876029540489112,1.0,0.0,1.0,0.0
full,lstm,NoiselessSCMRecourse,36,1,0,168.97369152353411,8.182505419001426,0.256,0.0,0.25,1.4155686172196535,0.23989042451413456,25,0,75,1.0,0.999999993528359,0.0,0.7982766855055223,1.0,0.0,1.0,0.0
full,lstm,NoiselessSCMRecourse,37,1,0,169.71306616779202,8.28084377711804,0.255,0.0,0.25,1.4677213011693226,0.2691097170728219,25,0,75,1.0,0.9999999966722865,0.0,0.7975335516975691,1.0,0.0,1.0,0.0
full,lstm,NoiselessSCMRecourse,38,1,0,193.19520511593103,9.297852281038734,0.252,0.0,0.25,1.336287599751481,0.23637358613685475,25,0,75,1.0,0.9999999923628764,0.0,0.7730208945098962,1.0,0.0,1.0,0.0
full,lstm,NoiselessSCMRecourse,39,1,0,186.09968882918247,9.111621089444057,0.253,0.0,0.25,1.501754731054185,0.265153859620985,25,0,75,1.0,0.9999999957656222,0.0,0.7803619085130122,1.0,0.0,1.0,0.0
full,lstm,NoiselessSCMRecourse,40,1,0,217.35870488971779,10.632761019486981,0.252,0.0,0.25,1.4429131801451893,0.25466398288016956,25,0,75,1.0,0.9999999952752403,0.0,0.748500766972643,1.0,0.0,1.0,0.0
full,lstm,NoiselessSCMRecourse,41,1,0,185.35513102392764,9.228678127318634,0.257,0.0,0.25,1.4349290493392706,0.2408352996921455,25,0,75,1.0,0.9999999957493113,0.0,0.7809986588689699,1.0,0.0,1.0,0.0
full,lstm,NoiselessSCMRecourse,42,1,0,177.6455723100724,8.759508602350868,0.254,0.0,0.25,1.3104299523172718,0.2624632046316606,25,0,75,1.0,0.9999999962007906,0.0,0.7891667886451417,1.0,0.0,1.0,0.0
full,lstm,NoiselessSCMRecourse,43,1,0,186.07819559595606,8.876863747682815,0.252,0.0,0.25,1.3361233857842532,0.2602542827270976,25,0,75,1.0,0.9999999961895185,0.0,0.7802571174727125,1.0,0.0,1.0,0.0
full,lstm,NoiselessSCMRecourse,44,1,0,204.75581971457706,10.189180020882143,0.251,0.0,0.25,1.4949126396236172,0.23913129039260175,25,0,75,1.0,0.9999999969657029,0.0,0.7611302339129618,1.0,0.0,1.0,0.0
full,lstm,NoiselessSCMRecourse,45,1,0,187.66209897260558,9.284081922480322,0.252,0.0,0.25,1.2937277617774023,0.2392060958805132,25,0,75,1.0,0.999999995038545,0.0,0.7786388172903149,1.0,0.0,1.0,0.0
full,lstm,NoiselessSCMRecourse,46,1,0,191.6793184355117,9.532729751181908,0.252,0.0,0.25,1.379391821524806,0.2278744979850352,25,0,75,1.0,0.9999999940783314,0.0,0.7744896888199194,1.0,0.0,1.0,0.0
full,lstm,NoiselessSCMRecourse,47,1,0,176.32327517697485,8.502128747017098,0.255,0.0,0.25,1.3999978494892034,0.26208521858144196,25,0,75,1.0,0.9999999941703024,0.0,0.7905311415645864,1.0,0.0,1.0,0.0
full,lstm,NoiselessSCMRecourse,48,1,0,189.9119079440119,9.466418805207441,0.254,0.0,0.25,1.3027656656618392,0.27026385790310037,25,0,75,1.0,0.9999999974758578,0.0,0.7763117330638476,1.0,0.0,1.0,0.0
full,lstm,NoiselessSCMRecourse,49,1,0,180.67221787705256,8.957992778780667,0.252,0.0,0.25,1.404826837781597,0.24852255382862073,25,0,75,1.0,0.9999999972190808,0.0,0.7858919406060314,1.0,0.0,1.0,0.0
full,lstm,NoiselessSCMRecourse,50,1,0,156.61328444883006,7.51766847286251,0.253,0.0,0.25,1.4569481993876188,0.2497347742681604,25,0,75,1.0,0.9999999970622957,0.0,0.8115786914895868,1.0,0.0,1.0,0.0
full,lstm,NoiselessSCMRecourse,51,1,0,202.89348919517334,9.62448430550484,0.256,0.0,0.25,1.3025280679034381,0.24532482815910978,25,0,75,1.0,0.9999999973729791,0.0,0.7630871380492478,1.0,0.0,1.0,0.0
full,lstm,NoiselessSCMRecourse,52,1,0,212.32127833676932,10.64749180086123,0.253,0.0,0.25,1.407851304763574,0.26143017575452226,25,0,75,1.0,0.9999999947950227,0.0,0.753464202180977,1.0,0.0,1.0,0.0
full,lstm,NoiselessSCMRecourse,53,1,0,243.0231234201911,11.717876521261765,0.253,0.0,0.25,1.4645641779593557,0.2546117911123155,25,0,75,1.0,0.9999999920059537,0.0,0.7233870912057543,1.0,0.0,1.0,0.0
full,lstm,NoiselessSCMRecourse,54,1,0,186.87610818703453,9.077295994206146,0.256,0.0,0.25,1.381773214781506,0.23483775421914663,25,0,75,1.0,0.999999995015202,0.0,0.7795517138536265,1.0,0.0,1.0,0.0
full,lstm,NoiselessSCMRecourse,55,1,0,194.69460442251255,9.614303025080087,0.252,0.0,0.25,1.4461220850103236,0.2131969936389517,25,0,75,1.0,0.9999999964345394,0.0,0.7712181359661379,1.0,0.0,1.0,0.0
full,lstm,NoiselessSCMRecourse,56,1,0,187.32164302725567,9.257128402627968,0.251,0.0,0.25,1.40060961613719,0.25251410490620335,25,0,75,1.0,0.999999997954642,0.0,0.778949786113198,1.0,0.0,1.0,0.0
full,lstm,NoiselessSCMRecourse,57,1,0,202.92169434077988,9.771711423621607,0.251,0.0,0.25,1.327472321703911,0.2694840778302739,25,0,75,1.0,0.999999996307781,0.0,0.763003307386142,1.0,0.0,1.0,0.0
full,lstm,NoiselessSCMRecourse,58,1,0,184.22475480004118,9.081655339945502,0.253,0.0,0.25,1.431538882528041,0.25104244350489996,25,0,75,1.0,0.9999999950635189,0.0,0.7821224148015388,1.0,0.0,1.0,0.0
full,lstm,NoiselessSCMRecourse,59,1,0,190.034569603601,9.462357609312551,0.255,0.0,0.25,1.3456869620060201,0.2587189817153376,25,0,75,1.0,0.9999999954021296,0.0,0.7763125286798451,1.0,0.0,1.0,0.0
full,lstm,NoiselessSCMRecourse,60,1,0,157.1098478625546,7.591918346130073,0.255,0.0,0.25,1.301462527008105,0.2641016693853708,25,0,75,1.0,0.9999999959952065,0.0,0.8111617926856272,1.0,0.0,1.0,0.0
full,lstm,NoiselessSCMRecourse,61,1,0,194.15854138667527,9.375717564722008,0.253,0.0,0.25,1.3750597345699833,0.23294069496054068,25,0,75,1.0,0.9999999924289311,0.0,0.7720435999585286,1.0,0.0,1.0,0.0
full,lstm,NoiselessSCMRecourse,62,1,0,178.90251130031442,8.723481251322413,0.256,0.0,0.25,1.3403128316837427,0.24612129963024665,25,0,75,1.0,0.999999996255615,0.0,0.7878205708720136,1.0,0.0,1.0,0.0
full,lstm,NoiselessSCMRecourse,63,1,0,206.76583950483712,10.284107118223623,0.256,0.0,0.25,1.4370191120551903,0.22730599355936051,25,0,75,1.0,0.9999999972350567,0.0,0.7591706326265145,1.0,0.0,1.0,0.0
full,lstm,NoiselessSCMRecourse,64,1,0,196.13827148312322,9.60727007075109,0.254,0.0,0.25,1.3379744702160665,0.25276165710803616,25,0,75,1.0,0.9999999964458948,0.0,0.7699589826463207,1.0,0.0,1.0,0.0
full,lstm,NoiselessSCMRecourse,65,1,0,172.01854972788897,8.146488893847918,0.253,0.0,0.25,1.145480381030483,0.27373340770316895,25,0,75,1.0,0.9999999969338818,0.0,0.7951275705833036,1.0,0.0,1.0,0.0
full,lstm,NoiselessSCMRecourse,66,1,0,214.9779949059988,11.089397811739088,0.256,0.0,0.25,1.445176016382195,0.24162067679571803,25,0,75,1.0,0.999999994037485,0.0,0.7509582451546452,1.0,0.0,1.0,0.0
full,lstm,NoiselessSCMRecourse,67,1,0,196.59711673268882,9.994724233082081,0.253,0.0,0.25,1.448346868686968,0.2472986895217317,25,0,75,1.0,0.9999999921044395,0.0,0.7693685480668541,1.0,0.0,1.0,0.0
full,lstm,NoiselessSCMRecourse,68,1,0,216.85099728400792,10.845621351786528,0.251,0.0,0.25,1.4831070922368885,0.2460732224417261,25,0,75,1.0,0.9999999949685126,0.0,0.7487743363840392,1.0,0.0,1.0,0.0
full,lstm,NoiselessSCMRecourse,69,1,0,174.01130138103147,8.609027499373678,0.253,0.0,0.25,1.4409811493759475,0.2684541864078601,25,0,75,1.0,0.9999999919388899,0.0,0.793061626981804,1.0,0.0,1.0,0.0
full,lstm,NoiselessSCMRecourse,70,1,0,217.71206868329466,11.05456296680204,0.251,0.0,0.25,1.5137329852270518,0.2455135500061858,25,0,75,1.0,0.999999995790395,0.0,0.7481911617982396,1.0,0.0,1.0,0.0
full,lstm,NoiselessSCMRecourse,71,1,0,190.61765738674106,9.199280881465544,0.253,0.0,0.25,1.3994801784760864,0.25878220041963257,25,0,75,1.0,0.9999999928965568,0.0,0.77570628191208,1.0,0.0,1.0,0.0
full,lstm,NoiselessSCMRecourse,72,1,0,170.49226466962597,8.517718163774562,0.252,0.0,0.25,1.4318365709702339,0.22455552302248402,25,0,75,1.0,0.9999999923580294,0.0,0.7966471887639349,1.0,0.0,1.0,0.0
full,lstm,NoiselessSCMRecourse,73,1,0,175.6104424196131,8.663768659877762,0.253,0.0,0.25,1.3033104500928694,0.26607706450245033,25,0,75,1.0,0.9999999972237059,0.0,0.7912294798862209,1.0,0.0,1.0,0.0
full,lstm,NoiselessSCMRecourse,74,1,0,184.89562645919264,8.960310005799416,0.254,0.0,0.25,1.3589015698976887,0.23817734907808094,25,0,75,1.0,0.9999999983730186,0.0,0.78145239337883,1.0,0.0,1.0,0.0
full,lstm,NoiselessSCMRecourse,75,1,0,183.7978341311149,8.997824314861669,0.253,0.0,0.25,1.4973039452303782,0.2730881409549108,25,0,75,1.0,0.9999999960577547,0.0,0.7826626056007235,1.0,0.0,1.0,0.0
full,lstm,NoiselessSCMRecourse,76,1,0,216.0545664703066,10.637858313436773,0.251,0.0,0.25,1.5489085061741743,0.24417482169933366,25,0,75,1.0,0.9999999957411098,0.0,0.7497364344277611,1.0,0.0,1.0,0.0
full,lstm,NoiselessSCMRecourse,77,1,0,204.19928401173127,10.071213485876335,0.254,0.0,0.25,1.4590957303067262,0.2614176638978649,25,0,75,1.0,0.999999988507829,0.0,0.7615944972041803,1.0,0.0,1.0,0.0
full,lstm,NoiselessSCMRecourse,78,1,0,218.0761389418287,10.572893430896592,0.253,0.0,0.25,1.2101363302513353,0.2608796402028154,25,0,75,1.0,0.9999999962632701,0.0,0.7476333734705511,1.0,0.0,1.0,0.0
full,lstm,NoiselessSCMRecourse,79,1,0,171.74485434743332,8.476211299563321,0.257,0.0,0.25,1.426890588554907,0.261205412651072,25,0,75,1.0,0.9999999950121634,0.0,0.7953270812557401,1.0,0.0,1.0,0.0
full,lstm,NoiselessSCMRecourse,80,1,0,163.28480298152698,8.093825460620861,0.256,0.0,0.25,1.4394360423263557,0.2467302914754436,25,0,75,1.0,0.9999999957973893,0.0,0.8044488223884871,1.0,0.0,1.0,0.0
full,lstm,NoiselessSCMRecourse,81,1,0,218.74631049672485,11.003841959344784,0.252,0.0,0.25,1.4156881202195628,0.24245620045018193,25,0,75,1.0,0.9999999946957349,0.0,0.7469783871924456,1.0,0.0,1.0,0.0
full,lstm,NoiselessSCMRecourse,82,1,0,213.815680235078,10.102161951332144,0.251,0.0,0.25,1.2362860476034374,0.25783759283428265,25,0,75,1.0,0.9999999979095181,0.0,0.7520012463327936,1.0,0.0,1.0,0.0
full,lstm,NoiselessSCMRecourse,83,1,0,192.66209592466325,9.283470341707869,0.252,0.0,0.25,1.460098683073814,0.2726464255875052,25,0,75,1.0,0.9999999940644657,0.0,0.7735125737872879,1.0,0.0,1.0,0.0
full,lstm,NoiselessSCMRecourse,84,1,0,195.3665746394972,9.296441298172335,0.254,0.0,0.25,1.4480749141974296,0.2459972245804901,25,0,75,1.0,0.9999999982933285,0.0,0.7707717562336097,1.0,0.0,1.0,0.0
full,lstm,NoiselessSCMRecourse,85,1,0,185.1267877734108,9.381944782462424,0.255,0.0,0.25,1.4485455071126379,0.23927890570232357,25,0,75,1.0,0.999999995587834,0.0,0.7812318505356216,1.0,0.0,1.0,0.0
full,lstm,NoiselessSCMRecourse,86,1,0,194.90808478969507,9.493548665821585,0.252,0.0,0.25,1.46283459783643,0.23909585786697932,25,0,75,1.0,0.9999999972845455,0.0,0.7710032565534745,1.0,0.0,1.0,0.0
full,lstm,NoiselessSCMRecourse,87,1,0,178.53290287537584,8.628244724317781,0.255,0.0,0.25,1.3717790978106252,0.27363136255058484,25,0,75,1.0,0.9999999943871508,0.0,0.7882332461630968,1.0,0.0,1.0,0.0
full,lstm,NoiselessSCMRecourse,88,1,0,173.46122230336175,8.291194848271962,0.255,0.0,0.25,1.4177484044302242,0.24362477067762886,25,0,75,1.0,0.9999999928904958,0.0,0.7936660475767798,1.0,0.0,1.0,0.0
full,lstm,NoiselessSCMRecourse,89,1,0,200.4221174487957,10.122703224844862,0.253,0.0,0.25,1.5691882602304836,0.23442209513622514,25,0,75,1.0,0.9999999969444167,0.0,0.7654063942560514,1.0,0.0,1.0,0.0
full,lstm,NoiselessSCMRecourse,90,1,0,188.85937293818526,9.298049130625296,0.253,0.0,0.25,1.5141179082896037,0.2535458596190486,25,0,75,1.0,0.9999999963001975,0.0,0.7773044087045548,1.0,0.0,1.0,0.0
full,lstm,NoiselessSCMRecourse,91,1,0,175.53090484425806,8.781879081463721,0.254,0.0,0.25,1.401246654206657,0.2507552242553813,25,0,75,1.0,0.999999997735811,0.0,0.791407920793131,1.0,0.0,1.0,0.0
full,lstm,NoiselessSCMRecourse,92,1,0,182.9099963119773,9.042595266040767,0.253,0.0,0.25,1.2003387968653145,0.25137234933498276,25,0,75,1.0,0.9999999953660779,0.0,0.7835683064812138,1.0,0.0,1.0,0.0
full,lstm,NoiselessSCMRecourse,93,1,0,190.9295410178809,9.488244561433385,0.253,0.0,0.25,1.3201985991169993,0.2554826822546284,25,0,75,1.0,0.9999999945155909,0.0,0.7753232087688434,1.0,0.0,1.0,0.0
full,lstm,NoiselessSCMRecourse,94,1,0,189.66865033506406,9.445818083424342,0.251,0.0,0.25,1.3383313190424948,0.22290160853183472,25,0,75,1.0,0.9999999953477506,0.0,0.7767009616062635,1.0,0.0,1.0,0.0
full,lstm,NoiselessSCMRecourse,95,1,0,207.219299812595,10.287253992166475,0.258,0.0,0.25,1.3448486750438478,0.27935389654451565,25,0,75,1.0,0.9999999953082708,0.0,0.758780293396399,1.0,0.0,1.0,0.0
full,lstm,NoiselessSCMRecourse,96,1,0,188.71839994507914,8.986766644430737,0.251,0.0,0.25,1.3403913843064579,0.22403823702126624,25,0,75,1.0,0.9999999935010642,0.0,0.7774682348976211,1.0,0.0,1.0,0.0
full,lstm,NoiselessSCMRecourse,97,1,0,188.1781174836969,9.498618718108197,0.253,0.0,0.25,1.5062143849618765,0.2631111087565373,25,0,75,1.0,0.9999999942222352,0.0,0.7782045355577397,1.0,0.0,1.0,0.0
full,lstm,NoiselessSCMRecourse,98,1,0,175.53919224938798,8.590002937809835,0.253,0.0,0.25,1.3956455520214723,0.25527601836916813,25,0,75,1.0,0.9999999969363144,0.0,0.7914266011934855,1.0,0.0,1.0,0.0
full,lstm,NoiselessSCMRecourse,99,1,0,198.90917544549245,10.136837774332575,0.256,0.0,0.25,1.5255248166368653,0.2510481816648057,25,0,75,1.0,0.9999999956206725,0.0,0.7670216409487618,1.0,0.0,1.0,0.0
full,lstm,PearlSCMRecourse,0,1,0,832.1341113678208,78.3974683668734,0.504,0.0,0.5,1.727850035400175,0.6256240763699753,50,0,1,0.0,0.7693758018315685,1.0,0.9999998511493071,0.0,1.0,0.0,1.0
full,lstm,PearlSCMRecourse,1,1,0,3351.6282943543565,311.5574672551289,0.5,0.0,0.5,1.7206361220904192,0.3022884947436978,50,0,1,0.0,0.7681221891366927,1.0,0.9999992338155577,0.0,1.0,0.0,1.0
full,lstm,PearlSCMRecourse,2,1,0,1215.704323365624,114.47205732307224,0.501,0.0,0.5,1.7278574510412115,0.5322957024859796,50,0,1,0.0,0.7455887278551727,1.0,0.9999995163589228,0.0,1.0,0.0,1.0
full,lstm,PearlSCMRecourse,3,0,1,2460.759655115084,241.5105106287936,0.5,0.0,0.5,1.7174615278784335,0.36826615230282544,50,0,1,0.0,0.7584966326516481,1.0,0.9999991445431606,0.0,0.0,,
full,lstm,PearlSCMRecourse,4,1,0,1557.817278591052,145.8770438358277,0.5,0.0,0.5,1.7291408891141151,0.47197012535015237,50,0,1,0.0,0.7955038906100028,1.0,0.9999994610210581,0.0,1.0,0.0,1.0
full,lstm,PearlSCMRecourse,5,0,1,1507.473232615322,144.37847964757967,0.5,0.0,0.5,1.7358656064638238,0.45532592231601154,50,0,1,0.0,0.7815463383108029,1.0,0.9999993611523708,0.0,0.0,,
full,lstm,PearlSCMRecourse,6,1,0,4588.826345882061,436.4247030261729,0.5,0.0,0.5,1.7248372289542973,0.23366851945537342,50,0,1,0.0,0.7887145889207451,1.0,0.999998913440759,0.0,1.0,0.0,1.0
full,lstm,PearlSCMRecourse,7,1,0,2527.5791680344178,237.27801930681215,0.5,0.0,0.5,1.7285076747451404,0.3569211053891904,50,0,1,0.0,0.784975543430104,1.0,0.9999991036650465,0.0,1.0,0.0,1.0
full,lstm,PearlSCMRecourse,8,1,0,197.68328576580151,18.59341665745337,0.505,0.0,0.5,1.7278606077917604,0.8790975729817221,50,0,1,0.0,0.7645800947648274,1.0,0.9999999160624665,0.0,1.0,0.0,1.0
full,lstm,PearlSCMRecourse,9,1,0,3501.4385121788564,329.7321421848284,0.5,0.0,0.5,1.7279011359474163,0.2786413411242316,50,0,1,0.0,0.7157301613901708,1.0,0.9999984082240262,0.0,1.0,0.0,1.0
full,lstm,PearlSCMRecourse,10,0,1,2094.386213872073,196.29598932412418,0.504,0.0,0.5,1.7243837258741095,0.38676217164110693,50,0,1,0.0,0.7826861516196996,1.0,0.9999993424683862,0.0,0.0,,
full,lstm,PearlSCMRecourse,11,1,0,1064.4578839642193,100.25738459863085,0.5,0.0,0.5,1.7279489405421993,0.5473401640220363,50,0,1,0.0,0.7820561683515979,1.0,0.999999768575235,0.0,1.0,0.0,1.0
full,lstm,PearlSCMRecourse,12,1,0,678.8739867229716,63.97509050610782,0.5,0.0,0.5,1.7276936506959777,0.6851695750867765,50,0,1,0.0,0.8031653117894753,1.0,0.999999800158334,0.0,1.0,0.0,1.0
full,lstm,PearlSCMRecourse,13,1,0,5201.151179867362,489.348541962413,0.5,0.0,0.5,1.7279971420463507,0.20852389009190767,50,0,1,0.0,0.7235961486451765,1.0,0.9999984637509465,0.0,1.0,0.0,1.0
full,lstm,PearlSCMRecourse,14,1,0,1864.9249365978715,175.189992221588,0.5,0.0,0.5,1.7286456444833775,0.42815218984357095,50,0,1,0.0,0.7880357330291899,1.0,0.999999246092885,0.0,1.0,0.0,1.0
full,lstm,PearlSCMRecourse,15,1,0,1230.1019216947934,116.01260622460843,0.5,0.0,0.5,1.7276024983420022,0.5395317357903076,50,0,1,0.0,0.7824102122308172,1.0,0.9999993183996921,0.0,1.0,0.0,1.0
full,lstm,PearlSCMRecourse,16,1,0,412.28886491085973,38.85229004489659,0.502,0.0,0.5,1.7278203513303605,0.7672063378161348,50,0,1,0.0,0.7860529028767307,1.0,0.9999997900849736,0.0,1.0,0.0,1.0
full,lstm,PearlSCMRecourse,17,0,1,2140.441911096522,197.42765480739095,0.5,0.0,0.5,1.7270231318062614,0.39492298546570825,50,0,1,0.0,0.7951193947271653,1.0,0.9999992079192225,0.0,0.0,,
full,lstm,PearlSCMRecourse,18,0,1,1002.7573510711932,97.07878284741702,0.269,0.0,0.25,1.6880013401606706,0.6146918781693302,25,0,1,0.0,0.7790874529642561,1.0,0.9999997957128925,0.0,0.0,,
full,lstm,PearlSCMRecourse,19,1,0,319.0155641748163,29.992511944603162,0.504,0.0,0.5,1.7278716074729856,0.8333504637320208,50,0,1,0.0,0.8071833359167968,1.0,0.9999998637087718,0.0,1.0,0.0,1.0
full,lstm,PearlSCMRecourse,20,0,1,3416.8180489714414,324.17777116026633,0.5,0.0,0.5,1.7138399706955125,0.3022156023272346,50,0,1,0.0,0.758215277966378,1.0,0.9999986742903448,0.0,0.0,,
full,lstm,PearlSCMRecourse,21,0,1,3022.555939519761,282.9950786184195,0.5,0.0,0.5,1.7161087608409626,0.28664174182750946,50,0,1,0.0,0.7686526580722667,1.0,0.9999988829841812,0.0,0.0,,
full,lstm,PearlSCMRecourse,22,1,0,1259.6856430608418,118.61682414318165,0.5,0.0,0.5,1.7280541309856465,0.5268063029627834,50,0,1,0.0,0.7744823588843951,1.0,0.9999996794613719,0.0,1.0,0.0,1.0
full,lstm,PearlSCMRecourse,23,0,1,5212.503331071922,490.72004204531214,0.504,0.0,0.5,1.723268748255702,0.21408384853909432,50,0,1,0.0,0.77225542140512,1.0,0.9999990071008795,0.0,0.0,,
full,lstm,PearlSCMRecourse,24,0,1,2681.612063037261,234.589634792516,0.5,0.0,0.5,1.7362857608976028,0.30485449827317795,50,0,1,0.0,0.7809483239491236,1.0,0.999999303022444,0.0,0.0,,
full,lstm,PearlSCMRecourse,25,1,0,3178.339867566675,300.34711420823686,0.5,0.0,0.5,1.7270323623609916,0.3018063285079393,50,0,1,0.0,0.7604016850097716,1.0,0.9999987221842213,0.0,1.0,0.0,1.0
full,lstm,PearlSCMRecourse,26,1,0,429.1006221982509,40.3795922354019,0.5,0.0,0.5,1.7275821655414079,0.7525021563338337,50,0,1,0.0,0.7913665044589862,1.0,0.9999998187042873,0.0,1.0,0.0,1.0
full,lstm,PearlSCMRecourse,27,1,0,5407.635777838354,509.51167889301314,0.5,0.0,0.5,1.7246724006734615,0.2078963984213757,50,0,1,0.0,0.7509618516300659,1.0,0.9999985316962149,0.0,1.0,0.0,1.0
full,lstm,PearlSCMRecourse,28,0,1,3625.0350152972396,342.65932571318604,0.5,0.0,0.5,1.7002822244504971,0.2958084943173612,50,0,1,0.0,0.8109552043444745,1.0,0.9999983741579838,0.0,0.0,,
full,lstm,PearlSCMRecourse,29,1,0,2546.806190440183,242.99178022932185,0.5,0.0,0.5,1.722154025507561,0.3540237708116136,50,0,1,0.0,0.7815064104679966,1.0,0.9999988677831018,0.0,1.0,0.0,1.0
full,lstm,PearlSCMRecourse,30,1,0,286.5438737652927,26.985033362674972,0.505,0.0,0.5,1.7279033516482647,0.8035862636976969,50,0,1,0.0,0.7706083423063286,1.0,0.9999998940778739,0.0,1.0,0.0,1.0
full,lstm,PearlSCMRecourse,31,0,1,3052.4147152531496,291.39755385300913,0.5,0.0,0.5,1.7197552238211646,0.3189284932879755,50,0,1,0.0,0.7570284464953525,1.0,0.999998778126448,0.0,0.0,,
full,lstm,PearlSCMRecourse,32,1,0,2051.242470782979,192.07863402237092,0.5,0.0,0.5,1.7292696263998986,0.4010167392344917,50,0,1,0.0,0.8027262109812564,1.0,0.9999993219578718,0.0,1.0,0.0,1.0
full,lstm,PearlSCMRecourse,33,1,0,273.9751547510784,25.807343714288876,0.504,0.0,0.5,1.7278339381697718,0.8586840192083455,50,0,1,0.0,0.7822889586041077,1.0,0.9999998655540765,0.0,1.0,0.0,1.0
full,lstm,PearlSCMRecourse,34,1,0,1057.3212294684076,99.63791724350473,0.5,0.0,0.5,1.7277874646321545,0.5704810623638139,50,0,1,0.0,0.7881466663176813,1.0,0.999999551512104,0.0,1.0,0.0,1.0
full,lstm,PearlSCMRecourse,35,1,0,1223.1516337677688,114.98438127946494,0.5,0.0,0.5,1.728597690561497,0.5293506243796525,50,0,1,0.0,0.7869567526227487,1.0,0.999999599968267,0.0,1.0,0.0,1.0
full,lstm,PearlSCMRecourse,36,1,0,712.8530741187527,67.060646831743,0.5,0.0,0.5,1.7281984265880188,0.6712867075895625,50,0,1,0.0,0.804897334427785,1.0,0.999999752256447,0.0,1.0,0.0,1.0
full,lstm,PearlSCMRecourse,37,1,0,1761.4575595158242,166.15188419692413,0.5,0.0,0.5,1.7274209891366379,0.4429925248578155,50,0,1,0.0,0.8056173207702106,1.0,0.9999995619818337,0.0,1.0,0.0,1.0
full,lstm,PearlSCMRecourse,38,0,1,2380.605080681018,215.03799361327947,0.5,0.0,0.5,1.7214329585043304,0.304920504467367,50,0,1,0.0,0.7912690564800571,1.0,0.9999991941113138,0.0,0.0,,
full,lstm,PearlSCMRecourse,39,0,1,3514.2144372344133,337.7515767771428,0.501,0.0,0.5,1.7087029047223845,0.29609343840078245,50,0,1,0.0,0.7733870768499777,1.0,0.9999991217742982,0.0,0.0,,
full,lstm,PearlSCMRecourse,40,0,1,3801.302129579106,356.03810823998555,0.5,0.0,0.5,1.699177797518818,0.26641760842334267,50,0,1,0.0,0.7669397205204607,1.0,0.9999985859488769,0.0,0.0,,
full,lstm,PearlSCMRecourse,41,1,0,1049.711352539826,98.6100493175783,0.5,0.0,0.5,1.7283912819423015,0.5586482113124741,50,0,1,0.0,0.7733165967406539,1.0,0.9999996290967691,0.0,1.0,0.0,1.0
full,lstm,PearlSCMRecourse,42,1,0,3426.290965033688,322.5783388443888,0.5,0.0,0.5,1.7279979209748393,0.2820653672827738,50,0,1,0.0,0.7907949515577914,1.0,0.9999985968556032,0.0,1.0,0.0,1.0
full,lstm,PearlSCMRecourse,43,0,1,3274.0513988408206,310.3461226099081,0.5,0.0,0.5,1.7144036518047434,0.3167943991754888,50,0,1,0.0,0.7664545394604616,1.0,0.9999980993416571,0.0,0.0,,
full,lstm,PearlSCMRecourse,44,0,1,3328.670042439603,323.5732046345971,0.502,0.0,0.5,1.6893638436669138,0.29196935654132095,50,0,1,0.0,0.7447677668528583,1.0,0.9999986341151074,0.0,0.0,,
full,lstm,PearlSCMRecourse,45,0,1,2048.381806869434,184.17871026086442,0.5,0.0,0.5,1.728779297010554,0.3506236706833116,50,0,1,0.0,0.7739666511188735,1.0,0.9999990235517646,0.0,0.0,,
full,lstm,PearlSCMRecourse,46,1,0,4218.625064514359,396.9437322271807,0.5,0.0,0.5,1.728280444816073,0.24607108005501174,50,0,1,0.0,0.7859464025204986,1.0,0.9999985532246957,0.0,1.0,0.0,1.0
full,lstm,PearlSCMRecourse,47,0,1,1949.0825721908216,178.989347405834,0.504,0.0,0.5,1.7328505419959086,0.3895658058745041,50,0,1,0.0,0.8124178621528815,1.0,0.9999992068321697,0.0,0.0,,
full,lstm,PearlSCMRecourse,48,0,1,2447.4948190827904,223.7887475428364,0.5,0.0,0.5,1.7008272385168306,0.3231836428138041,50,0,1,0.0,0.7585848588986173,1.0,0.9999993491587578,0.0,0.0,,
full,lstm,PearlSCMRecourse,49,1,0,1456.0836210904738,136.03766396506705,0.504,0.0,0.5,1.730117202139692,0.4840477171725312,50,0,1,0.0,0.7952207567250743,1.0,0.9999995171161364,0.0,1.0,0.0,1.0
full,lstm,PearlSCMRecourse,50,0,1,4528.724646087329,438.0139028701637,0.5,0.0,0.5,1.7252022408455088,0.24894088509440956,50,0,1,0.0,0.8072946457270398,1.0,0.9999981131537492,0.0,0.0,,
full,lstm,PearlSCMRecourse,51,1,0,3917.1432452756876,371.2557535724892,0.5,0.0,0.5,1.7266468282283611,0.2598709803068573,50,0,1,0.0,0.772309974967008,1.0,0.9999988017864905,0.0,1.0,0.0,1.0
full,lstm,PearlSCMRecourse,52,0,1,3364.018298524996,316.60356196340234,0.5,0.0,0.5,1.7196913117418184,0.28747678378330527,50,0,1,0.0,0.7549057049077538,1.0,0.999998836479019,0.0,0.0,,
full,lstm,PearlSCMRecourse,53,0,1,2658.8795017812254,260.3026962309273,0.5,0.0,0.5,1.6859837694650794,0.33947716122834826,50,0,1,0.0,0.7226511322035313,1.0,0.9999990186046475,0.0,0.0,,
full,lstm,PearlSCMRecourse,54,1,0,4594.227454026711,430.50910039529276,0.5,0.0,0.5,1.7292589153912228,0.22826272959764027,50,0,1,0.0,0.7752310263265494,1.0,0.9999984843616836,0.0,1.0,0.0,1.0
full,lstm,PearlSCMRecourse,55,1,0,723.9387913881136,68.32652047184683,0.5,0.0,0.5,1.7272125807749052,0.6486105967575849,50,0,1,0.0,0.7989873549113854,1.0,0.9999997364022509,0.0,1.0,0.0,1.0
full,lstm,PearlSCMRecourse,56,1,0,4649.114620730061,437.65423730355826,0.5,0.0,0.5,1.7261145863683867,0.23019873948332423,50,0,1,0.0,0.786408359250194,1.0,0.9999984934793359,0.0,1.0,0.0,1.0
full,lstm,PearlSCMRecourse,57,0,1,3677.4700866855637,346.2065355619922,0.504,0.0,0.5,1.7217030698924636,0.2706652481644162,50,0,1,0.0,0.7709251222074972,1.0,0.9999981007663065,0.0,0.0,,
full,lstm,PearlSCMRecourse,58,1,0,1407.9179901691755,132.4710205835297,0.5,0.0,0.5,1.7281808815964625,0.4967491524180795,50,0,1,0.0,0.779486735266017,1.0,0.9999996277112868,0.0,1.0,0.0,1.0
full,lstm,PearlSCMRecourse,59,1,0,4186.304386543014,393.31891718642436,0.5,0.0,0.5,1.72637812696141,0.24344601507200753,50,0,1,0.0,0.7672851226914716,1.0,0.9999986082798796,0.0,1.0,0.0,1.0
full,lstm,PearlSCMRecourse,60,0,1,1489.7414076496555,130.16849268553,0.5,0.0,0.5,1.7285920942862374,0.4158225071012171,50,0,1,0.0,0.8020377854373052,1.0,0.9999994612603805,0.0,0.0,,
full,lstm,PearlSCMRecourse,61,1,0,1780.4370378178342,166.86432412080984,0.5,0.0,0.5,1.7292724646334898,0.4378900654741559,50,0,1,0.0,0.800140007474236,1.0,0.9999995029989016,0.0,1.0,0.0,1.0
full,lstm,PearlSCMRecourse,62,0,1,4316.481900521155,410.74348818611134,0.5,0.0,0.5,1.7259241855054426,0.24444354882725303,50,0,1,0.0,0.7993246622863031,1.0,0.9999988304311335,0.0,0.0,,
full,lstm,PearlSCMRecourse,63,1,0,4417.157712930467,417.78481195296104,0.5,0.0,0.5,1.7177151131957378,0.2481870772866307,50,0,1,0.0,0.7431167398335607,1.0,0.999998303571163,0.0,1.0,0.0,1.0
full,lstm,PearlSCMRecourse,64,1,0,3187.0817280252404,303.4801186441684,0.5,0.0,0.5,1.7214071094000576,0.31270054365576233,50,0,1,0.0,0.7933451095695445,1.0,0.999998869383192,0.0,1.0,0.0,1.0
full,lstm,PearlSCMRecourse,65,0,1,1893.061374167542,177.66638900432355,0.5,0.0,0.5,1.7408617310270234,0.3800689647422256,50,0,1,0.0,0.7983062794059174,1.0,0.999999436734472,0.0,0.0,,
full,lstm,PearlSCMRecourse,66,1,0,1010.4580495638725,95.12634766822013,0.5,0.0,0.5,1.727960762405608,0.5642973493294013,50,0,1,0.0,0.7323002813080137,1.0,0.9999994607290311,0.0,1.0,0.0,1.0
full,lstm,PearlSCMRecourse,67,1,0,2986.6492430702815,281.4664896190192,0.5,0.0,0.5,1.7269897052146648,0.31739453100981363,50,0,1,0.0,0.7650681138637133,1.0,0.9999988257094795,0.0,1.0,0.0,1.0
full,lstm,PearlSCMRecourse,68,1,0,3162.9684836021347,296.1432131396262,0.5,0.0,0.5,1.7292690725679334,0.29704205925308613,50,0,1,0.0,0.7467101685799302,1.0,0.9999988041539783,0.0,1.0,0.0,1.0
full,lstm,PearlSCMRecourse,69,1,0,172.86261961967475,16.266964679469194,0.507,0.0,0.5,1.7277733075376986,0.9082030939226423,50,0,1,0.0,0.7919329917592736,1.0,0.9999999436568043,0.0,1.0,0.0,1.0
full,lstm,PearlSCMRecourse,70,0,1,1773.7104477643313,164.0316109028688,0.5,0.0,0.5,1.7476255335343214,0.38188393657902403,50,0,1,0.0,0.7357413921044098,1.0,0.9999993558320756,0.0,0.0,,
full,lstm,PearlSCMRecourse,71,1,0,3372.967953592433,317.2519206328133,0.5,0.0,0.5,1.7204478908185838,0.29841589101710914,50,0,1,0.0,0.7644339656364076,1.0,0.9999983450620082,0.0,1.0,0.0,1.0
full,lstm,PearlSCMRecourse,72,1,0,3348.3416486605115,316.89702193588766,0.5,0.0,0.5,1.7267247273839945,0.2956811176084426,50,0,1,0.0,0.7935129494595439,1.0,0.9999986207229462,0.0,1.0,0.0,1.0
full,lstm,PearlSCMRecourse,73,1,0,215.62859114013185,20.24951107430742,0.505,0.0,0.5,1.72785100682669,0.8463475782740623,50,0,1,0.0,0.7900515159019578,1.0,0.9999998727043635,0.0,1.0,0.0,1.0
full,lstm,PearlSCMRecourse,74,1,0,1845.0632302986048,173.01165183944647,0.5,0.0,0.5,1.7289009219740814,0.4227736919942151,50,0,1,0.0,0.7904272957369736,1.0,0.9999994365814214,0.0,1.0,0.0,1.0
full,lstm,PearlSCMRecourse,75,0,1,1126.0388909308483,108.11640928194049,0.5,0.0,0.5,1.6962446599698355,0.4996414111526911,50,0,1,0.0,0.7923229651440934,1.0,0.9999996271052191,0.0,0.0,,
full,lstm,PearlSCMRecourse,76,1,0,3246.0339962255425,305.804020741961,0.5,0.0,0.5,1.7235951958245561,0.306328028606936,50,0,1,0.0,0.7769800166648467,1.0,0.9999985632548815,0.0,1.0,0.0,1.0
full,lstm,PearlSCMRecourse,77,0,1,3174.362934345625,296.19782628329483,0.5,0.0,0.5,1.7211378112410176,0.2896686339391104,50,0,1,0.0,0.772381631987822,1.0,0.9999983478917522,0.0,0.0,,
full,lstm,PearlSCMRecourse,78,0,1,4829.179476298315,453.8160455251858,0.5,0.0,0.5,1.7246434269908029,0.22346316851282783,50,0,1,0.0,0.7609749423441132,1.0,0.9999983946640463,0.0,0.0,,
full,lstm,PearlSCMRecourse,79,1,0,2772.749539338409,261.63247657321597,0.5,0.0,0.5,1.7274639669415022,0.3303658948437687,50,0,1,0.0,0.7948055271446153,1.0,0.9999989683124233,0.0,1.0,0.0,1.0
full,lstm,PearlSCMRecourse,80,1,0,1098.4938547747502,103.58312499338433,0.5,0.0,0.5,1.7275232588496883,0.5630226841018118,50,0,1,0.0,0.8102668402672012,1.0,0.9999995589565273,0.0,1.0,0.0,1.0
full,lstm,PearlSCMRecourse,81,1,0,1368.8775592284314,128.98716216486457,0.5,0.0,0.5,1.7277596033104858,0.4917633747786593,50,0,1,0.0,0.7725315748766505,1.0,0.9999995615857604,0.0,1.0,0.0,1.0
full,lstm,PearlSCMRecourse,82,0,1,534.2527273548104,51.045978683811946,0.501,0.0,0.5,1.7162579247781398,0.6902782404604776,50,0,1,0.0,0.7548688334850855,1.0,0.9999998147971833,0.0,0.0,,
full,lstm,PearlSCMRecourse,83,1,0,2892.2291511893063,273.1377597856536,0.5,0.0,0.5,1.727178759875303,0.3188456068206489,50,0,1,0.0,0.7877961815359578,1.0,0.9999992749274398,0.0,1.0,0.0,1.0
full,lstm,PearlSCMRecourse,84,1,0,2360.7286055834,222.40918034723265,0.504,0.0,0.5,1.7279041309484513,0.3638131051227897,50,0,1,0.0,0.7782364514915523,1.0,0.9999989470927184,0.0,1.0,0.0,1.0
full,lstm,PearlSCMRecourse,85,1,0,1172.5775990210095,110.41132822030956,0.501,0.0,0.5,1.7279312171766046,0.5339051175208143,50,0,1,0.0,0.7851427637505412,1.0,0.9999996726175335,0.0,1.0,0.0,1.0
full,lstm,PearlSCMRecourse,86,1,0,3732.2474997391814,351.7036566958284,0.5,0.0,0.5,1.727773892627549,0.2685041522119251,50,0,1,0.0,0.7617451692406858,1.0,0.9999986362321024,0.0,1.0,0.0,1.0
full,lstm,PearlSCMRecourse,87,0,1,1800.652374463616,163.1552750320616,0.5,0.0,0.5,1.719701342877218,0.3577381996368373,50,0,1,0.0,0.778181728709981,1.0,0.9999995430743899,0.0,0.0,,
full,lstm,PearlSCMRecourse,88,0,1,5227.3809785979065,490.53515402046963,0.5,0.0,0.5,1.7194574317428548,0.21761997460600907,50,0,1,0.0,0.7814574267959622,1.0,0.9999977728091076,0.0,0.0,,
full,lstm,PearlSCMRecourse,89,1,0,2282.4865320199715,215.36187616201312,0.5,0.0,0.5,1.7274109594288491,0.37449047111788886,50,0,1,0.0,0.8054877817366548,1.0,0.9999990274008241,0.0,1.0,0.0,1.0
full,lstm,PearlSCMRecourse,90,1,0,603.486085737244,56.837028206532956,0.5,0.0,0.5,1.7280239073877495,0.7076990992252434,50,0,1,0.0,0.7840219095743832,1.0,0.9999997553506151,0.0,1.0,0.0,1.0
full,lstm,PearlSCMRecourse,91,0,1,3195.7902755208506,312.3306738432106,0.5,0.0,0.5,1.7060300153606751,0.2974630720158891,50,0,1,0.0,0.7757040712867153,1.0,0.9999991177451825,0.0,0.0,,
full,lstm,PearlSCMRecourse,92,1,0,2369.9190408268287,223.70315215582406,0.5,0.0,0.5,1.7273465384782707,0.37549007579265603,50,0,1,0.0,0.7789039569606698,1.0,0.9999992354998494,0.0,1.0,0.0,1.0
full,lstm,PearlSCMRecourse,93,0,1,5211.22946918803,508.53803652468787,0.5,0.0,0.5,1.6990062509843953,0.21497696754444595,50,0,1,0.0,0.7789565815363301,1.0,0.9999977808572857,0.0,0.0,,
full,lstm,PearlSCMRecourse,94,1,0,2103.853766849627,198.82150854408692,0.5,0.0,0.5,1.7265473643018432,0.3953220916667544,50,0,1,0.0,0.756322663075045,1.0,0.999999425696092,0.0,1.0,0.0,1.0
full,lstm,PearlSCMRecourse,95,1,0,4168.0693651071,390.9688661667468,0.5,0.0,0.5,1.7290188125577026,0.24494201850738656,50,0,1,0.0,0.7694023278539069,1.0,0.9999984356868791,0.0,1.0,0.0,1.0
full,lstm,PearlSCMRecourse,96,0,1,4444.6365045741295,414.8722317808369,0.5,0.0,0.5,1.716240252243742,0.25321134538417456,50,0,1,0.0,0.7748236488258329,1.0,0.9999986195548832,0.0,0.0,,
full,lstm,PearlSCMRecourse,97,1,0,742.0977356449205,69.78728763609253,0.5,0.0,0.5,1.728190252958638,0.6457605189766158,50,0,1,0.0,0.7782250179615834,1.0,0.9999997596257303,0.0,1.0,0.0,1.0
full,lstm,PearlSCMRecourse,98,1,0,675.1513762957901,63.58604998247813,0.503,0.0,0.5,1.7278674883986151,0.6813037692736068,50,0,1,0.0,0.7992848707106588,1.0,0.9999997155651243,0.0,1.0,0.0,1.0
full,lstm,PearlSCMRecourse,99,1,0,2778.940350224182,262.096999348901,0.5,0.0,0.5,1.7275300246348348,0.32663200925676006,50,0,1,0.0,0.7584291721396274,1.0,0.9999990893547747,0.0,1.0,0.0,1.0
full,lstm,TSCausal,0,1,0,259.32749465686766,11.024737656539934,0.003,0.0,0.0,1.3051496427928821,0.001140769391963201,0,0,100,0.0,0.9989936336534565,0.0,0.7828305698287579,0.0,0.0,0.0,0.0
full,lstm,TSCausal,1,1,0,285.1043654156625,12.049023705647594,0.004,0.0,0.0,1.3056031563508501,0.0010619841275902623,0,0,100,1.0,0.9990457407613198,0.0,0.754787112292579,1.0,0.0,1.0,0.0
full,lstm,TSCausal,2,1,0,305.606893550634,12.905339176378051,0.001,0.0,0.0,1.434873605181058,0.0011026903735494326,0,0,100,0.0,0.9987874412095749,0.0,0.7374398585800945,0.0,0.0,0.0,0.0
full,lstm,TSCausal,3,1,0,301.58007443282787,12.834160685850756,0.001,0.0,0.0,1.4584981206103451,0.0011335220681075212,0,0,100,0.0,0.998672770477081,0.0,0.7518735747776242,0.0,0.0,0.0,0.0
full,lstm,TSCausal,4,1,0,269.1152612365926,11.644954116406753,0.002,0.0,0.0,1.4896950865845187,0.0009790026249593305,0,0,100,1.0,0.9992042191763003,0.0,0.7694155927589298,1.0,0.0,1.0,0.0
full,lstm,TSCausal,5,1,0,249.83039367126318,10.53278339043355,0.006,0.0,0.0,1.3824897764801118,0.0010639688787043818,0,0,100,0.0,0.9988679174063723,0.0,0.7812005866712693,0.0,0.0,0.0,0.0
full,lstm,TSCausal,6,1,0,245.3785196637137,10.104411469092723,0.003,0.0,0.0,1.2806418420349022,0.0010766616572945584,0,0,100,0.0,0.9989258107100774,0.0,0.7872634782559872,0.0,0.0,0.0,0.0
full,lstm,TSCausal,7,1,0,247.45152914672494,10.657742067749073,0.0,0.0,0.0,1.4329259346695886,0.0008754538962504545,0,0,100,1.0,0.999205388893131,0.0,0.7910594538845582,1.0,0.0,1.0,0.0
full,lstm,TSCausal,8,1,0,293.61276221521655,12.206432286530518,0.0,0.0,0.0,1.4382684831937058,0.0010792124150809839,0,0,100,0.0,0.9988991558701004,0.0,0.7587596296573228,0.0,0.0,0.0,0.0
full,lstm,TSCausal,9,1,0,315.5608028781754,13.606546411980464,0.002,0.0,0.0,1.4286962045418754,0.0009696599616865254,0,0,100,1.0,0.9991489778732656,0.0,0.7361928719448584,1.0,0.0,1.0,0.0
full,lstm,TSCausal,10,1,0,257.9184604375748,10.412128047792274,0.002,0.0,0.0,1.3049239970441902,0.0008491846900296866,0,0,100,1.0,0.9992976996583232,0.0,0.778725070661544,1.0,0.0,1.0,0.0
full,lstm,TSCausal,11,1,0,281.2680293131567,11.71087728173168,0.003,0.0,0.0,1.3670102832896796,0.0009438972872067164,0,0,100,1.0,0.9990838575974079,0.0,0.7605880553128684,1.0,0.0,1.0,0.0
full,lstm,TSCausal,12,1,0,231.40212284085737,9.526850805010433,0.007,0.0,0.0,1.378949921259212,0.0010148424036948705,0,0,100,1.0,0.9990497961250084,0.0,0.7999657238702943,1.0,0.0,1.0,0.0
full,lstm,TSCausal,13,1,0,303.98967602846164,12.891982975216797,0.003,0.0,0.0,1.4159718329586042,0.0009715747866608377,0,0,100,1.0,0.9990330557898991,0.0,0.7411626675753614,1.0,0.0,1.0,0.0
full,lstm,TSCausal,14,1,0,285.7230568188821,11.928543205821379,0.001,0.0,0.0,1.4836396400246659,0.0010054051686669795,0,0,100,0.0,0.9988575687364362,0.0,0.7581579218150879,0.0,0.0,0.0,0.0
full,lstm,TSCausal,15,1,0,277.2989289986406,11.76420050011756,0.0,0.0,0.0,1.4276608190588407,0.0009547550640805711,0,0,100,1.0,0.9991175844191624,0.0,0.7751893929254742,1.0,0.0,1.0,0.0
full,lstm,TSCausal,16,1,0,267.6624883311659,11.285163374697934,0.003,0.0,0.0,1.4752720208337304,0.0008723539405602437,0,0,100,1.0,0.999307030449165,0.0,0.766906003200831,1.0,0.0,1.0,0.0
full,lstm,TSCausal,17,1,0,255.10058733840964,10.758507301709493,0.004,0.0,0.0,1.308811189675867,0.0009629646959712408,0,0,100,1.0,0.9990948475862782,0.0,0.7851250295920493,1.0,0.0,1.0,0.0
full,lstm,TSCausal,18,1,0,253.36662556659365,11.035904583928405,0.003,0.0,0.0,1.4194029811301354,0.0010218498317868246,0,0,100,0.0,0.9989830684897093,0.0,0.780805703615296,0.0,0.0,0.0,0.0
full,lstm,TSCausal,19,1,0,233.798796990573,9.812958850090393,0.003,0.0,0.0,1.4953085139332694,0.0009298244764377837,0,0,100,1.0,0.9991256081986751,0.0,0.7975758680663526,1.0,0.0,1.0,0.0
full,lstm,TSCausal,20,1,0,280.0859555378114,11.744690283973247,0.003,0.0,0.0,1.32996646927935,0.001186280666209059,0,0,100,0.0,0.9986444335252248,0.0,0.758981279062574,0.0,0.0,0.0,0.0
full,lstm,TSCausal,21,1,0,255.37880724813886,10.710182816064089,0.005,0.0,0.0,1.4420626219632942,0.00086199661955813,0,0,100,1.0,0.9991114952371006,0.0,0.7823095193886586,1.0,0.0,1.0,0.0
full,lstm,TSCausal,22,1,0,242.8597422084525,10.448158960623536,0.003,0.0,0.0,1.4078736310278712,0.0011822422897180885,0,0,100,0.0,0.9987343998485883,0.0,0.7885004010418235,0.0,0.0,0.0,0.0
full,lstm,TSCausal,23,1,0,289.90003734588896,11.924421351448382,0.004,0.0,0.0,1.2092344295424622,0.001005913892011312,0,0,100,1.0,0.999079245447746,0.0,0.7563362815038679,1.0,0.0,1.0,0.0
full,lstm,TSCausal,24,1,0,268.37667740629786,11.643259725063068,0.002,0.0,0.0,1.5267913045708048,0.0008854489085677149,0,0,100,1.0,0.9991206457011724,0.0,0.7681892595645115,1.0,0.0,1.0,0.0
full,lstm,TSCausal,25,1,0,275.2694581880284,11.365109415474345,0.001,0.0,0.0,1.3874044103709942,0.0008605179102430457,0,0,100,1.0,0.999208325059894,0.0,0.7652843274154988,1.0,0.0,1.0,0.0
full,lstm,TSCausal,26,1,0,258.13805256153165,10.988395479234462,0.005,0.0,0.0,1.497240851040363,0.0009635373934162807,0,0,100,0.0,0.9989781899727339,0.0,0.7814428622109959,0.0,0.0,0.0,0.0
full,lstm,TSCausal,27,1,0,276.0807265423794,11.568349070908834,0.002,0.0,0.0,1.4108723514864083,0.0012537651994316591,0,0,100,0.0,0.998547977682259,0.0,0.7584803052530177,0.0,0.0,0.0,0.0
full,lstm,TSCausal,28,1,0,252.48251542902943,10.626128490315429,0.002,0.0,0.0,1.4901338855275374,0.0012246713631928067,0,0,100,0.0,0.9986457428614399,0.0,0.7861797245680459,0.0,0.0,0.0,0.0
full,lstm,TSCausal,29,1,0,263.28972437473465,11.09729178179481,0.005,0.0,0.0,1.2803090064525038,0.0010291743319090984,0,0,100,1.0,0.9990570609767703,0.0,0.77131120854381,1.0,0.0,1.0,0.0
full,lstm,TSCausal,30,1,0,277.04001737086315,11.559972805367458,0.005,0.0,0.0,1.4807870111152923,0.0012598839756441094,0,0,100,0.0,0.99848808998966,0.0,0.7626639044933738,0.0,0.0,0.0,0.0
full,lstm,TSCausal,31,1,0,265.72932388604096,11.082162614526377,0.003,0.0,0.0,1.2577819826718635,0.0008632879543516794,0,0,100,1.0,0.9991194359165373,0.0,0.7696420818756511,1.0,0.0,1.0,0.0
full,lstm,TSCausal,32,1,0,243.22671503532598,10.30353044856239,0.002,0.0,0.0,1.4391103068614932,0.0009508574145465089,0,0,100,1.0,0.9992130211154987,0.0,0.7905189836656608,1.0,0.0,1.0,0.0
full,lstm,TSCausal,33,1,0,243.3715636720677,10.233936179492938,0.003,0.0,0.0,1.386695317686773,0.0008442941713363199,0,0,100,1.0,0.9993272979562078,0.0,0.7858858866717443,1.0,0.0,1.0,0.0
full,lstm,TSCausal,34,1,0,255.09154597850036,10.803354797009648,0.002,0.0,0.0,1.318246869042137,0.0008216449644880261,0,0,100,1.0,0.9993835445339325,0.0,0.7807749986787202,1.0,0.0,1.0,0.0
full,lstm,TSCausal,35,1,0,246.1578647445367,9.987365827115731,0.003,0.0,0.0,1.406167023904512,0.0009586815701875231,0,0,100,1.0,0.999061323770691,0.0,0.7872269864969162,1.0,0.0,1.0,0.0
full,lstm,TSCausal,36,1,0,264.8543070233376,10.996145365392499,0.002,0.0,0.0,1.2873093528898107,0.0007997881203624065,0,0,100,1.0,0.9993209311850266,0.0,0.779584975218557,1.0,0.0,1.0,0.0
full,lstm,TSCausal,37,1,0,230.28632264989074,9.579586474824533,0.002,0.0,0.0,1.3882355268248345,0.0007171140183197519,0,0,100,1.0,0.9993781513179733,0.0,0.7950237515198258,1.0,0.0,1.0,0.0
full,lstm,TSCausal,38,1,0,266.61183534754406,11.138295306176587,0.003,0.0,0.0,1.427403487820442,0.0010166433155732733,0,0,100,0.0,0.9989821025593643,0.0,0.7690708735526641,0.0,0.0,0.0,0.0
full,lstm,TSCausal,39,1,0,276.11051694431825,11.890301359787903,0.004,0.0,0.0,1.4867694943765584,0.0010156880292176602,0,0,100,0.0,0.9989530358549514,0.0,0.7673400695255171,0.0,0.0,0.0,0.0
full,lstm,TSCausal,40,1,0,289.5325599112374,12.233091045633184,0.002,0.0,0.0,1.480434008522318,0.0010833645312150312,0,0,100,1.0,0.9990073696128523,0.0,0.7547811825701054,1.0,0.0,1.0,0.0
full,lstm,TSCausal,41,1,0,253.91091887565656,10.759282445262263,0.001,0.0,0.0,1.399069106464723,0.0009054580236480446,0,0,100,1.0,0.9992031256296245,0.0,0.7816414496909033,1.0,0.0,1.0,0.0
full,lstm,TSCausal,42,1,0,269.61722444234636,11.377014595308976,0.002,0.0,0.0,1.3327947163804061,0.001027909621408346,0,0,100,0.0,0.998924070347643,0.0,0.7786927206875367,0.0,0.0,0.0,0.0
full,lstm,TSCausal,43,1,0,276.7283816615351,11.563451296662471,0.002,0.0,0.0,1.372678480928284,0.0010550824768101046,0,0,100,1.0,0.9990025013267435,0.0,0.7700174416331812,1.0,0.0,1.0,0.0
full,lstm,TSCausal,44,1,0,305.7229283766774,12.945081169786292,0.002,0.0,0.0,1.449604069211955,0.0010153040045423824,0,0,100,1.0,0.9990624738037975,0.0,0.7569183797686693,1.0,0.0,1.0,0.0
full,lstm,TSCausal,45,1,0,269.26944876064783,11.402423871878062,0.004,0.0,0.0,1.3759942863870356,0.0010409475235481636,0,0,100,1.0,0.9990066614807468,0.0,0.7743727488908687,1.0,0.0,1.0,0.0
full,lstm,TSCausal,46,1,0,265.79021111729196,11.198209152807728,0.003,0.0,0.0,1.4006148057847831,0.000921291256182183,0,0,100,1.0,0.9991961508560018,0.0,0.773932347664879,1.0,0.0,1.0,0.0
full,lstm,TSCausal,47,1,0,260.32113523022485,10.764359743686516,0.005,0.0,0.0,1.3785369506482656,0.0012685879727020438,0,0,100,0.0,0.9985580258818592,0.0,0.7744135402026714,0.0,0.0,0.0,0.0
full,lstm,TSCausal,48,1,0,264.42976247758884,11.274490549831677,0.001,0.0,0.0,1.2906307121206746,0.0010124296680317374,0,0,100,0.0,0.9989613701512579,0.0,0.774364016307889,0.0,0.0,0.0,0.0
full,lstm,TSCausal,49,1,0,280.51545075174886,12.06163408601833,0.003,0.0,0.0,1.4370523428378814,0.0009633857886985173,0,0,100,1.0,0.9991361825696842,0.0,0.7789319309302796,1.0,0.0,1.0,0.0
full,lstm,TSCausal,50,1,0,226.52738223495686,9.328471076786991,0.003,0.0,0.0,1.4303694690898203,0.0008078372562085835,0,0,100,1.0,0.9993048091128236,0.0,0.8024149531813751,1.0,0.0,1.0,0.0
full,lstm,TSCausal,51,1,0,269.47067989986226,11.068458611408571,0.0,0.0,0.0,1.3186233536325214,0.0009520267660674532,0,0,100,1.0,0.9991401731888157,0.0,0.7719268906991182,1.0,0.0,1.0,0.0
full,lstm,TSCausal,52,1,0,289.13904020870154,12.239742306445265,0.004,0.0,0.0,1.4305262272129005,0.0009022648771202807,0,0,100,1.0,0.9991015396955015,0.0,0.7528353846309758,1.0,0.0,1.0,0.0
full,lstm,TSCausal,53,1,0,309.00254137588104,12.98569056278247,0.001,0.0,0.0,1.412521089476096,0.0014686315752435355,0,0,100,0.0,0.9982411874379884,0.0,0.7342222190776433,0.0,0.0,0.0,0.0
full,lstm,TSCausal,54,1,0,256.53527442519885,10.755484880554613,0.004,0.0,0.0,1.4319251851006107,0.0008676716129868553,0,0,100,1.0,0.9992440907009185,0.0,0.7789658732119817,1.0,0.0,1.0,0.0
full,lstm,TSCausal,55,1,0,266.7645733275451,11.189570259409209,0.002,0.0,0.0,1.3933037670194321,0.0008259509233901732,0,0,100,1.0,0.9993399603751235,0.0,0.7775179419696692,1.0,0.0,1.0,0.0
full,lstm,TSCausal,56,1,0,253.25566786856302,10.742141499418237,0.001,0.0,0.0,1.3607790579507413,0.000961172735825202,0,0,100,1.0,0.9990783842575217,0.0,0.7847711240894799,1.0,0.0,1.0,0.0
full,lstm,TSCausal,57,1,0,274.354242961761,11.513035033587686,0.002,0.0,0.0,1.3466661046993347,0.0011352502939516894,0,0,100,0.0,0.998902140981502,0.0,0.7678871955825519,0.0,0.0,0.0,0.0
full,lstm,TSCausal,58,1,0,269.2457102691797,11.304971899484038,0.008,0.0,0.0,1.4271647785940713,0.0010038477844389422,0,0,100,1.0,0.99906551615493,0.0,0.7713744175706482,1.0,0.0,1.0,0.0
full,lstm,TSCausal,59,1,0,251.64488009401344,10.70855937708775,0.004,0.0,0.0,1.3602194755789343,0.0009145676073121126,0,0,100,1.0,0.9992274298856677,0.0,0.7804080441371182,1.0,0.0,1.0,0.0
full,lstm,TSCausal,60,1,0,234.90044429504792,9.990583757597598,0.004,0.0,0.0,1.3499056915185834,0.0010240730749540264,0,0,100,0.0,0.9989554283029836,0.0,0.7928620689070072,0.0,0.0,0.0,0.0
full,lstm,TSCausal,61,1,0,274.0611831762379,11.368337331139786,0.001,0.0,0.0,1.38291233799648,0.0012280428210044167,0,0,100,0.0,0.9987116002320467,0.0,0.7664474713136543,0.0,0.0,0.0,0.0
full,lstm,TSCausal,62,1,0,258.21369537065976,10.830008633814472,0.004,0.0,0.0,1.3660937831670172,0.0010621105274065267,0,0,100,0.0,0.9988647296791534,0.0,0.7754373831255155,0.0,0.0,0.0,0.0
full,lstm,TSCausal,63,1,0,281.21889708014737,12.064033233769575,0.002,0.0,0.0,1.4286816564427294,0.000889307404170772,0,0,100,1.0,0.9991226226556656,0.0,0.772882603974256,1.0,0.0,1.0,0.0
full,lstm,TSCausal,64,1,0,267.556686514362,11.082037448360905,0.006,0.0,0.0,1.2987062132754543,0.0009934987097231724,0,0,100,1.0,0.9991539109921325,0.0,0.7673649100113185,1.0,0.0,1.0,0.0
full,lstm,TSCausal,65,1,0,250.0572249254335,10.34758781139002,0.004,0.0,0.0,1.2358889796538244,0.0010848559787403076,0,0,100,0.0,0.9989518217794935,0.0,0.7872842518068668,0.0,0.0,0.0,0.0
full,lstm,TSCausal,66,1,0,277.55366865926834,12.16523354707105,0.006,0.0,0.0,1.3858884405433338,0.0010715417581391462,0,0,100,1.0,0.9990443687046797,0.0,0.7600186838868171,1.0,0.0,1.0,0.0
full,lstm,TSCausal,67,1,0,298.13942436220617,12.758030759672131,0.002,0.0,0.0,1.4973850165193754,0.0008120443138919341,0,0,100,1.0,0.9992724283659433,0.0,0.751340074030562,1.0,0.0,1.0,0.0
full,lstm,TSCausal,68,1,0,286.14281930908396,12.245441013149385,0.002,0.0,0.0,1.4997302934971437,0.0010539214191421786,0,0,100,0.0,0.9988771651968726,0.0,0.7598070294677356,0.0,0.0,0.0,0.0
full,lstm,TSCausal,69,1,0,250.84883616197712,10.615606691439586,0.001,0.0,0.0,1.4356959015072428,0.0012103773874660786,0,0,100,0.0,0.9987023943360698,0.0,0.7887140845600761,0.0,0.0,0.0,0.0
full,lstm,TSCausal,70,1,0,274.3416104381442,12.09812876041077,0.001,0.0,0.0,1.4986033445972105,0.0012178749040767912,0,0,100,0.0,0.9987420303912733,0.0,0.7625738495390361,0.0,0.0,0.0,0.0
full,lstm,TSCausal,71,1,0,265.82574508292834,11.167483725199476,0.003,0.0,0.0,1.4095582199116428,0.0010390199166054458,0,0,100,0.0,0.9988788311441018,0.0,0.7673150515336041,0.0,0.0,0.0,0.0
full,lstm,TSCausal,72,1,0,270.5534752032,11.811780079867988,0.003,0.0,0.0,1.5266327250031435,0.0007779957067695092,0,0,100,1.0,0.9993193287610062,0.0,0.7743578146155098,1.0,0.0,1.0,0.0
full,lstm,TSCausal,73,1,0,241.51874901751705,10.232754031692528,0.003,0.0,0.0,1.3022007381861846,0.0009642303105307496,0,0,100,1.0,0.9991036573419236,0.0,0.7911270449286794,1.0,0.0,1.0,0.0
full,lstm,TSCausal,74,1,0,249.10298062015457,10.303263435829978,0.002,0.0,0.0,1.347094380815045,0.0008742656195729693,0,0,100,1.0,0.9992154303468491,0.0,0.7828627693545068,1.0,0.0,1.0,0.0
full,lstm,TSCausal,75,1,0,271.6269799351241,11.447223007079907,0.003,0.0,0.0,1.443746880276631,0.0010096818629292026,0,0,100,1.0,0.9991406721283358,0.0,0.7732147794790156,1.0,0.0,1.0,0.0
full,lstm,TSCausal,76,1,0,282.94836237886136,11.891191181157028,0.0,0.0,0.0,1.467334501201536,0.0010240274130528056,0,0,100,1.0,0.9990427968739414,0.0,0.7591841390690256,1.0,0.0,1.0,0.0
full,lstm,TSCausal,77,1,0,339.9695742873401,14.490629403799664,0.004,0.0,0.0,1.5472743973037018,0.0010170562003154117,0,0,100,1.0,0.9990087040458416,0.0,0.7236699587284229,1.0,0.0,1.0,0.0
full,lstm,TSCausal,78,1,0,292.05176539660744,12.315852848196455,0.003,0.0,0.0,1.2692659186322166,0.0009318716122941071,0,0,100,1.0,0.9991355399629386,0.0,0.7566102548639732,1.0,0.0,1.0,0.0
full,lstm,TSCausal,79,1,0,250.5440536764958,10.411115634816628,0.003,0.0,0.0,1.4240816191631587,0.0009926040043211092,0,0,100,0.0,0.9989139404830032,0.0,0.7900607453626824,0.0,0.0,0.0,0.0
full,lstm,TSCausal,80,1,0,242.64733266802006,10.229695978201248,0.003,0.0,0.0,1.4356712141922394,0.0009460607369830633,0,0,100,1.0,0.9990841294669909,0.0,0.7887433567371375,1.0,0.0,1.0,0.0
full,lstm,TSCausal,81,1,0,297.51857320425063,12.677721129633198,0.002,0.0,0.0,1.3700989979101663,0.0010581107370482938,0,0,100,0.0,0.9989784714477478,0.0,0.7559030672008196,0.0,0.0,0.0,0.0
full,lstm,TSCausal,82,1,0,282.192504227041,11.625996523140318,0.001,0.0,0.0,1.2624271855513742,0.0009485353471174493,0,0,100,1.0,0.9992311828475741,0.0,0.765072569869916,1.0,0.0,1.0,0.0
full,lstm,TSCausal,83,1,0,267.0736425109001,11.202862305502832,0.001,0.0,0.0,1.432496801060593,0.0009381594804561372,0,0,100,1.0,0.9991509692157413,0.0,0.769437229491272,1.0,0.0,1.0,0.0
full,lstm,TSCausal,84,1,0,265.3058980753217,10.835863519851221,0.0,0.0,0.0,1.4526311583092888,0.0010537033374495317,0,0,100,1.0,0.9990410121475586,0.0,0.7731768972153903,1.0,0.0,1.0,0.0
full,lstm,TSCausal,85,1,0,253.75192180927652,10.801796283892532,0.009,0.0,0.0,1.4103224878279808,0.0009692871486621628,0,0,100,0.0,0.9989813947550646,0.0,0.783044699230562,0.0,0.0,0.0,0.0
full,lstm,TSCausal,86,1,0,263.03908359980926,10.902922402776515,0.003,0.0,0.0,1.4300760226652414,0.0008830239876386727,0,0,100,1.0,0.9993043521287959,0.0,0.774929304942918,1.0,0.0,1.0,0.0
full,lstm,TSCausal,87,1,0,248.93594195944286,10.39820591986844,0.002,0.0,0.0,1.331051965858585,0.0007287087309047486,0,0,100,1.0,0.9994176426906447,0.0,0.7823250752930427,1.0,0.0,1.0,0.0
full,lstm,TSCausal,88,1,0,245.7727932331843,10.250247879571422,0.006,0.0,0.0,1.451682665351102,0.0013571644441643424,0,0,100,0.0,0.998531764027981,0.0,0.7837525548367117,0.0,0.0,0.0,0.0
full,lstm,TSCausal,89,1,0,258.8443657699775,11.243227598554071,0.003,0.0,0.0,1.5126773295106863,0.001088801844654037,0,0,100,0.0,0.9988250011477086,0.0,0.7746274259734198,0.0,0.0,0.0,0.0
full,lstm,TSCausal,90,1,0,274.1607550912338,11.635623601542273,0.001,0.0,0.0,1.5027979027066503,0.0011488924924926529,0,0,100,0.0,0.9987214849315884,0.0,0.7717929619294668,0.0,0.0,0.0,0.0
full,lstm,TSCausal,91,1,0,240.73244457889732,10.166640698396371,0.005,0.0,0.0,1.3498037221542991,0.0010650945103004973,0,0,100,1.0,0.9990488850571521,0.0,0.7892482935885153,1.0,0.0,1.0,0.0
full,lstm,TSCausal,92,1,0,264.6568121097155,11.240161500129151,0.003,0.0,0.0,1.3108958454429054,0.0009557092150817957,0,0,100,1.0,0.9991274457829797,0.0,0.7767726427209424,1.0,0.0,1.0,0.0
full,lstm,TSCausal,93,1,0,258.57645311662,11.129874748490625,0.003,0.0,0.0,1.3419125558269862,0.0009083890063994629,0,0,100,1.0,0.9993209486495319,0.0,0.7768216019831254,1.0,0.0,1.0,0.0
full,lstm,TSCausal,94,1,0,275.245050878304,11.605137404352053,0.003,0.0,0.0,1.3802243375603787,0.001088906081716666,0,0,100,0.0,0.998834059133229,0.0,0.7720783644700451,0.0,0.0,0.0,0.0
full,lstm,TSCausal,95,1,0,291.29919356978553,12.190216741038634,0.002,0.0,0.0,1.331465504691125,0.001077037046918166,0,0,100,0.0,0.9988920469794009,0.0,0.750126626037366,0.0,0.0,0.0,0.0
full,lstm,TSCausal,96,1,0,268.72403662243835,11.024475375677495,0.003,0.0,0.0,1.3998225207046153,0.0010846774418332768,0,0,100,0.0,0.998841471148793,0.0,0.7747713688607147,0.0,0.0,0.0,0.0
full,lstm,TSCausal,97,1,0,271.64572382636186,11.54623783482785,0.004,0.0,0.0,1.4848478148344175,0.0011762213520313289,0,0,100,0.0,0.9988438370060234,0.0,0.771011985193385,0.0,0.0,0.0,0.0
full,lstm,TSCausal,98,1,0,277.18827910291077,11.696817332535991,0.002,0.0,0.0,1.4405834047642354,0.0010878963788897567,0,0,100,0.0,0.9988806324143836,0.0,0.7710321571839214,0.0,0.0,0.0,0.0
full,lstm,TSCausal,99,1,0,277.97108521544163,11.964838370492807,0.004,0.0,0.0,1.50400032269757,0.0009524276612855345,0,0,100,1.0,0.9991103722253256,0.0,0.7685082910949191,1.0,0.0,1.0,0.0
