benchmark,classifier,method,instance,validity,proximity_l1,proximity_l2,sparsity,sparsity_channels,sparsity_timepoints,trsi,scm_noise_plausibility,intervention_t,vacuous,cf_faith_rollout_hard,cf_faith_rollout_soft,cf_faith_pearl_hard,cf_faith_pearl_soft,cf_faith_rollout_hard_valid,cf_faith_pearl_hard_valid
full_nl_seed1,lstm,CARLA,0,1,423.0902095282855,25.161201010866808,0.261,0.0,0.26,1.0023093253994275,0.24639517015143805,26,1,1.0,0.9999997121643998,0.0,0.5662531953914042,1.0,0.0
full_nl_seed1,lstm,CARLA,1,0,356.8676970245232,21.718644358060565,0.265,0.0,0.26,1.025585164029002,0.24617521950794144,26,1,1.0,0.9999997138094652,0.0,0.6134681543486504,0.0,0.0
full_nl_seed1,lstm,CARLA,2,0,462.6486040454706,27.024483130410594,0.261,0.0,0.25,0.9808558666297541,0.2542651170458985,25,0,1.0,0.999999764983604,0.0,0.5396394733977614,0.0,0.0
full_nl_seed1,lstm,CARLA,3,0,434.37051972673595,27.284667387878365,0.263,0.0,0.26,0.9447101462262959,0.25342633358401373,26,1,1.0,0.9999997639561365,0.0,0.5585983931401995,0.0,0.0
full_nl_seed1,lstm,CARLA,4,1,214.55202069663977,11.701877708615456,0.263,0.0,0.26,1.0903877690152965,0.25535256475370544,26,1,1.0,0.9999997784813527,0.0,0.7521228601142084,1.0,0.0
full_nl_seed1,lstm,CARLA,5,1,475.2739619403519,28.202132706660073,0.261,0.0,0.26,0.9558413290294843,0.26483408564158295,26,1,1.0,0.9999996936399181,0.0,0.6255905058646898,1.0,0.0
full_nl_seed1,lstm,CARLA,6,0,495.086302206798,30.805723141015264,0.261,0.0,0.26,0.8797696602452061,0.2964625825611167,26,1,1.0,0.9999997041845934,0.0,0.5130016550708459,0.0,0.0
full_nl_seed1,lstm,CARLA,7,0,210.61857993977767,16.47082918395044,0.511,0.0,0.5,1.0182764475573303,0.5005242929950381,50,0,1.0,0.999999660844034,0.0,0.6562345473481515,0.0,0.0
full_nl_seed1,lstm,CARLA,8,0,254.92694514542802,16.005585250124312,0.263,0.0,0.25,1.0474722855041723,0.2574604551704699,25,0,1.0,0.9999997115373674,0.0,0.7128181736346708,0.0,0.0
full_nl_seed1,lstm,CARLA,9,0,242.54055412237616,17.139580343803928,0.508,0.0,0.5,1.0686793806457884,0.5451728885904651,50,0,1.0,0.9999996674926188,0.0,0.6160502269555208,0.0,0.0
full_nl_seed1,lstm,CARLA,10,1,222.823932670404,14.443509837272492,0.262,0.0,0.26,1.1246639131754959,0.2377368120612731,26,1,1.0,0.9999996539783941,0.0,0.7408456461969238,1.0,0.0
full_nl_seed1,lstm,CARLA,11,0,230.45761178751957,18.40666957347738,0.509,0.0,0.5,0.9598398120256071,0.49903130886054037,50,0,1.0,0.9999997606645169,0.0,0.6307917204441694,0.0,0.0
full_nl_seed1,lstm,CARLA,12,0,204.12277170679138,15.603474167264462,0.509,0.0,0.5,1.0692304015625163,0.49100106118179804,50,0,1.0,0.9999997027496766,0.0,0.663443066921738,0.0,0.0
full_nl_seed1,lstm,CARLA,13,1,276.88236951512613,17.4390429297365,0.26,0.0,0.26,1.093493035989146,0.2378506006278977,26,1,1.0,0.9999997379203432,0.0,0.6541307491548842,1.0,0.0
full_nl_seed1,lstm,CARLA,14,1,333.7648280960887,20.39929083099115,0.264,0.0,0.26,1.047630107620503,0.2547250874245213,26,1,1.0,0.9999996595719448,0.0,0.6378835123822,1.0,0.0
full_nl_seed1,lstm,CARLA,15,0,208.39589666066527,15.927936334180883,0.512,0.0,0.5,1.0549321043775788,0.48020677121946165,50,0,1.0,0.999999751476725,0.0,0.6591485972179764,0.0,0.0
full_nl_seed1,lstm,CARLA,16,1,500.2727884440869,29.666050603696995,0.261,0.0,0.26,0.9323908849718712,0.2560903088918341,26,1,1.0,0.9999996607665884,0.0,0.5104996451463345,1.0,0.0
full_nl_seed1,lstm,CARLA,17,1,480.6587023632883,27.810185047463136,0.26,0.0,0.26,1.1613142529859979,0.2540581460489329,26,1,1.0,0.9999997192146518,0.0,0.5223330245454803,1.0,0.0
full_nl_seed1,lstm,CARLA,18,0,236.2865963495898,14.200378589780717,0.262,0.0,0.25,1.1562767042473676,0.2315371204686748,25,0,1.0,0.9999996704159351,0.0,0.7297532644585963,0.0,0.0
full_nl_seed1,lstm,CARLA,19,0,214.40433348536294,12.89045712781798,0.265,0.0,0.26,1.0556165295007027,0.2503136733313695,26,1,1.0,0.9999997303350033,0.0,0.749856791952549,0.0,0.0
full_nl_seed1,lstm,CARLA,20,0,661.5523082449424,43.15810967798192,0.512,0.0,0.51,0.5643797258773796,0.5252732037433638,51,1,1.0,0.9999996970010993,0.0,0.25907985012883233,0.0,0.0
full_nl_seed1,lstm,CARLA,21,0,178.44809482967565,10.547932689309333,0.26,0.0,0.25,1.1484325629215515,0.2640481046259478,25,0,1.0,0.9999997496443551,0.0,0.7881674939465522,0.0,0.0
full_nl_seed1,lstm,CARLA,22,0,274.81126501806426,16.71126813199013,0.262,0.0,0.25,1.0987630325759934,0.28899654472146724,25,0,1.0,0.9999997383737057,0.0,0.6932428178117438,0.0,0.0
full_nl_seed1,lstm,CARLA,23,1,777.8040759984277,43.609930723026764,0.26,0.0,0.26,0.7260735273428702,0.24755102552828318,26,1,1.0,0.9999995535200811,0.0,0.3534793119907204,1.0,0.0
full_nl_seed1,lstm,CARLA,24,0,118.08056338573238,8.028816337067116,0.509,0.0,0.5,1.1417709038777708,0.5705448663016606,50,0,1.0,0.9999997032852653,0.0,0.7896815371406053,0.0,0.0
full_nl_seed1,lstm,CARLA,25,0,142.24115072585815,9.991220348264402,0.512,0.0,0.5,0.9957674240044186,0.49788169919827074,50,0,1.0,0.9999997408653898,0.0,0.7526223256428912,0.0,0.0
full_nl_seed1,lstm,CARLA,26,0,208.71227995704237,11.657320482414056,0.263,0.0,0.26,1.0927310401297439,0.22465295357308407,26,1,1.0,0.999999740709966,0.0,0.7584494177804462,0.0,0.0
full_nl_seed1,lstm,CARLA,27,0,611.4366597883067,35.80921114039946,0.261,0.0,0.25,0.7810343293247981,0.251082904125554,25,0,1.0,0.9999997164396078,0.0,0.44272005591353275,0.0,0.0
full_nl_seed1,lstm,CARLA,28,0,235.84467911097371,13.32093185214385,0.261,0.0,0.25,1.0461220774790245,0.24729684401547608,25,0,1.0,0.9999997026234915,0.0,0.730203806471579,0.0,0.0
full_nl_seed1,lstm,CARLA,29,1,553.8525082587787,31.909341682269073,0.26,0.0,0.26,0.8681815072977607,0.275206766516782,26,1,1.0,0.9999997464284825,0.0,0.4736682840978746,1.0,0.0
full_nl_seed1,lstm,CARLA,30,1,322.57923655682725,24.832529629579035,0.513,0.0,0.51,0.882651402060911,0.4845282127904556,51,1,1.0,0.9999998172448,0.0,0.5090002317172073,1.0,0.0
full_nl_seed1,lstm,CARLA,31,0,452.9274704968508,26.405308655499557,0.26,0.0,0.26,0.9907518916497281,0.2559330050059817,26,1,1.0,0.9999996892600491,0.0,0.5431003565746299,0.0,0.0
full_nl_seed1,lstm,CARLA,32,0,291.6471414873701,18.557025517965215,0.261,0.0,0.26,1.0461397878773306,0.25552119657098815,26,1,1.0,0.9999996994699463,0.0,0.6800000836678723,0.0,0.0
full_nl_seed1,lstm,CARLA,33,1,523.4147121549028,31.83450027066996,0.264,0.0,0.26,0.8716841070522173,0.23323084825132778,26,1,1.0,0.9999996355897854,0.0,0.4933853181103409,1.0,0.0
full_nl_seed1,lstm,CARLA,34,1,430.45672436247503,25.683890202259924,0.263,0.0,0.26,1.023215801563525,0.2493882728846705,26,1,1.0,0.9999996962788749,0.0,0.5607887133936617,1.0,0.0
full_nl_seed1,lstm,CARLA,35,0,259.5853142217541,16.24026148150686,0.261,0.0,0.25,1.120482495104888,0.24664555771533872,25,0,1.0,0.9999996610795506,0.0,0.70858668429198,0.0,0.0
full_nl_seed1,lstm,CARLA,36,0,278.3193727698331,17.160251105729607,0.26,0.0,0.25,1.1120778728236782,0.25508258050366284,25,0,1.0,0.9999996248202724,0.0,0.6901030582605246,0.0,0.0
full_nl_seed1,lstm,CARLA,37,0,122.23786694709197,8.618913354609047,0.51,0.0,0.5,1.082350963975067,0.49039322865586776,50,0,1.0,0.9999997212942031,0.0,0.7831677397450242,0.0,0.0
full_nl_seed1,lstm,CARLA,38,0,106.80351358970708,7.309829161542435,0.511,0.0,0.51,1.110076900448885,0.5284569936513441,51,1,1.0,0.9999997276775779,0.0,0.806728039077309,0.0,0.0
full_nl_seed1,lstm,CARLA,39,0,321.1429924152165,19.9984037289328,0.263,0.0,0.26,1.0360927949332828,0.28874687423705453,26,1,1.0,0.9999996984154694,0.0,0.6492984961341691,0.0,0.0
full_nl_seed1,lstm,CARLA,40,1,222.18624126994328,16.680345862221678,0.514,0.0,0.51,1.032575483018932,0.501593188509187,51,1,1.0,0.9999997504978789,0.0,0.6363782243773164,1.0,0.0
full_nl_seed1,lstm,CARLA,41,1,208.98483635128338,14.95832859801305,0.514,0.0,0.51,1.0598811219963757,0.5021439950448389,51,1,1.0,0.9999997403121301,0.0,0.626505938652292,1.0,0.0
full_nl_seed1,lstm,CARLA,42,0,194.42619748126904,15.029158398483895,0.508,0.0,0.5,1.0847882869974377,0.5331410587147973,50,0,1.0,0.99999973313557,0.0,0.6780880420738984,0.0,0.0
full_nl_seed1,lstm,CARLA,43,0,179.0412191433799,10.411925965530113,0.26,0.0,0.25,1.1647952903444438,0.23929430355165565,25,0,1.0,0.9999996578459664,0.0,0.7876437332307042,0.0,0.0
full_nl_seed1,lstm,CARLA,44,0,190.47330359483715,10.92898973454635,0.262,0.0,0.26,1.1437279198693084,0.2541507314860134,26,1,1.0,0.9999997179400965,0.0,0.7739665525889616,0.0,0.0
full_nl_seed1,lstm,CARLA,45,1,249.20892804889087,19.316559201402768,0.512,0.0,0.51,0.9989751948840495,0.5406066542490264,51,1,1.0,0.9999996969256367,0.0,0.7507139274940359,1.0,0.0
full_nl_seed1,lstm,CARLA,46,0,278.3216410986965,16.671408138784425,0.261,0.0,0.25,1.1098327746627468,0.2882582171655477,25,0,1.0,0.9999996679987891,0.0,0.6900301306372637,0.0,0.0
full_nl_seed1,lstm,CARLA,47,1,336.23509967683094,20.305077745496085,0.261,0.0,0.26,1.0434227808412535,0.2629785171671693,26,1,1.0,0.9999996938595686,0.0,0.6401562040928489,1.0,0.0
full_nl_seed1,lstm,CARLA,48,1,270.5217364381401,17.290576939705524,0.263,0.0,0.26,1.0796014227621944,0.23558890092760623,26,1,1.0,0.9999988192506973,0.0,0.696302117342693,1.0,0.0
full_nl_seed1,lstm,CARLA,49,0,680.8872525590966,39.41110408014276,0.261,0.0,0.25,0.7684457836850576,0.24547968965952935,25,0,1.0,0.9999996009335257,0.0,0.4034877683382189,0.0,0.0
full_nl_seed1,lstm,CARLA,50,0,186.4963214840859,13.655811683829958,0.508,0.0,0.5,1.065813969374375,0.458259059940806,50,0,1.0,0.9999997781117597,0.0,0.6885524275391155,0.0,0.0
full_nl_seed1,lstm,CARLA,51,1,263.1076658094498,18.413521002763993,0.511,0.0,0.51,0.9451215567695116,0.4962564282262415,51,1,1.0,0.9999997178331862,0.0,0.5872399774437156,1.0,0.0
full_nl_seed1,lstm,CARLA,52,0,321.3296334097677,19.44363505477759,0.26,0.0,0.25,1.039020977893569,0.22412971099189524,25,0,1.0,0.9999996908900074,0.0,0.6515294845146712,0.0,0.0
full_nl_seed1,lstm,CARLA,53,0,126.0805559227313,8.836200642009858,0.512,0.0,0.5,1.161824804668674,0.5363907542764161,50,0,1.0,0.9999997316286641,0.0,0.7771948267478658,0.0,0.0
full_nl_seed1,lstm,CARLA,54,0,216.8141192274631,16.15825944210119,0.51,0.0,0.5,1.0761519940256146,0.46698354437020545,50,0,1.0,0.9999997086715485,0.0,0.6477765973965713,0.0,0.0
full_nl_seed1,lstm,CARLA,55,0,310.1247774630187,18.82310469167012,0.258,0.0,0.25,1.0616462602833692,0.23527210517372182,25,0,1.0,0.9999996951652985,0.0,0.6612646790740873,0.0,0.0
full_nl_seed1,lstm,CARLA,56,0,323.5912357865738,19.28385185197658,0.262,0.0,0.25,1.0986240658234194,0.25752509363776793,25,0,1.0,0.9999996564881298,0.0,0.6501657408954441,0.0,0.0
full_nl_seed1,lstm,CARLA,57,0,580.2240048868676,34.16443642117824,0.262,0.0,0.25,0.8592265946606564,0.25159937200692895,25,0,1.0,0.9999996790105268,0.0,0.46141992944225374,0.0,0.0
full_nl_seed1,lstm,CARLA,58,0,192.30098852314492,14.540985822104027,0.51,0.0,0.5,1.0939851651785117,0.4901353030022879,50,0,1.0,0.9999997731771513,0.0,0.680678273556207,0.0,0.0
full_nl_seed1,lstm,CARLA,59,0,308.80826928598736,21.997441655804266,0.509,0.0,0.5,1.0123999119705718,0.5185673962239,50,0,1.0,0.9999996830290845,0.0,0.539260309969338,0.0,0.0
full_nl_seed1,lstm,CARLA,60,1,322.45743664263534,20.320509505150472,0.263,0.0,0.26,1.0310210566180014,0.2685692753934995,26,1,1.0,0.999999718078012,0.0,0.6468615702721209,1.0,0.0
full_nl_seed1,lstm,CARLA,61,0,186.04736993974532,10.689464572584514,0.26,0.0,0.25,1.0509519380133063,0.24987862312791584,25,0,1.0,0.9999996963831423,0.0,0.7800959379991591,0.0,0.0
full_nl_seed1,lstm,CARLA,62,0,126.2856635922027,8.628722467180136,0.511,0.0,0.5,1.1252417710816778,0.4980429827315537,50,0,1.0,0.9999996998768569,0.0,0.7767095038860525,0.0,0.0
full_nl_seed1,lstm,CARLA,63,0,195.2913890967577,11.301249129128774,0.259,0.0,0.25,1.095390201205662,0.2515454032513456,25,0,1.0,0.9999997422709291,0.0,0.770649436335541,0.0,0.0
full_nl_seed1,lstm,CARLA,64,0,167.0928903866507,9.844686183243258,0.26,0.0,0.25,1.1205028455652855,0.22904420324928057,25,0,1.0,0.9999997605852625,0.0,0.8002643690411783,0.0,0.0
full_nl_seed1,lstm,CARLA,65,0,265.18152998027153,16.64178397678902,0.262,0.0,0.25,1.0498658767965838,0.24546084451193562,25,0,1.0,0.9999996971467072,0.0,0.7022747715465458,0.0,0.0
full_nl_seed1,lstm,CARLA,66,0,159.85111218004369,11.996761531816048,0.512,0.0,0.5,1.0687405742598217,0.4854003595957833,50,0,1.0,0.9999996644652004,0.0,0.7261845179967111,0.0,0.0
full_nl_seed1,lstm,CARLA,67,0,150.28295127497486,10.661914561508688,0.512,0.0,0.5,1.1112351987976585,0.5017573635849913,50,0,1.0,0.9999996607521409,0.0,0.7406687305149943,0.0,0.0
full_nl_seed1,lstm,CARLA,68,0,353.2194244442079,22.87716254461002,0.263,0.0,0.26,0.950560657042454,0.2681097641923326,26,1,1.0,0.9999997446523,0.0,0.6207492980292288,0.0,0.0
full_nl_seed1,lstm,CARLA,69,0,234.11479170591113,17.092658252099714,0.51,0.0,0.5,0.9894165899979629,0.4711044118377112,50,0,1.0,0.9999997846947731,0.0,0.6259539000994399,0.0,0.0
full_nl_seed1,lstm,CARLA,70,1,343.1484259914807,21.365508164621193,0.261,0.0,0.26,0.9840252918468784,0.25065903747913704,26,1,1.0,0.9999996423369166,0.0,0.4734546966130238,1.0,0.0
full_nl_seed1,lstm,CARLA,71,0,444.90032109837796,28.303671192342936,0.26,0.0,0.25,0.9192375876446112,0.24324790419356215,25,0,1.0,0.9999997232938609,0.0,0.5526887866897978,0.0,0.0
full_nl_seed1,lstm,CARLA,72,0,357.4544004431918,21.531882663352484,0.26,0.0,0.26,1.0863129017569948,0.2564825110528464,26,1,1.0,0.9999997149777913,0.0,0.6193026191985554,0.0,0.0
full_nl_seed1,lstm,CARLA,73,0,290.8295129742792,16.90375390328828,0.264,0.0,0.26,1.1433501424756383,0.2228559234392222,26,1,1.0,0.9999996476336075,0.0,0.6800778838263023,0.0,0.0
full_nl_seed1,lstm,CARLA,74,0,318.17175109318475,23.972625406355416,0.507,0.0,0.5,0.9184154992857139,0.538616549241441,50,0,1.0,0.9999988606886306,0.0,0.5301114699178551,0.0,0.0
full_nl_seed1,lstm,CARLA,75,0,311.88393649871523,18.103007664098197,0.265,0.0,0.26,1.0896692645212551,0.2634582345992988,26,1,1.0,0.9999997091833347,0.0,0.6582000480780036,0.0,0.0
full_nl_seed1,lstm,CARLA,76,0,274.581829538053,16.80121701245012,0.26,0.0,0.25,1.1120585521675939,0.24405804633665182,25,0,1.0,0.9999996830600572,0.0,0.6936016481257923,0.0,0.0
full_nl_seed1,lstm,CARLA,77,1,624.1243566491363,35.27375633249371,0.26,0.0,0.26,0.8653935785536957,0.26101534505389967,26,1,1.0,0.9999997164112142,0.0,0.4354182641940119,1.0,0.0
full_nl_seed1,lstm,CARLA,78,1,310.4332516964709,24.116063086323134,0.511,0.0,0.51,0.9367252349482589,0.4979611648158991,51,1,1.0,0.9999996209407405,0.0,0.5410824878276327,1.0,0.0
full_nl_seed1,lstm,CARLA,79,0,130.3035367763693,9.415468648926945,0.508,0.0,0.5,1.1272150302199189,0.493601516075,50,0,1.0,0.9999996802599942,0.0,0.7709082722484698,0.0,0.0
full_nl_seed1,lstm,CARLA,80,1,577.5924123301642,33.02654386827341,0.262,0.0,0.26,0.879525748051904,0.2364658238068787,26,1,1.0,0.9999997351322821,0.0,0.46307530056100527,1.0,0.0
full_nl_seed1,lstm,CARLA,81,0,636.7541737993968,35.50652076210794,0.259,0.0,0.25,0.87226180872062,0.28238627822586654,25,0,1.0,0.9999996706027536,0.0,0.4278465066089174,0.0,0.0
full_nl_seed1,lstm,CARLA,82,0,235.65541772173606,13.947863099587337,0.259,0.0,0.25,1.0759809912742462,0.2826396195104074,25,0,1.0,0.9999997040130711,0.0,0.7305636799282395,0.0,0.0
full_nl_seed1,lstm,CARLA,83,0,262.28826980809436,15.158345037987877,0.261,0.0,0.25,1.1382790995079652,0.24553199157661162,25,0,1.0,0.999999654840362,0.0,0.7049185572355001,0.0,0.0
full_nl_seed1,lstm,CARLA,84,0,149.61797576735472,10.152636522573834,0.511,0.0,0.51,1.1200298450507093,0.4879181308491484,51,1,1.0,0.9999997447834912,0.0,0.7333403097126435,0.0,0.0
full_nl_seed1,lstm,CARLA,85,0,215.26826455122318,13.051533791305367,0.261,0.0,0.25,1.1014717972853731,0.2611350160216916,25,0,1.0,0.9999997068749154,0.0,0.7501624772379555,0.0,0.0
full_nl_seed1,lstm,CARLA,86,0,270.2920733359413,20.078649979883707,0.51,0.0,0.51,1.002406377611686,0.4810597915633758,51,1,1.0,0.9999996956327618,0.0,0.5749850450504396,0.0,0.0
full_nl_seed1,lstm,CARLA,87,1,871.3883918256394,46.29941068487936,0.261,0.0,0.26,0.7254982023732393,0.26622520324345206,26,1,1.0,0.9999997477147555,0.0,0.7092232187711578,1.0,0.0
full_nl_seed1,lstm,CARLA,88,1,765.7668388271048,40.13354184851377,0.26,0.0,0.26,1.0722590674890098,0.260912228414056,26,1,1.0,0.9999997375619929,0.0,0.39464645548637983,1.0,0.0
full_nl_seed1,lstm,CARLA,89,1,588.394503694023,33.9105135913599,0.265,0.0,0.26,0.8735610028489319,0.2579877880443636,26,1,1.0,0.999999695294136,0.0,0.603981891264003,1.0,0.0
full_nl_seed1,lstm,CARLA,90,0,284.3388322666956,17.315867891734825,0.264,0.0,0.26,1.0750864372492226,0.23702777131891584,26,1,1.0,0.9999997267924361,0.0,0.689670609953165,0.0,0.0
full_nl_seed1,lstm,CARLA,91,0,143.76414815252005,10.742513006357436,0.508,0.0,0.5,1.0700549895648026,0.49112789508663895,50,0,1.0,0.9999997351886389,0.0,0.7498877983204638,0.0,0.0
full_nl_seed1,lstm,CARLA,92,1,233.61188274793813,14.41592307080606,0.264,0.0,0.26,1.0213040442109194,0.2726336767464648,26,1,1.0,0.9999997172997402,0.0,0.7308736063414882,1.0,0.0
full_nl_seed1,lstm,CARLA,93,1,322.3637678770376,19.61328403491527,0.263,0.0,0.26,1.0816946245783503,0.2463649947619175,26,1,1.0,0.9999996604661677,0.0,0.6481613719639233,1.0,0.0
full_nl_seed1,lstm,CARLA,94,0,205.79024253079737,12.323049449335596,0.261,0.0,0.26,1.161692906204331,0.2537442206429801,26,1,1.0,0.9999996957487389,0.0,0.7341863991698375,0.0,0.0
full_nl_seed1,lstm,CARLA,95,1,485.0117986018005,30.08181977155892,0.26,0.0,0.26,0.8602767350235482,0.24230318700796705,26,1,1.0,0.9999996874604774,0.0,0.5211934534792566,1.0,0.0
full_nl_seed1,lstm,CARLA,96,1,539.1601710031305,30.932943716402885,0.26,0.0,0.26,0.9204891121228131,0.236611361759681,26,1,1.0,0.99999962797836,0.0,0.4835981187543079,1.0,0.0
full_nl_seed1,lstm,CARLA,97,0,504.4930425616351,30.359643606133567,0.261,0.0,0.25,1.014952336933222,0.27008793833016426,25,0,1.0,0.9999997059182658,0.0,0.5101914562668614,0.0,0.0
full_nl_seed1,lstm,CARLA,98,0,285.1950996016309,20.847021589197396,0.509,0.0,0.5,1.0565408700178305,0.5242801593203886,50,0,1.0,0.9999997307058459,0.0,0.5652985703056662,0.0,0.0
full_nl_seed1,lstm,CARLA,99,0,241.9443121318625,14.686382894182001,0.267,0.0,0.26,1.1082327966497494,0.2504084133210818,26,1,1.0,0.9999997126504213,0.0,0.7270462275628431,0.0,0.0
full_nl_seed1,lstm,CftsCels,0,1,5.263404982557665,2.0924991981664425,0.93,0.0,0.9,0.9533627234797748,0.9959154145473945,90,0,0.0,0.8178353780930782,0.0,0.9492025409005955,0.0,0.0
full_nl_seed1,lstm,CftsCels,1,1,16.353151788875707,4.897410511178743,0.902,0.0,0.83,0.6445070969255178,0.8637485900713784,77,0,0.0,0.6176591240000768,0.0,0.9310644046424612,0.0,0.0
full_nl_seed1,lstm,CftsCels,2,1,5.445182096553591,2.4876611858443933,0.921,0.0,0.87,0.9809873920393988,0.9940756669944096,86,0,0.0,0.7911554506492643,0.0,0.9616712069171045,0.0,0.0
full_nl_seed1,lstm,CftsCels,3,1,3.2160974325779867,1.7840167320461007,0.928,0.0,0.87,0.8855454244833949,0.9896791710933251,87,0,0.0,0.7782001881767007,0.0,0.9756771781003969,0.0,0.0
full_nl_seed1,lstm,CftsCels,4,1,0.6410099159073666,0.4754047100736327,0.972,0.0,0.93,1.0109746581480894,0.957239645557102,93,0,0.0,0.835813024330984,0.0,0.9911078527654616,0.0,0.0
full_nl_seed1,lstm,CftsCels,5,1,3.9261909546096385,2.099302018902985,0.932,0.0,0.9,0.6657426543007835,0.9468588846091036,90,0,0.0,0.7384629682559378,0.0,0.9615391009558086,0.0,0.0
full_nl_seed1,lstm,CftsCels,6,1,3.8041527902772208,2.7366042167171334,0.937,0.0,0.87,1.0045290806192422,0.9500318126159482,87,0,0.0,0.8145504198474544,0.0,0.9712388853048876,0.0,0.0
full_nl_seed1,lstm,CftsCels,7,1,7.163499878984646,3.2459379979452074,0.933,0.0,0.91,0.7566860985540638,0.9446187056822517,91,0,0.0,0.7402940266281614,0.0,0.9236580302586689,0.0,0.0
full_nl_seed1,lstm,CftsCels,8,1,1.6521337742633186,1.199617248093741,0.957,0.0,0.92,1.0030831719845217,0.9811554826753058,92,0,0.0,0.859111830788346,0.0,0.9797374964629447,0.0,0.0
full_nl_seed1,lstm,CftsCels,9,1,6.153050720247502,1.9083948743230401,0.771,0.0,0.08,1.0449051617532799,0.8957083006516108,0,0,0.0,0.7255023190706421,0.0,0.9938305233330432,0.0,0.0
full_nl_seed1,lstm,CftsCels,10,1,2.23865941304659,1.5467896359334754,0.951,0.0,0.93,0.98996508907428,0.9687647336132088,93,0,0.0,0.8509641993511466,0.0,0.9694165835405455,0.0,0.0
full_nl_seed1,lstm,CftsCels,11,1,4.406823151705789,2.108231230843916,0.929,0.0,0.9,1.1013161179951465,0.9938393671202078,90,0,0.0,0.8303002431802763,0.0,0.9570859355413963,0.0,0.0
full_nl_seed1,lstm,CftsCels,12,1,4.436059184302369,2.0881584006414196,0.924,0.0,0.87,0.9911675130725865,0.9956315680263389,78,0,0.0,0.772057302231805,0.0,0.9799296043036421,0.0,0.0
full_nl_seed1,lstm,CftsCels,13,1,2.7371784401615087,2.0533512821187885,0.947,0.0,0.9,1.004780271806135,0.983309320610866,90,0,0.0,0.8069402385410752,0.0,0.9730795564762393,0.0,0.0
full_nl_seed1,lstm,CftsCels,14,1,5.879674164800323,2.8501976115829892,0.909,0.0,0.86,0.9070768031183364,0.8964024557897717,85,0,0.0,0.6328787654662567,0.0,0.9615868307866408,0.0,0.0
full_nl_seed1,lstm,CftsCels,15,1,6.905489600257485,2.6990886921690667,0.914,0.0,0.87,0.9992262551156464,0.9901656545850146,87,0,0.0,0.8127739730227459,0.0,0.948375604595242,0.0,0.0
full_nl_seed1,lstm,CftsCels,16,1,4.9097148498218255,2.221472902476923,0.921,0.0,0.9,0.9041972615841425,0.9697385442245677,90,0,0.0,0.55783595774008,0.0,0.936023075454642,0.0,0.0
full_nl_seed1,lstm,CftsCels,17,1,2.7390089713403563,1.9965118912005606,0.95,0.0,0.92,0.9950562792775066,0.9421404086265742,92,0,0.0,0.801638012918137,0.0,0.9666055208675074,0.0,0.0
full_nl_seed1,lstm,CftsCels,18,1,6.492422969487144,2.435511420984202,0.907,0.0,0.87,1.1517597144826783,0.9662631364363602,87,0,0.0,0.8229856705128719,0.0,0.9514214275741879,0.0,0.0
full_nl_seed1,lstm,CftsCels,19,1,4.57346511778698,2.210715734542944,0.925,0.0,0.87,0.978272955455371,0.9686004365051486,87,0,0.0,0.7717419059655519,0.0,0.9655176148773447,0.0,0.0
full_nl_seed1,lstm,CftsCels,20,1,2.060890965213478,1.7212168995846848,0.961,0.0,0.92,0.9705581480969825,0.99063155043416,92,0,0.0,0.8277313936379412,0.0,0.9747344826469834,0.0,0.0
full_nl_seed1,lstm,CftsCels,21,1,4.27294229313667,1.8842336361836793,0.916,0.0,0.87,1.0555931801397964,0.9612178059346961,87,0,0.0,0.7874923550992906,0.0,0.9677103975230869,0.0,0.0
full_nl_seed1,lstm,CftsCels,22,1,8.251088696484146,2.287256579663327,0.732,0.0,0.05,1.010433222189497,0.914151648989082,0,0,0.0,0.5093171321759196,0.0,0.9916385473889936,0.0,0.0
full_nl_seed1,lstm,CftsCels,23,1,6.677690044444496,3.0221109186639112,0.914,0.0,0.86,1.0213476516790077,0.9955390855330672,86,0,0.0,0.8130091463436065,0.0,0.9537039807038598,0.0,0.0
full_nl_seed1,lstm,CftsCels,24,1,6.713060461763351,2.311795701055162,0.969,0.1,0.92,1.1463695021268971,0.9308855439362256,92,0,0.0,0.8741220572962833,0.0,0.9071407265045341,0.0,0.0
full_nl_seed1,lstm,CftsCels,25,1,2.350251295570614,1.6447313182135923,0.947,0.0,0.91,1.0568600687323775,0.9739855994536712,91,0,0.0,0.7329458877024194,0.0,0.9740438448955865,0.0,0.0
full_nl_seed1,lstm,CftsCels,26,1,4.869067112656315,2.445995600433062,0.922,0.0,0.89,0.9671756368313418,0.9867424570262392,89,0,0.0,0.7164229410470068,0.0,0.9568767687769155,0.0,0.0
full_nl_seed1,lstm,CftsCels,27,1,2.866395107629181,1.4700587456569043,0.922,0.0,0.87,0.9221703652654387,0.9757384086321502,87,0,0.0,0.7250539497765366,0.0,0.9782712007097161,0.0,0.0
full_nl_seed1,lstm,CftsCels,28,1,2.2583614906960796,1.5854856170555813,0.943,0.0,0.92,0.974040879919073,0.9558940072638444,92,0,0.0,0.8591396515104203,0.0,0.9725823642774675,0.0,0.0
full_nl_seed1,lstm,CftsCels,29,1,9.003388317522353,2.249028296006237,0.943,0.0,0.87,0.9407929893946052,0.9762788711554079,83,0,0.0,0.7463579181576493,0.0,0.9484012008502016,0.0,0.0
full_nl_seed1,lstm,CftsCels,30,0,0.10686695417460083,0.08768853666236393,0.998,0.8,0.98,1.9455507159908039,0.9822223014715632,16,0,0.0,0.5588977375444758,1.0,0.9998227910510302,0.0,0.0
full_nl_seed1,lstm,CftsCels,31,1,1.8025305397808797,1.284566536675936,0.96,0.0,0.92,0.9886349247035082,0.9926244169285087,91,0,0.0,0.7322823648464271,0.0,0.9803346414885958,0.0,0.0
full_nl_seed1,lstm,CftsCels,32,1,1.1538363380446777,0.8679304647379665,0.971,0.0,0.93,1.0099824347640012,0.98580302911159,93,0,0.0,0.7529986925434943,0.0,0.9837623380415611,0.0,0.0
full_nl_seed1,lstm,CftsCels,33,1,4.852983249350404,1.9828441148432256,0.929,0.0,0.85,0.9388077002372796,0.990710525600072,77,0,0.0,0.8258957038699566,0.0,0.9790058238621168,0.0,0.0
full_nl_seed1,lstm,CftsCels,34,1,2.6339752037439794,2.1617904876408667,0.952,0.0,0.92,1.0101207675802646,0.9833783141107916,92,0,0.0,0.8336127882171376,0.0,0.9677826854833269,0.0,0.0
full_nl_seed1,lstm,CftsCels,35,1,5.080513921767504,2.618228840726087,0.921,0.0,0.87,1.0209249349947356,0.9837652675585249,87,0,0.0,0.8386340468881825,0.0,0.9581128026199807,0.0,0.0
full_nl_seed1,lstm,CftsCels,36,1,4.13069498223311,2.1816143284782727,0.935,0.0,0.91,0.9100661630573396,0.9457804783774372,91,0,0.0,0.8200507797026387,0.0,0.9554650002507278,0.0,0.0
full_nl_seed1,lstm,CftsCels,37,1,4.743399290538971,1.9902177693294463,0.918,0.0,0.87,1.0545338769660253,0.9554278780998386,87,0,0.0,0.7692760550187956,0.0,0.9642778527978434,0.0,0.0
full_nl_seed1,lstm,CftsCels,38,1,5.2665773080725975,2.743640502887387,0.926,0.0,0.89,0.8968646687046488,0.9725306958173978,89,0,0.0,0.8462462570887223,0.0,0.9534629848134855,0.0,0.0
full_nl_seed1,lstm,CftsCels,39,1,3.5345869987704046,2.064536495093438,0.936,0.0,0.89,0.8260968777055715,0.954553571675867,89,0,0.0,0.7945245088488107,0.0,0.9685253698592989,0.0,0.0
full_nl_seed1,lstm,CftsCels,40,1,2.7307734865673132,2.0347018666166576,0.948,0.0,0.89,1.0306921416052344,0.9951767236742396,85,0,0.0,0.8510899220930211,0.0,0.9815043701969403,0.0,0.0
full_nl_seed1,lstm,CftsCels,41,1,1.1263804079013886,0.8621162159172783,0.968,0.0,0.92,0.9653449477424365,0.9697257740321565,91,0,0.0,0.8395353153260957,0.0,0.9877548011782574,0.0,0.0
full_nl_seed1,lstm,CftsCels,42,1,3.3738358766719028,2.1989021957443007,0.938,0.0,0.88,0.8642250964163736,0.9243147128860446,88,0,0.0,0.8153296837505402,0.0,0.972360557144472,0.0,0.0
full_nl_seed1,lstm,CftsCels,43,1,5.734384621099584,2.1068044487911917,0.926,0.0,0.87,1.1306831257470582,0.9439526131366633,87,0,0.0,0.7800837038138213,0.0,0.9570022231476102,0.0,0.0
full_nl_seed1,lstm,CftsCels,44,1,3.3822813628880155,2.249645528961956,0.937,0.0,0.89,0.9397210525238187,0.9776502983535603,89,0,0.0,0.803117660116145,0.0,0.9699862625094213,0.0,0.0
full_nl_seed1,lstm,CftsCels,45,1,3.8739351589041044,2.024829244362048,0.939,0.0,0.88,0.9804549633796851,0.9522352308296582,87,0,0.0,0.8433765014988378,0.0,0.9706016529582624,0.0,0.0
full_nl_seed1,lstm,CftsCels,46,1,9.100319761217358,2.7825321935989495,0.897,0.0,0.85,1.2176234065047833,0.9097766582268666,85,0,0.0,0.7016325308012913,0.0,0.9412155318762643,0.0,0.0
full_nl_seed1,lstm,CftsCels,47,0,0.09958813419631146,0.07974039977913602,0.996,0.8,0.96,1.9206950943623855,0.9946436793873943,44,0,0.0,0.7052734360789477,1.0,0.9997761394944147,0.0,0.0
full_nl_seed1,lstm,CftsCels,48,1,0.8871738426846802,0.8241837311529511,0.984,0.0,0.95,1.012428394425873,0.9992734690049597,94,0,0.0,0.8592489607804138,0.0,0.9854203389996976,0.0,0.0
full_nl_seed1,lstm,CftsCels,49,0,0.1390617271159586,0.09390651637228367,0.989,0.3,0.92,1.9111988064742156,0.9925119773630894,13,0,0.0,0.33957225863810286,1.0,0.999823493493806,0.0,0.0
full_nl_seed1,lstm,CftsCels,50,1,3.613299852682169,2.0470537096551844,0.931,0.0,0.89,0.864474231835342,0.953814127124176,88,0,0.0,0.7960258493237844,0.0,0.9704665500343649,0.0,0.0
full_nl_seed1,lstm,CftsCels,51,1,3.9407383579637933,2.6058895071841417,0.946,0.0,0.92,0.9039638231367503,0.9705337531158078,92,0,0.0,0.7328362124207103,0.0,0.9527824533712766,0.0,0.0
full_nl_seed1,lstm,CftsCels,52,1,6.252710487538642,2.473687206570455,0.933,0.0,0.86,0.6805312428213198,0.9776535305470359,86,0,0.0,0.7749431268808706,0.0,0.9564713467863737,0.0,0.0
full_nl_seed1,lstm,CftsCels,53,1,4.614405443188526,2.1353447160705272,0.925,0.0,0.87,1.1003985504959235,0.9421973435794397,86,0,0.0,0.7797483920317332,0.0,0.96763798096946,0.0,0.0
full_nl_seed1,lstm,CftsCels,54,1,7.702863484053202,2.40558365107356,0.913,0.0,0.86,0.5893218434562162,0.9803942525047898,86,0,0.0,0.711098116715355,0.0,0.9465515688892323,0.0,0.0
full_nl_seed1,lstm,CftsCels,55,1,4.1980775293466825,1.555914001862841,0.923,0.0,0.88,0.9566840973022572,0.9653757533175618,88,0,0.0,0.7717815419570552,0.0,0.9657790517393628,0.0,0.0
full_nl_seed1,lstm,CftsCels,56,1,5.516322064226688,2.449552818924102,0.927,0.0,0.87,0.9572711697230303,0.9612873831836549,85,0,0.0,0.8187733166253517,0.0,0.9641277511783455,0.0,0.0
full_nl_seed1,lstm,CftsCels,57,1,6.2333366219618584,2.6170525285454542,0.905,0.0,0.84,0.9470562395668327,0.9468576826470126,77,0,0.0,0.8094606297293006,0.0,0.9731096153474149,0.0,0.0
full_nl_seed1,lstm,CftsCels,58,1,4.0897761418047525,1.9663433608384049,0.923,0.0,0.87,1.0809042225030847,0.9937673198081173,87,0,0.0,0.7776577042608964,0.0,0.9690540843160764,0.0,0.0
full_nl_seed1,lstm,CftsCels,59,1,5.499108945117936,2.7999259894419093,0.933,0.0,0.89,0.6793708616304972,0.9183925664988918,89,0,0.0,0.7114948765601279,0.0,0.9514178567096683,0.0,0.0
full_nl_seed1,lstm,CftsCels,60,1,0.9507736968556565,0.665767875636925,0.971,0.0,0.95,0.9863551382383874,0.9535490021104105,95,0,0.0,0.7710509590736907,0.0,0.981468793524002,0.0,0.0
full_nl_seed1,lstm,CftsCels,61,1,5.079312180391858,2.2874838507958346,0.934,0.0,0.86,0.7117363239747692,0.9819151816077123,86,0,0.0,0.7703106678920403,0.0,0.9644126512030314,0.0,0.0
full_nl_seed1,lstm,CftsCels,62,1,3.502070895587613,2.260625153118047,0.928,0.0,0.89,1.035574664957391,0.9951063996428348,89,0,0.0,0.849685915293187,0.0,0.9688214484406003,0.0,0.0
full_nl_seed1,lstm,CftsCels,63,1,3.8080617858590635,1.8144002857830572,0.936,0.0,0.87,0.7623525862362655,0.95587118332141,87,0,0.0,0.8031939003553871,0.0,0.9711885211562433,0.0,0.0
full_nl_seed1,lstm,CftsCels,64,1,6.075665526132864,2.477006037380718,0.921,0.0,0.88,0.5768586976033329,0.963600664700074,88,0,0.0,0.755214222569393,0.0,0.9507273362401101,0.0,0.0
full_nl_seed1,lstm,CftsCels,65,1,2.4149394580968133,1.529396884759491,0.937,0.0,0.88,0.9769224169137948,0.9806007130123342,88,0,0.0,0.8309060800315398,0.0,0.9801710472969289,0.0,0.0
full_nl_seed1,lstm,CftsCels,66,1,2.5857203700600477,1.4663386390510338,0.939,0.0,0.91,0.9254210925253832,0.9793323555097461,88,0,0.0,0.8039838893970201,0.0,0.9787034001947046,0.0,0.0
full_nl_seed1,lstm,CftsCels,67,1,4.385873107302392,1.9548213970925257,0.922,0.0,0.86,1.1178821963970926,0.984891427109606,81,0,0.0,0.7661488736023109,0.0,0.9765877566387543,0.0,0.0
full_nl_seed1,lstm,CftsCels,68,1,13.403712670602774,2.419819968105572,0.931,0.0,0.86,0.8873135815601056,0.9118651979566597,86,0,0.0,0.6098976624727159,0.0,0.909010126021278,0.0,0.0
full_nl_seed1,lstm,CftsCels,69,1,2.6407891960315113,1.4526988717835954,0.943,0.0,0.91,1.1025817464588565,0.9825558974986404,91,0,0.0,0.8049874634598553,0.0,0.971076328447375,0.0,0.0
full_nl_seed1,lstm,CftsCels,70,1,4.914233574560569,2.5131413349251583,0.924,0.0,0.86,1.014990556039285,0.9692705009739292,85,0,0.0,0.7841922004561463,0.0,0.9677988569570373,0.0,0.0
full_nl_seed1,lstm,CftsCels,71,1,2.4749100893557308,2.049203989535219,0.957,0.1,0.91,1.0073340922422191,0.9701914105695554,90,0,0.0,0.7584621155018324,0.0,0.9756577927057405,0.0,0.0
full_nl_seed1,lstm,CftsCels,72,1,3.6325398530857713,2.5745384182709494,0.935,0.0,0.87,0.967171750086072,0.9961145739949573,87,0,0.0,0.828563833090751,0.0,0.9724810043535413,0.0,0.0
full_nl_seed1,lstm,CftsCels,73,1,4.147536379276229,2.2980426879230205,0.931,0.0,0.89,1.0164318597887512,0.9665922927790278,89,0,0.0,0.763336842502481,0.0,0.9631248691377426,0.0,0.0
full_nl_seed1,lstm,CftsCels,74,1,5.051529815291072,2.230975449731471,0.928,0.0,0.87,1.0108700154603953,0.9778678270000005,81,0,0.0,0.6507441294381694,0.0,0.9737153903282343,0.0,0.0
full_nl_seed1,lstm,CftsCels,75,1,4.229314314381438,1.7865968218309802,0.926,0.0,0.85,0.6630545244509809,0.9515507554070806,78,0,0.0,0.8007823542845214,0.0,0.9800814624405056,0.0,0.0
full_nl_seed1,lstm,CftsCels,76,1,8.859120046225195,2.401489250044125,0.967,0.0,0.93,1.0819957082130622,0.9911059334805637,93,0,0.0,0.8433509554293606,0.0,0.8820909108090883,0.0,0.0
full_nl_seed1,lstm,CftsCels,77,1,6.151425868547677,2.826264345450061,0.923,0.0,0.89,1.0254781683513103,0.9552874643945426,87,0,0.0,0.6074193781180774,0.0,0.9538746307525641,0.0,0.0
full_nl_seed1,lstm,CftsCels,78,1,3.003423690814484,2.5112359422808073,0.95,0.0,0.91,1.0004786373227383,0.9887683097130477,91,0,0.0,0.7566275160294791,0.0,0.9674035900904687,0.0,0.0
full_nl_seed1,lstm,CftsCels,79,1,4.5526697219514105,2.3558848901659695,0.93,0.0,0.87,0.9345713118960303,0.989445282529951,86,0,0.0,0.6977165462060757,0.0,0.9680928958847524,0.0,0.0
full_nl_seed1,lstm,CftsCels,80,1,5.2017257820962906,2.619798755744082,0.929,0.0,0.89,1.0755905519023907,0.9972491449073198,89,0,0.0,0.7989509257441392,0.0,0.954119133528368,0.0,0.0
full_nl_seed1,lstm,CftsCels,81,1,1.3265806414717534,1.1047992749567022,0.973,0.0,0.93,0.9941603309168906,0.9863226096688896,93,0,0.0,0.8126358862594295,0.0,0.9813604660448767,0.0,0.0
full_nl_seed1,lstm,CftsCels,82,1,5.666609477803787,2.345451622707042,0.908,0.0,0.86,0.9776089205548966,0.9174851229457636,86,0,0.0,0.8576757627306043,0.0,0.9580520396457448,0.0,0.0
full_nl_seed1,lstm,CftsCels,83,1,2.7832344709553616,1.538556955282684,0.923,0.0,0.88,0.9448144661738171,0.9885880007094806,88,0,0.0,0.8383226163296547,0.0,0.9772764158367321,0.0,0.0
full_nl_seed1,lstm,CftsCels,84,1,3.6213499595673544,1.864829141559113,0.925,0.0,0.89,1.040999705974276,0.9483450261465489,86,0,0.0,0.8131732807346854,0.0,0.9744992586511628,0.0,0.0
full_nl_seed1,lstm,CftsCels,85,1,4.005543725256665,1.7622846717890346,0.937,0.0,0.91,0.9618708108263107,0.9752150248234178,91,0,0.0,0.8707807558947496,0.0,0.9568768073397687,0.0,0.0
full_nl_seed1,lstm,CftsCels,86,1,5.149608472005201,2.651336472216954,0.933,0.0,0.89,0.9803701183932679,0.9655269076880338,89,0,0.0,0.8370848801688757,0.0,0.9544033441841374,0.0,0.0
full_nl_seed1,lstm,CftsCels,87,1,5.794755887487896,2.640312991668848,0.932,0.0,0.89,1.0074136028929366,0.9141187318417303,89,0,0.0,0.7716004624498067,0.0,0.9489288209817237,0.0,0.0
full_nl_seed1,lstm,CftsCels,88,1,4.918821296526427,2.4167181287316875,0.928,0.0,0.88,1.134542159793732,0.9839775882491187,88,0,0.0,0.8435191778441511,0.0,0.9599261597319291,0.0,0.0
full_nl_seed1,lstm,CftsCels,89,1,7.883025422427934,3.1617844077094124,0.915,0.0,0.88,0.8251853817355963,0.9377262424815046,87,0,0.0,0.7643068371669981,0.0,0.9412082990132944,0.0,0.0
full_nl_seed1,lstm,CftsCels,90,1,6.243520662940215,2.8665606623626276,0.912,0.0,0.88,1.0561757696347303,0.9897089497595042,88,0,0.0,0.8127831891887651,0.0,0.9494481724874484,0.0,0.0
full_nl_seed1,lstm,CftsCels,91,1,2.877144764927262,1.5151072255585512,0.932,0.0,0.87,1.2761272863872242,0.9716081533696066,86,0,0.0,0.7308505105725527,0.0,0.9797070944529811,0.0,0.0
full_nl_seed1,lstm,CftsCels,92,1,1.9148966870434931,0.887023458253449,0.941,0.0,0.89,0.9478092534770496,0.9229022918635043,88,0,0.0,0.5873214241263801,0.0,0.9842735347334701,0.0,0.0
full_nl_seed1,lstm,CftsCels,93,1,4.07128971723193,2.3118760379557624,0.94,0.0,0.9,0.7730625262665121,0.9465051515278979,88,0,0.0,0.7533007466107089,0.0,0.9663763599461919,0.0,0.0
full_nl_seed1,lstm,CftsCels,94,1,5.366170320160506,2.5264200042317837,0.922,0.0,0.88,1.0624802035396699,0.9435581493046709,88,0,0.0,0.7178240537342924,0.0,0.9563817907634284,0.0,0.0
full_nl_seed1,lstm,CftsCels,95,1,5.256898893770334,2.521074279887446,0.919,0.0,0.87,1.0094576911318116,0.9809708451477197,86,0,0.0,0.8405660440681944,0.0,0.9631388257173569,0.0,0.0
full_nl_seed1,lstm,CftsCels,96,1,2.208086487413709,1.4569908747406257,0.935,0.0,0.9,0.9639381434552657,0.9914332466810013,90,0,0.0,0.8050183353488549,0.0,0.978440278871216,0.0,0.0
full_nl_seed1,lstm,CftsCels,97,1,7.787830314190955,2.0319811227554485,0.878,0.0,0.78,1.1168464293488918,0.9648496562292579,73,0,0.0,0.6768901814399326,0.0,0.97134694132067,0.0,0.0
full_nl_seed1,lstm,CftsCels,98,1,6.791621097142787,2.499743016195409,0.9,0.0,0.85,1.1036467433976576,0.9118601864144683,85,0,0.0,0.5958514167204185,0.0,0.9557649185758992,0.0,0.0
full_nl_seed1,lstm,CftsCels,99,1,3.9092017499413005,2.0746732171416733,0.934,0.0,0.89,1.0100029222824953,0.9362272961651589,89,0,0.0,0.7721278402561432,0.0,0.965155505438798,0.0,0.0
full_nl_seed1,lstm,CftsCOMTE,0,1,615.0297208053264,28.365674690874037,0.144,0.0,0.07,0.4381539693198429,0.17274215276256383,6,0,0.0,0.45887547339892326,0.0,0.5198214109810618,0.0,0.0
full_nl_seed1,lstm,CftsCOMTE,1,1,721.4950903979127,33.27708713999261,0.11,0.0,0.06,0.43815103493296775,0.1599278125937502,2,0,0.0,0.40715970847775707,0.0,0.4789249593049208,0.0,0.0
full_nl_seed1,lstm,CftsCOMTE,2,1,567.270545359015,26.500687623316967,0.14,0.0,0.05,0.3923439364618386,0.16449851105087585,0,0,0.0,0.42430160559635605,0.0,0.5670724549637486,0.0,0.0
full_nl_seed1,lstm,CftsCOMTE,3,1,605.3056271357015,28.367217793822974,0.161,0.0,0.05,0.38631264313079844,0.15169019002702355,0,0,0.0,0.42318288701089907,0.0,0.5459091350103438,0.0,0.0
full_nl_seed1,lstm,CftsCOMTE,4,1,274.89706308061994,11.459446899487146,0.118,0.0,0.03,0.5052039283263059,0.30148488118425215,3,0,0.0,0.36572208689863817,0.0,0.7532155404615546,0.0,0.0
full_nl_seed1,lstm,CftsCOMTE,5,1,484.304150576493,22.351239016457647,0.182,0.0,0.09,0.4447007945675665,0.1781143885116892,9,0,0.0,0.4349818836405886,0.0,0.5873209896399247,0.0,0.0
full_nl_seed1,lstm,CftsCOMTE,6,1,393.9679846430885,17.065015973757113,0.167,0.0,0.11,0.40570799616473385,0.23875813670913826,1,0,0.0,0.39864564280135206,0.0,0.6714033265979652,0.0,0.0
full_nl_seed1,lstm,CftsCOMTE,7,1,585.7874209251352,26.49640158446168,0.141,0.0,0.1,0.4048871131400619,0.18379740334746017,10,0,0.0,0.4058112992639896,0.0,0.5216109504974641,0.0,0.0
full_nl_seed1,lstm,CftsCOMTE,8,1,295.81805088284796,13.105570975104415,0.203,0.0,0.16,0.43904473589798815,0.292582206547863,16,0,0.0,0.6060699495133817,0.0,0.7032157947081982,0.0,0.0
full_nl_seed1,lstm,CftsCOMTE,9,1,607.5351942898983,28.450047956926987,0.142,0.0,0.06,0.40405065789737693,0.1576434981435179,2,0,0.0,0.45846142217174884,0.0,0.537977079580225,0.0,0.0
full_nl_seed1,lstm,CftsCOMTE,10,1,561.5257572599996,23.62205681708413,0.101,0.0,0.04,0.41860588731824133,0.20294902310398355,4,0,0.0,0.44757027871003563,0.0,0.5571505470621766,0.0,0.0
full_nl_seed1,lstm,CftsCOMTE,11,1,690.3006067094498,29.701959114836004,0.072,0.0,0.02,0.39941349120287595,0.1740235591589817,0,0,0.0,0.39700921256728966,0.0,0.5014284944272426,0.0,0.0
full_nl_seed1,lstm,CftsCOMTE,12,1,686.800179047487,32.49202073874026,0.169,0.0,0.08,0.3913122244111353,0.13831720190698804,8,0,0.0,0.41147512751644705,0.0,0.47402243428385404,0.0,0.0
full_nl_seed1,lstm,CftsCOMTE,13,1,334.4118427677941,14.770267400845949,0.188,0.0,0.09,0.4262643556572566,0.2631746108584702,9,0,0.0,0.5312420588374838,0.0,0.6924853306316268,0.0,0.0
full_nl_seed1,lstm,CftsCOMTE,14,1,607.8095781942478,28.46819353660453,0.159,0.0,0.08,0.4324391316100034,0.14979016908707388,8,0,0.0,0.39713893682797125,0.0,0.5165202865961032,0.0,0.0
full_nl_seed1,lstm,CftsCOMTE,15,1,675.6173715872615,31.626845237608237,0.125,0.0,0.04,0.3929346363393787,0.142599634620778,0,0,0.0,0.35809610402285813,0.0,0.5088428828474818,0.0,0.0
full_nl_seed1,lstm,CftsCOMTE,16,1,678.0179317722921,31.72346873671853,0.164,0.0,0.1,0.3991533550489504,0.13938413065197325,10,0,0.0,0.34921027739621535,0.0,0.4708002053063007,0.0,0.0
full_nl_seed1,lstm,CftsCOMTE,17,1,339.27767288381034,14.94506200832225,0.255,0.0,0.19,0.48605966218062213,0.2558101749426912,14,0,0.0,0.46266794151219565,0.0,0.6740036843346348,0.0,0.0
full_nl_seed1,lstm,CftsCOMTE,18,1,635.967223985385,29.086202626981017,0.135,0.0,0.07,0.4437897979750513,0.16638961914485081,2,0,0.0,0.4845280376378861,0.0,0.5225983919437605,0.0,0.0
full_nl_seed1,lstm,CftsCOMTE,19,1,623.6282784105518,29.849339460964224,0.206,0.0,0.11,0.40796030356079405,0.16832573740599002,3,0,0.0,0.4743427298927089,0.0,0.5251395252795951,0.0,0.0
full_nl_seed1,lstm,CftsCOMTE,20,1,237.12303606786764,10.021451800231981,0.142,0.0,0.04,0.4746699685477332,0.3366905707859504,0,0,0.0,0.43681924388063986,0.0,0.788898891301187,0.0,0.0
full_nl_seed1,lstm,CftsCOMTE,21,1,528.0375186927282,24.10973905142166,0.154,0.0,0.06,0.4055955071276588,0.17839076433022621,1,0,0.0,0.43673396812238424,0.0,0.5865639067873721,0.0,0.0
full_nl_seed1,lstm,CftsCOMTE,22,1,574.3902542126024,26.768983407209824,0.167,0.0,0.09,0.4321149266999956,0.17334774508425133,7,0,0.0,0.4743894349415134,0.0,0.5392272512399079,0.0,0.0
full_nl_seed1,lstm,CftsCOMTE,23,1,599.9981514651946,28.228428307791233,0.13,0.0,0.05,0.48629926657835465,0.15636949017976007,1,0,0.0,0.3450871349110444,0.0,0.5454961442910543,0.0,0.0
full_nl_seed1,lstm,CftsCOMTE,24,1,777.3413033115862,34.23586328256717,0.078,0.0,0.02,0.3903457996201024,0.1434144812537241,0,0,0.0,0.37033866420560074,0.0,0.45962621128810427,0.0,0.0
full_nl_seed1,lstm,CftsCOMTE,25,1,496.61616084123386,21.21887484327157,0.134,0.0,0.07,0.4534310345113832,0.2037814555824489,4,0,0.0,0.36899153295304155,0.0,0.5961337265959601,0.0,0.0
full_nl_seed1,lstm,CftsCOMTE,26,1,557.5524479228972,24.981170690902065,0.138,0.0,0.05,0.44405406237395245,0.18408533765204865,4,0,0.0,0.4391681217910899,0.0,0.5594474770646441,0.0,0.0
full_nl_seed1,lstm,CftsCOMTE,27,1,433.04825058380936,18.91764627920002,0.155,0.0,0.11,0.4149047488988245,0.23448786604931704,8,0,0.0,0.43650891620674276,0.0,0.6245744300075121,0.0,0.0
full_nl_seed1,lstm,CftsCOMTE,28,1,432.0339632618598,19.635444820623743,0.169,0.0,0.08,0.4425469840018806,0.19724804047995947,1,0,0.0,0.3744621769151021,0.0,0.6451475380076934,0.0,0.0
full_nl_seed1,lstm,CftsCOMTE,29,1,601.8346792166202,27.48476203185897,0.146,0.0,0.1,0.41145218758397556,0.16588613180018597,10,0,0.0,0.30179658893288036,0.0,0.5123870274945921,0.0,0.0
full_nl_seed1,lstm,CftsCOMTE,30,1,575.8135425061911,27.05373461036845,0.158,0.0,0.09,0.38962668337434775,0.1584530172057325,9,0,0.0,0.38074115787536805,0.0,0.5311395959824359,0.0,0.0
full_nl_seed1,lstm,CftsCOMTE,31,1,330.0164510509637,15.131066674109855,0.185,0.0,0.11,0.42505306034633084,0.28465449883996147,2,0,0.0,0.5531937203614853,0.0,0.7140197016216547,0.0,0.0
full_nl_seed1,lstm,CftsCOMTE,32,1,114.32801793369619,5.1006098069472,0.275,0.0,0.19,0.4755917858510129,0.5029717676494501,19,0,0.0,0.6476748089331732,0.0,0.8683817381721604,0.0,0.0
full_nl_seed1,lstm,CftsCOMTE,33,1,562.1754391398333,27.48689665256466,0.22,0.0,0.15,0.4403598431950691,0.17357254076292872,11,0,0.0,0.4285021515117176,0.0,0.5317171518589335,0.0,0.0
full_nl_seed1,lstm,CftsCOMTE,34,1,258.1926098732499,11.317396782641385,0.196,0.0,0.14,0.4243353625487242,0.32088887089493984,3,0,0.0,0.6712852289535963,0.0,0.7662416118521099,0.0,0.0
full_nl_seed1,lstm,CftsCOMTE,35,1,628.5654624558315,29.3633805707655,0.133,0.0,0.05,0.4175023035022312,0.14752894886405926,1,0,0.0,0.47122462697368606,0.0,0.5299808062919048,0.0,0.0
full_nl_seed1,lstm,CftsCOMTE,36,1,615.7839337558786,27.128844421819593,0.105,0.0,0.03,0.42518525703240945,0.18402096323226855,2,0,0.0,0.4390288229658828,0.0,0.5334753664710591,0.0,0.0
full_nl_seed1,lstm,CftsCOMTE,37,1,554.6335646318477,24.9070744052703,0.142,0.0,0.08,0.4466666053834819,0.18078236543664505,8,0,0.0,0.48517898972975865,0.0,0.5456883505771366,0.0,0.0
full_nl_seed1,lstm,CftsCOMTE,38,1,657.3468623939943,30.33659478753733,0.156,0.0,0.07,0.3507470182603907,0.14152427740284346,3,0,0.0,0.40565707114092986,0.0,0.5077850426533174,0.0,0.0
full_nl_seed1,lstm,CftsCOMTE,39,1,548.7852188999552,25.26553053606655,0.137,0.0,0.06,0.37575517854351703,0.15874676630536122,5,0,0.0,0.46392984009954846,0.0,0.561189939812956,0.0,0.0
full_nl_seed1,lstm,CftsCOMTE,40,1,725.6730377213279,31.251540027048012,0.067,0.0,0.02,0.40402816172062117,0.1487832489934987,0,0,0.0,0.4151814209245466,0.0,0.4840020082310228,0.0,0.0
full_nl_seed1,lstm,CftsCOMTE,41,1,246.6099960345175,11.125190685618989,0.207,0.0,0.11,0.3976709497489899,0.30361428614365765,11,0,0.0,0.6313185909595875,0.0,0.7579792564283787,0.0,0.0
full_nl_seed1,lstm,CftsCOMTE,42,1,465.24641986991065,21.088227779028283,0.15,0.0,0.08,0.3610793485783944,0.19115027118107042,4,0,0.0,0.4229904956757541,0.0,0.6147888164387589,0.0,0.0
full_nl_seed1,lstm,CftsCOMTE,43,1,634.7809246014799,29.977186577959575,0.183,0.0,0.09,0.3933576542529796,0.14585278373492372,7,0,0.0,0.45041496271699333,0.0,0.505326562848522,0.0,0.0
full_nl_seed1,lstm,CftsCOMTE,44,1,495.90788989317406,22.615402698173167,0.146,0.0,0.05,0.3932988492989313,0.1708947204637043,1,0,0.0,0.46453481219508896,0.0,0.6059713811637814,0.0,0.0
full_nl_seed1,lstm,CftsCOMTE,45,1,582.5709570827552,27.02612321225451,0.15,0.0,0.07,0.40277023694941955,0.15458917882116208,3,0,0.0,0.3964543793406106,0.0,0.548467784857862,0.0,0.0
full_nl_seed1,lstm,CftsCOMTE,46,1,686.3719786359342,30.4342129421683,0.107,0.0,0.06,0.4408253174541275,0.1627334599563487,2,0,0.0,0.44744388531892415,0.0,0.4964026111218416,0.0,0.0
full_nl_seed1,lstm,CftsCOMTE,47,1,603.0706221811557,28.46582375000666,0.164,0.0,0.08,0.4063201760913063,0.15416971822982592,5,0,0.0,0.4317029341728278,0.0,0.5299984314525543,0.0,0.0
full_nl_seed1,lstm,CftsCOMTE,48,1,105.09878679907442,4.75787750075065,0.288,0.0,0.2,0.46397337213428097,0.547724725762725,20,0,0.0,0.6860776995977246,0.0,0.8763353826204899,0.0,0.0
full_nl_seed1,lstm,CftsCOMTE,49,1,536.5437062013476,25.778847645624634,0.192,0.0,0.13,0.4023437186500365,0.18885452027340394,13,0,0.0,0.292666218062994,0.0,0.5397259426751108,0.0,0.0
full_nl_seed1,lstm,CftsCOMTE,50,1,571.540336029029,26.81291587871779,0.16,0.0,0.05,0.38439176165151084,0.15599096852722508,1,0,0.0,0.37535920653244326,0.0,0.5614054601934588,0.0,0.0
full_nl_seed1,lstm,CftsCOMTE,51,1,611.5675537392708,26.49658989197268,0.092,0.0,0.03,0.47407621142922773,0.16411819862525365,0,0,0.0,0.4463570174083676,0.0,0.5424898643264048,0.0,0.0
full_nl_seed1,lstm,CftsCOMTE,52,1,503.50271046430043,23.357644537339876,0.179,0.0,0.11,0.47665618369543283,0.1942515319608174,5,0,0.0,0.48752208173201,0.0,0.5883655740108303,0.0,0.0
full_nl_seed1,lstm,CftsCOMTE,53,1,709.979590211477,31.41800703685486,0.084,0.0,0.01,0.40214534763669346,0.14092597279702718,0,0,0.0,0.3995320263477306,0.0,0.49165331109305555,0.0,0.0
full_nl_seed1,lstm,CftsCOMTE,54,1,585.7583777132575,25.720919287392018,0.133,0.0,0.08,0.445487744041381,0.18784513749804244,8,0,0.0,0.4789667216397021,0.0,0.52905051970733,0.0,0.0
full_nl_seed1,lstm,CftsCOMTE,55,1,560.7246986699301,25.135157881535775,0.129,0.0,0.05,0.4464059238171669,0.17479209705856613,1,0,0.0,0.2634064865232744,0.0,0.5675717812119917,0.0,0.0
full_nl_seed1,lstm,CftsCOMTE,56,1,608.2244138725922,27.78746023893009,0.155,0.0,0.06,0.4495910242706263,0.17249822548011978,6,0,0.0,0.46630838888622406,0.0,0.5233925107126706,0.0,0.0
full_nl_seed1,lstm,CftsCOMTE,57,1,558.3405034886644,26.184713223551274,0.148,0.0,0.09,0.44940196949748185,0.16663514922192613,8,0,0.0,0.3777468144890048,0.0,0.5450586469079982,0.0,0.0
full_nl_seed1,lstm,CftsCOMTE,58,1,606.3738049594133,27.716729920910478,0.163,0.0,0.06,0.42646535057271023,0.1726795613840216,1,0,0.0,0.43246454388935096,0.0,0.5419905255882493,0.0,0.0
full_nl_seed1,lstm,CftsCOMTE,59,1,608.0879461627734,27.121107488909576,0.134,0.0,0.09,0.44604435862987846,0.18467030252512012,9,0,0.0,0.4190711062671083,0.0,0.5126276284490954,0.0,0.0
full_nl_seed1,lstm,CftsCOMTE,60,1,138.32469789932023,6.201179029000678,0.201,0.0,0.13,0.6490105798650835,0.43141968323833263,12,0,0.0,0.6462180986969247,0.0,0.8545633914674724,0.0,0.0
full_nl_seed1,lstm,CftsCOMTE,61,1,589.888195322054,27.674089910402426,0.179,0.0,0.08,0.3778591572307095,0.18325766910306157,8,0,0.0,0.47693220606135595,0.0,0.5266761590429427,0.0,0.0
full_nl_seed1,lstm,CftsCOMTE,62,1,859.4011826546025,37.67951818893407,0.058,0.0,0.02,0.39789723835877133,0.13259157058134322,0,0,0.0,0.33211619549995314,0.0,0.42341379752435887,0.0,0.0
full_nl_seed1,lstm,CftsCOMTE,63,1,504.7985157664991,23.740143295325073,0.173,0.0,0.09,0.4220301975057381,0.19505780733042377,9,0,0.0,0.5295225122386708,0.0,0.5742415884611103,0.0,0.0
full_nl_seed1,lstm,CftsCOMTE,64,1,611.8600380091194,28.147553704693262,0.128,0.0,0.04,0.3740128584092289,0.15843243699017648,0,0,0.0,0.42837821815489663,0.0,0.5423400417152328,0.0,0.0
full_nl_seed1,lstm,CftsCOMTE,65,1,458.8341320820236,20.926859531043238,0.164,0.0,0.05,0.41167973054495993,0.19095938151361286,1,0,0.0,0.45177260461252117,0.0,0.6289739193421398,0.0,0.0
full_nl_seed1,lstm,CftsCOMTE,66,1,383.8115130079614,16.947652602368464,0.179,0.0,0.1,0.43751284987071576,0.24309208083772046,3,0,0.0,0.5918931152982984,0.0,0.6731788094269047,0.0,0.0
full_nl_seed1,lstm,CftsCOMTE,67,1,614.5656349245412,27.225026170222762,0.109,0.0,0.06,0.43930046970185327,0.18150102520398062,2,0,0.0,0.43546601050754385,0.0,0.5340285456000898,0.0,0.0
full_nl_seed1,lstm,CftsCOMTE,68,1,544.3021751511377,24.02203375878263,0.103,0.0,0.03,0.3955844821824654,0.17213757949061104,0,0,0.0,0.38592232801454823,0.0,0.5801987005943771,0.0,0.0
full_nl_seed1,lstm,CftsCOMTE,69,1,574.2180484963854,24.553571792960543,0.11,0.0,0.04,0.4350248557658789,0.191655098754939,1,0,0.0,0.49715079261043715,0.0,0.559861216063295,0.0,0.0
full_nl_seed1,lstm,CftsCOMTE,70,1,757.4171772707278,33.31320087444388,0.073,0.0,0.02,0.4331919545715558,0.14047646039313602,0,0,0.0,0.36660423174533596,0.0,0.468879213642352,0.0,0.0
full_nl_seed1,lstm,CftsCOMTE,71,1,173.82708649662092,7.497040516256019,0.198,0.0,0.15,0.4642795703328821,0.4210402279030657,12,0,0.0,0.6470307221437843,0.0,0.8200260189984232,0.0,0.0
full_nl_seed1,lstm,CftsCOMTE,72,1,395.797009710859,17.9128650138873,0.159,0.0,0.09,0.39160122867000663,0.21247352234013933,9,0,0.0,0.5106561422140625,0.0,0.6472880206849801,0.0,0.0
full_nl_seed1,lstm,CftsCOMTE,73,1,726.6135352282658,32.97036444505376,0.108,0.0,0.05,0.4382971216596563,0.1474809320703757,1,0,0.0,0.3389490973413198,0.0,0.47988891231511643,0.0,0.0
full_nl_seed1,lstm,CftsCOMTE,74,1,590.8566158776458,27.342381801908967,0.144,0.0,0.06,0.44418272322284325,0.1747404043213462,3,0,0.0,0.4525813074875551,0.0,0.5438297305173718,0.0,0.0
full_nl_seed1,lstm,CftsCOMTE,75,1,588.6372915814375,27.976001937119193,0.157,0.0,0.08,0.4134163900162293,0.15211748480539394,8,0,0.0,0.4272094099095789,0.0,0.5273957270338272,0.0,0.0
full_nl_seed1,lstm,CftsCOMTE,76,1,635.7441364928254,28.233132833217113,0.113,0.0,0.05,0.4151583236051705,0.18022919087331077,2,0,0.0,0.3846496891475045,0.0,0.522700008128251,0.0,0.0
full_nl_seed1,lstm,CftsCOMTE,77,1,636.9757700464664,29.418877146911647,0.125,0.0,0.03,0.43607177919236195,0.1544234113158593,1,0,0.0,0.29279070669347307,0.0,0.5254975410375063,0.0,0.0
full_nl_seed1,lstm,CftsCOMTE,78,1,313.77906727244317,14.334161790181186,0.205,0.0,0.13,0.45847962558332334,0.24720688889876247,13,0,0.0,0.40894692332828425,0.0,0.6972315471977388,0.0,0.0
full_nl_seed1,lstm,CftsCOMTE,79,1,650.1618402404486,28.64646760927026,0.107,0.0,0.06,0.4354434243704911,0.1751658622717446,0,0,0.0,0.41786845773051917,0.0,0.5215544641523521,0.0,0.0
full_nl_seed1,lstm,CftsCOMTE,80,1,694.8701477055432,31.34114455871906,0.095,0.0,0.03,0.4035392003704766,0.14722371141014812,0,0,0.0,0.36694255524368014,0.0,0.4991397283435139,0.0,0.0
full_nl_seed1,lstm,CftsCOMTE,81,1,152.57728771722026,6.8620030973856005,0.236,0.0,0.16,0.46111406049719683,0.4398610483203481,16,0,0.0,0.4228102116610455,0.0,0.8339184379112263,0.0,0.0
full_nl_seed1,lstm,CftsCOMTE,82,1,628.6487909888373,30.38232697111502,0.174,0.0,0.11,0.3787780156656244,0.17383865788184874,8,0,0.0,0.4375931861706904,0.0,0.5049497210175378,0.0,0.0
full_nl_seed1,lstm,CftsCOMTE,83,1,449.91958291128594,20.00273195189325,0.178,0.0,0.11,0.430852424603423,0.22509418103709522,9,0,0.0,0.4845682848691719,0.0,0.6099412554517174,0.0,0.0
full_nl_seed1,lstm,CftsCOMTE,84,1,705.1404652133349,31.247666213684933,0.086,0.0,0.01,0.4251450567683291,0.14589229344852156,0,0,0.0,0.42222610711426517,0.0,0.49393509780313544,0.0,0.0
full_nl_seed1,lstm,CftsCOMTE,85,1,644.737939298974,28.465869071585466,0.112,0.0,0.03,0.4301037501224478,0.16493027513838343,0,0,0.0,0.463369290450324,0.0,0.5248028572638662,0.0,0.0
full_nl_seed1,lstm,CftsCOMTE,86,1,737.1957531502184,33.916181473917376,0.123,0.0,0.03,0.44159701675494,0.1390309682297079,0,0,0.0,0.38883742500858226,0.0,0.4784536816568078,0.0,0.0
full_nl_seed1,lstm,CftsCOMTE,87,1,720.1894188983125,32.67353816485604,0.117,0.0,0.03,0.42058107591076865,0.14497316438035304,2,0,0.0,0.3037099725781593,0.0,0.479563717302844,0.0,0.0
full_nl_seed1,lstm,CftsCOMTE,88,1,703.4997080104932,30.488162052451592,0.122,0.0,0.04,0.41258638627465166,0.1653094754265866,4,0,0.0,0.2950064343748276,0.0,0.48056232881399374,0.0,0.0
full_nl_seed1,lstm,CftsCOMTE,89,1,667.985486069103,28.79384500590615,0.099,0.0,0.04,0.4374697244112076,0.1754906484346781,0,0,0.0,0.44967789323380597,0.0,0.5127417390920544,0.0,0.0
full_nl_seed1,lstm,CftsCOMTE,90,1,642.4608903993185,30.15398843099965,0.138,0.0,0.07,0.401372801667843,0.14808559647963224,1,0,0.0,0.39775638176070227,0.0,0.5225881625438057,0.0,0.0
full_nl_seed1,lstm,CftsCOMTE,91,1,469.761235589988,21.08688172282229,0.148,0.0,0.07,0.3915811548279426,0.18847927284585836,1,0,0.0,0.3898250471539276,0.0,0.6221886300511155,0.0,0.0
full_nl_seed1,lstm,CftsCOMTE,92,1,333.20711723487676,14.795774051712632,0.203,0.0,0.15,0.4311921569807193,0.2659622889675084,10,0,0.0,0.5992486666226622,0.0,0.6905771924307191,0.0,0.0
full_nl_seed1,lstm,CftsCOMTE,93,1,606.3588102665349,26.690379516502304,0.097,0.0,0.03,0.4345017269874002,0.15846081866833248,0,0,0.0,0.4114107661259998,0.0,0.5452412694256045,0.0,0.0
full_nl_seed1,lstm,CftsCOMTE,94,1,618.0173435414456,28.835123813705298,0.166,0.0,0.07,0.37093952783249934,0.14925565622018785,7,0,0.0,0.37927139841112156,0.0,0.5145188700373489,0.0,0.0
full_nl_seed1,lstm,CftsCOMTE,95,1,729.1488529819175,32.82414719635909,0.109,0.0,0.02,0.4148772173114505,0.14328649300090265,0,0,0.0,0.3875572732503219,0.0,0.48232182954575226,0.0,0.0
full_nl_seed1,lstm,CftsCOMTE,96,1,367.7779162005319,16.505018387885563,0.176,0.0,0.1,0.43923161561661844,0.22513677438994487,10,0,0.0,0.44404209449313936,0.0,0.664570420072889,0.0,0.0
full_nl_seed1,lstm,CftsCOMTE,97,1,595.9479079617635,23.144085393833574,0.022,0.0,0.0,0.45165308649222496,0.17700111779052488,0,0,0.0,0.380776229244319,0.0,0.551046039093916,0.0,0.0
full_nl_seed1,lstm,CftsCOMTE,98,1,467.35292342952,18.793705128053784,0.058,0.0,0.01,0.43985658474064965,0.20938963359199053,0,0,0.0,0.4779001118983705,0.0,0.6266637751505223,0.0,0.0
full_nl_seed1,lstm,CftsCOMTE,99,1,704.334223280297,32.35243971112765,0.124,0.0,0.03,0.3826711938189722,0.14453590853329534,0,0,0.0,0.38698372611544135,0.0,0.4944357463738779,0.0,0.0
full_nl_seed1,lstm,CftsConfeti,0,0,2.419732204295491e-05,1.0845704548831652e-06,1.0,1.0,1.0,1.4063009155364952,0.972731642140668,99,1,nan,nan,nan,nan,0.0,0.0
full_nl_seed1,lstm,CftsConfeti,1,0,2.545205801912512e-05,1.151750262373298e-06,1.0,1.0,1.0,1.4015022091220755,0.9823584325263319,99,1,nan,nan,nan,nan,0.0,0.0
full_nl_seed1,lstm,CftsConfeti,2,1,706.5835305171906,39.397739412614875,0.511,0.0,0.0,1.198779109443494,0.09738213930321162,0,0,0.0,0.40064152963273175,0.0,0.2803803661747919,0.0,0.0
full_nl_seed1,lstm,CftsConfeti,3,1,700.4237781458262,39.04644042259742,0.516,0.0,0.0,1.2225522040930867,0.09536822222549333,0,0,0.0,0.3926181975507913,0.0,0.4873549131296946,0.0,0.0
full_nl_seed1,lstm,CftsConfeti,4,0,2.4220898854935072e-05,1.0648083945809868e-06,1.0,1.0,1.0,1.3571277813745302,0.9532443522113052,99,1,nan,nan,nan,nan,0.0,0.0
full_nl_seed1,lstm,CftsConfeti,5,1,720.6941966308382,39.761497428045196,0.502,0.0,0.0,1.171384313026519,0.09722014952100459,0,0,0.0,0.32628443816662017,0.0,0.3475634278504492,0.0,0.0
full_nl_seed1,lstm,CftsConfeti,6,0,2.5658016788276082e-05,1.1691377596070988e-06,1.0,1.0,1.0,1.3455668657490967,0.972712928429801,99,1,nan,nan,nan,nan,0.0,0.0
full_nl_seed1,lstm,CftsConfeti,7,0,2.53716797808147e-05,1.1515913108073812e-06,1.0,1.0,1.0,1.39604456907041,0.9920496114769579,99,1,nan,nan,nan,nan,0.0,0.0
full_nl_seed1,lstm,CftsConfeti,8,0,2.5746703632405915e-05,1.1474036346810739e-06,1.0,1.0,1.0,1.446820077305885,0.9910821191968958,99,1,nan,nan,nan,nan,0.0,0.0
full_nl_seed1,lstm,CftsConfeti,9,1,737.3622301703504,39.96074198392891,0.495,0.0,0.0,1.183287725165861,0.09809327138059257,0,0,0.0,0.4043325840123142,0.0,0.47822680766937886,0.0,0.0
full_nl_seed1,lstm,CftsConfeti,10,0,2.5754274622901904e-05,1.1625469961081393e-06,1.0,1.0,1.0,1.3968357382603307,0.9545894539243952,99,1,nan,nan,nan,nan,0.0,0.0
full_nl_seed1,lstm,CftsConfeti,11,0,2.5768036867847982e-05,1.160070235383536e-06,1.0,1.0,1.0,1.4645798249823916,0.9895895876950143,99,1,nan,nan,nan,nan,0.0,0.0
full_nl_seed1,lstm,CftsConfeti,12,1,717.2072820582738,39.44528497032203,0.498,0.0,0.01,1.197543358594886,0.09652117255094608,0,0,0.0,0.29097578147154507,0.0,0.3340730648484558,0.0,0.0
full_nl_seed1,lstm,CftsConfeti,13,0,2.5041790192270943e-05,1.1295811484148869e-06,1.0,1.0,1.0,1.454735691714948,0.9653506287291717,99,1,nan,nan,nan,nan,0.0,0.0
full_nl_seed1,lstm,CftsConfeti,14,1,700.467036200406,38.46909273890205,0.488,0.0,0.0,1.1930837333961495,0.0960685142630495,0,0,0.0,0.3375476671482586,0.0,0.3681364412528632,0.0,0.0
full_nl_seed1,lstm,CftsConfeti,15,1,714.4055649092202,39.49612255294009,0.499,0.0,0.0,1.177942227282555,0.09742283447321787,0,0,0.0,0.3887951353856062,0.0,0.3128597694722166,0.0,0.0
full_nl_seed1,lstm,CftsConfeti,16,1,689.9995800389623,38.78996653831671,0.509,0.0,0.0,1.2040716004497773,0.1013101740075988,0,0,0.0,0.3152865317568812,0.0,0.26836144102965,0.0,0.0
full_nl_seed1,lstm,CftsConfeti,17,0,2.2775389165730943e-05,1.02780644998692e-06,1.0,1.0,1.0,1.3924259729701423,0.9600977266170724,99,1,nan,nan,nan,nan,0.0,0.0
full_nl_seed1,lstm,CftsConfeti,18,0,2.6196077556760525e-05,1.1550751596921368e-06,1.0,1.0,1.0,1.4388761008113622,0.9943650525451547,99,1,nan,nan,nan,nan,0.0,0.0
full_nl_seed1,lstm,CftsConfeti,19,0,2.467748266396421e-05,1.1039261899231034e-06,1.0,1.0,1.0,1.3857770308329775,0.9985553854478048,99,1,nan,nan,nan,nan,0.0,0.0
full_nl_seed1,lstm,CftsConfeti,20,1,699.9664630121189,39.05345202121001,0.524,0.0,0.0,1.211068912545983,0.09405676406420392,0,0,0.0,0.3354352947911945,0.0,0.40656343067187795,0.0,0.0
full_nl_seed1,lstm,CftsConfeti,21,0,2.5384751240050893e-05,1.1378194245115595e-06,1.0,1.0,1.0,1.4258981913277453,0.9874735950906641,99,1,nan,nan,nan,nan,0.0,0.0
full_nl_seed1,lstm,CftsConfeti,22,0,2.4771877700197065e-05,1.1049372468342305e-06,1.0,1.0,1.0,1.3845951153261808,0.9445757027725322,99,1,nan,nan,nan,nan,0.0,0.0
full_nl_seed1,lstm,CftsConfeti,23,1,723.3626395259537,39.75661471290596,0.488,0.0,0.0,1.1676421992181678,0.10148301350457768,0,0,0.0,0.33836596056296314,0.0,0.40826188916763484,0.0,0.0
full_nl_seed1,lstm,CftsConfeti,24,1,708.3914284562466,38.92990704860572,0.504,0.0,0.0,1.2226882411195266,0.0961619776516569,0,0,0.0,0.28203861757499227,0.0,0.3278486774611482,0.0,0.0
full_nl_seed1,lstm,CftsConfeti,25,0,2.614634441917233e-05,1.1740723041773465e-06,1.0,1.0,1.0,1.375752573572527,0.9897243784310547,99,1,nan,nan,nan,nan,0.0,0.0
full_nl_seed1,lstm,CftsConfeti,26,0,2.571651062701144e-05,1.144711958751786e-06,1.0,1.0,1.0,1.3723406568487297,0.9760822287029066,99,1,nan,nan,nan,nan,0.0,0.0
full_nl_seed1,lstm,CftsConfeti,27,0,2.43352318936782e-05,1.102566764577894e-06,1.0,1.0,1.0,1.4217553784853512,0.9645944302943755,99,1,nan,nan,nan,nan,0.0,0.0
full_nl_seed1,lstm,CftsConfeti,28,1,674.8671360565335,37.39252303286792,0.51,0.0,0.0,1.2015302940090642,0.10243413202441268,0,0,0.0,0.3333632589344909,0.0,0.4838174025135535,0.0,0.0
full_nl_seed1,lstm,CftsConfeti,29,0,2.571869377317182e-05,1.1538199512246875e-06,1.0,1.0,1.0,1.3913801506105445,0.9657402455861316,99,1,nan,nan,nan,nan,0.0,0.0
full_nl_seed1,lstm,CftsConfeti,30,1,643.8164049054823,36.283551498682364,0.518,0.0,0.0,1.2394800361047669,0.10378100767033296,0,0,0.0,0.3492245971285505,0.0,0.47972260382849913,0.0,0.0
full_nl_seed1,lstm,CftsConfeti,31,0,2.455723788231945e-05,1.1179389443057168e-06,1.0,1.0,1.0,1.3438234363656731,0.9932136447766532,99,1,nan,nan,nan,nan,0.0,0.0
full_nl_seed1,lstm,CftsConfeti,32,1,648.4251265041883,36.692140387382544,0.528,0.0,0.0,1.215277023143853,0.1012894423688834,0,0,0.0,0.22589177286566056,0.0,0.17350015813541947,0.0,0.0
full_nl_seed1,lstm,CftsConfeti,33,0,2.6130471057677317e-05,1.161239596492149e-06,1.0,1.0,1.0,1.3629961477597514,0.9617442968792053,99,1,nan,nan,nan,nan,0.0,0.0
full_nl_seed1,lstm,CftsConfeti,34,0,2.4861571387461805e-05,1.1117899278932696e-06,1.0,1.0,1.0,1.4117305406953178,0.961952309312535,99,1,nan,nan,nan,nan,0.0,0.0
full_nl_seed1,lstm,CftsConfeti,35,1,768.6241917834955,41.583279170959386,0.489,0.0,0.0,1.1160821743437421,0.094666156213951,0,0,0.0,0.3261976455912,0.0,0.4051998438932996,0.0,0.0
full_nl_seed1,lstm,CftsConfeti,36,0,2.55097059462632e-05,1.1502893571794758e-06,1.0,1.0,1.0,1.411805692788152,0.9676095364744352,99,1,nan,nan,nan,nan,0.0,0.0
full_nl_seed1,lstm,CftsConfeti,37,0,2.5187815913304233e-05,1.1325888141293202e-06,1.0,1.0,1.0,1.4701725233426477,0.9839263519731993,99,1,nan,nan,nan,nan,0.0,0.0
full_nl_seed1,lstm,CftsConfeti,38,1,684.7606922465222,38.22884506267787,0.514,0.0,0.0,1.2067083054917358,0.1000947253166028,0,0,0.0,0.3231859083805904,0.0,0.25961976442903095,0.0,0.0
full_nl_seed1,lstm,CftsConfeti,39,1,741.0266948943666,40.34249092155583,0.497,0.0,0.01,1.2637017107397062,0.09486529696021777,0,0,0.0,0.39127720478450007,0.0,0.46995204810719426,0.0,0.0
full_nl_seed1,lstm,CftsConfeti,40,1,762.7827530802336,40.78563482930253,0.483,0.0,0.0,1.2107478568609602,0.09489595534321395,0,0,0.0,0.32646940304799943,0.0,0.45333935186962154,0.0,0.0
full_nl_seed1,lstm,CftsConfeti,41,1,691.6206848664083,38.34850309869597,0.505,0.0,0.0,1.1893305759504733,0.09799512624173591,0,0,0.0,0.2697836786614177,0.0,0.3251690024622936,0.0,0.0
full_nl_seed1,lstm,CftsConfeti,42,1,656.5669202824058,36.668137205622834,0.513,0.0,0.01,1.247024967166183,0.10388596250829586,0,0,0.0,0.34897661985231443,0.0,0.2988493634171074,0.0,0.0
full_nl_seed1,lstm,CftsConfeti,43,1,737.639654900086,40.50144113974202,0.505,0.0,0.02,1.1753298808668309,0.09557092596678206,0,0,0.0,0.36299527112653357,0.0,0.44287717657674425,0.0,0.0
full_nl_seed1,lstm,CftsConfeti,44,1,665.8879504905353,37.92482417434834,0.516,0.0,0.0,1.2228842628923529,0.10004843299625882,0,0,0.0,0.3319682044561375,0.0,0.17488205712737276,0.0,0.0
full_nl_seed1,lstm,CftsConfeti,45,1,698.2951989212389,39.29419847480147,0.52,0.0,0.01,1.2380525214627733,0.10203338522741616,0,0,0.0,0.21847909967822915,0.0,0.27885019340591877,0.0,0.0
full_nl_seed1,lstm,CftsConfeti,46,0,2.584301429947415e-05,1.1453130475647347e-06,1.0,1.0,1.0,1.4077653760636029,0.9558154919830063,99,1,nan,nan,nan,nan,0.0,0.0
full_nl_seed1,lstm,CftsConfeti,47,1,732.2474128490073,39.73260302066787,0.491,0.0,0.0,1.2056417523097307,0.09627981691740513,0,0,0.0,0.31514172636873894,0.0,0.3177045620378137,0.0,0.0
full_nl_seed1,lstm,CftsConfeti,48,1,686.4586276966979,37.90145604057142,0.516,0.0,0.0,1.2045828032415415,0.09753711254788214,0,0,0.0,0.2754878224295096,0.0,0.49898943846598026,0.0,0.0
full_nl_seed1,lstm,CftsConfeti,49,0,2.6184772989818264e-05,1.1639632372789457e-06,1.0,1.0,1.0,1.4276101553634317,0.9871142458913952,99,1,nan,nan,nan,nan,0.0,0.0
full_nl_seed1,lstm,CftsConfeti,50,1,747.966261783152,39.854060131601145,0.474,0.0,0.0,1.2341186184550812,0.0937353718895836,0,0,0.0,0.4019972273455879,0.0,0.44604006558873194,0.0,0.0
full_nl_seed1,lstm,CftsConfeti,51,1,730.0640516596397,39.36994458143061,0.485,0.0,0.0,1.2334101676374813,0.09337052213661286,0,0,0.0,0.30366926840509917,0.0,0.46088410856957657,0.0,0.0
full_nl_seed1,lstm,CftsConfeti,52,0,2.5263744844387752e-05,1.1327658464088484e-06,1.0,1.0,1.0,1.3971336165026842,0.926110988477727,99,1,nan,nan,nan,nan,0.0,0.0
full_nl_seed1,lstm,CftsConfeti,53,1,688.3245335512748,38.5258801043768,0.518,0.0,0.0,1.2256777304277156,0.09491347728042718,0,0,0.0,0.3168024655914959,0.0,0.49745663256510614,0.0,0.0
full_nl_seed1,lstm,CftsConfeti,54,0,2.752779418539221e-05,1.2314535415704688e-06,1.0,1.0,1.0,1.4655048122797316,0.9710333836129013,99,1,nan,nan,nan,nan,0.0,0.0
full_nl_seed1,lstm,CftsConfeti,55,0,2.368254572691214e-05,1.047664125093823e-06,1.0,1.0,1.0,1.4357474366846532,0.9886354121116361,99,1,nan,nan,nan,nan,0.0,0.0
full_nl_seed1,lstm,CftsConfeti,56,0,2.529204098793321e-05,1.151474997619808e-06,1.0,1.0,1.0,1.3940854661246607,0.9943776429719139,99,1,nan,nan,nan,nan,0.0,0.0
full_nl_seed1,lstm,CftsConfeti,57,1,709.4861967978256,39.52960893912961,0.516,0.0,0.02,1.2185807955710335,0.09605234922456857,0,0,0.0,0.28988343046975984,0.0,0.3496423426213221,0.0,0.0
full_nl_seed1,lstm,CftsConfeti,58,0,2.604823109966098e-05,1.169688648593716e-06,1.0,1.0,1.0,1.4208020678413527,0.9695459641503182,99,1,nan,nan,nan,nan,0.0,0.0
full_nl_seed1,lstm,CftsConfeti,59,0,2.47022366863304e-05,1.1128163739073455e-06,1.0,1.0,1.0,1.3866096182561145,0.9713370374135722,99,1,nan,nan,nan,nan,0.0,0.0
full_nl_seed1,lstm,CftsConfeti,60,1,780.9109273779983,42.216581630248676,0.488,0.0,0.0,1.1571658090590926,0.09107078468530876,0,0,0.0,0.3154414647060047,0.0,0.43874779558548516,0.0,0.0
full_nl_seed1,lstm,CftsConfeti,61,0,2.6026304192731725e-05,1.1839624599810262e-06,1.0,1.0,1.0,1.4078705651260437,0.9620596581270355,99,1,nan,nan,nan,nan,0.0,0.0
full_nl_seed1,lstm,CftsConfeti,62,1,754.5417477866623,40.124165581657444,0.478,0.0,0.0,1.1897057900763166,0.09259548551564392,0,0,0.0,0.23742561288286163,0.0,0.2588392902419229,0.0,0.0
full_nl_seed1,lstm,CftsConfeti,63,0,2.5439864279688112e-05,1.1605110374579637e-06,1.0,1.0,1.0,1.3902529529520784,0.9995601875954178,99,1,nan,nan,nan,nan,0.0,0.0
full_nl_seed1,lstm,CftsConfeti,64,1,776.2053298241815,41.34296175252443,0.475,0.0,0.0,1.1483947524719316,0.0960592444926758,0,0,0.0,0.33575249175856614,0.0,0.3463662907446946,0.0,0.0
full_nl_seed1,lstm,CftsConfeti,65,1,707.4180106735987,38.960672314085365,0.498,0.0,0.0,1.2145215182745412,0.09493696919375946,0,0,0.0,0.40780161624626926,0.0,0.46553084084314184,0.0,0.0
full_nl_seed1,lstm,CftsConfeti,66,0,2.576674062131426e-05,1.158125428843299e-06,1.0,1.0,1.0,1.345080806715996,0.9650363284332969,99,1,nan,nan,nan,nan,0.0,0.0
full_nl_seed1,lstm,CftsConfeti,67,0,2.598803203894334e-05,1.1535269304304157e-06,1.0,1.0,1.0,1.3864007713861894,0.9923895320525412,99,1,nan,nan,nan,nan,0.0,0.0
full_nl_seed1,lstm,CftsConfeti,68,1,710.5784035793107,39.432071820253256,0.509,0.0,0.0,1.216536386728674,0.09751521781687542,0,0,0.0,0.3400152714548336,0.0,0.48302588556571013,0.0,0.0
full_nl_seed1,lstm,CftsConfeti,69,0,2.5494342177365473e-05,1.13939960241704e-06,1.0,1.0,1.0,1.3866475349700174,0.9969472547016975,99,1,nan,nan,nan,nan,0.0,0.0
full_nl_seed1,lstm,CftsConfeti,70,1,640.9605673732143,36.99318185378224,0.541,0.0,0.0,1.2421940171488692,0.09801145979574605,0,0,0.0,0.23860927688447245,0.0,0.2480258699334617,0.0,0.0
full_nl_seed1,lstm,CftsConfeti,71,1,785.6490209401022,42.486843283065745,0.485,0.0,0.0,1.1750761352693364,0.09418969588217374,0,0,0.0,0.3526315873649354,0.0,0.45429994637818344,0.0,0.0
full_nl_seed1,lstm,CftsConfeti,72,1,745.4237657946711,40.531337030372455,0.481,0.0,0.0,1.1520782873318776,0.09446121051562949,0,0,0.0,0.3266467128114973,0.0,0.43801175336370857,0.0,0.0
full_nl_seed1,lstm,CftsConfeti,73,1,724.8021450357039,39.833514915744324,0.493,0.0,0.0,1.177671486102051,0.10092010711081466,0,0,0.0,0.3004198094100251,0.0,0.2792542567821943,0.0,0.0
full_nl_seed1,lstm,CftsConfeti,74,0,2.5091970969209204e-05,1.1328358642652391e-06,1.0,1.0,1.0,1.3888111410652004,0.9960570519228624,99,1,nan,nan,nan,nan,0.0,0.0
full_nl_seed1,lstm,CftsConfeti,75,1,696.1429893046785,38.55926258832441,0.517,0.0,0.0,1.2299677420381574,0.09417134147734435,0,0,0.0,0.40053173420821464,0.0,0.490249570554319,0.0,0.0
full_nl_seed1,lstm,CftsConfeti,76,0,2.4452042205043607e-05,1.1131407479865862e-06,1.0,1.0,1.0,1.4089559080367702,0.9746866501156037,99,1,nan,nan,nan,nan,0.0,0.0
full_nl_seed1,lstm,CftsConfeti,77,1,686.0639157618914,38.12380309658854,0.509,0.0,0.0,1.2414451485448559,0.09915599552717798,0,0,0.0,0.32438495448631044,0.0,0.30554212639805534,0.0,0.0
full_nl_seed1,lstm,CftsConfeti,78,1,705.5018687982412,39.10256871438116,0.499,0.0,0.0,1.2303050534131517,0.09559290130582487,0,0,0.0,0.24748298875249938,0.0,0.30617949393212884,0.0,0.0
full_nl_seed1,lstm,CftsConfeti,79,0,2.397268541991975e-05,1.0714525347206281e-06,1.0,1.0,1.0,1.440513545600463,0.9605575330468241,99,1,nan,nan,nan,nan,0.0,0.0
full_nl_seed1,lstm,CftsConfeti,80,1,774.0019679392392,42.067577847360226,0.479,0.0,0.0,1.177496189482386,0.0985186842591167,0,0,0.0,0.30984821882985414,0.0,0.27157456868645774,0.0,0.0
full_nl_seed1,lstm,CftsConfeti,81,1,716.397852695216,38.88430377424155,0.491,0.0,0.0,1.2256606230662412,0.0936156370806263,0,0,0.0,0.3277716913832025,0.0,0.4882398590062203,0.0,0.0
full_nl_seed1,lstm,CftsConfeti,82,0,2.4559536570586092e-05,1.1245584416321158e-06,1.0,1.0,1.0,1.3754239167892222,0.9438213049013425,99,1,nan,nan,nan,nan,0.0,0.0
full_nl_seed1,lstm,CftsConfeti,83,0,2.5840297607117833e-05,1.1491924404009897e-06,1.0,1.0,1.0,1.3635444190717272,0.9768443973455083,99,1,nan,nan,nan,nan,0.0,0.0
full_nl_seed1,lstm,CftsConfeti,84,1,729.3912034796936,39.87942039254296,0.486,0.0,0.0,1.1578632266209339,0.09820779175759381,0,0,0.0,0.3909498382952864,0.0,0.4659977467468497,0.0,0.0
full_nl_seed1,lstm,CftsConfeti,85,0,2.4507691788891797e-05,1.0986976849370959e-06,1.0,1.0,1.0,1.4206603740068962,0.9988953264486972,99,1,nan,nan,nan,nan,0.0,0.0
full_nl_seed1,lstm,CftsConfeti,86,1,723.1108440645272,39.48992064536177,0.5,0.0,0.0,1.1825043554813865,0.09480327885593437,0,0,0.0,0.3432714348183039,0.0,0.33414569172832237,0.0,0.0
full_nl_seed1,lstm,CftsConfeti,87,1,724.8570920508746,39.623994781460574,0.507,0.0,0.0,1.2069466005047615,0.09399336810840035,0,0,0.0,0.2596598949258346,0.0,0.21012642432294945,0.0,0.0
full_nl_seed1,lstm,CftsConfeti,88,0,2.4287902064816513e-05,1.083753610495398e-06,1.0,1.0,1.0,1.3692319277934986,0.9736492447201895,99,1,nan,nan,nan,nan,0.0,0.0
full_nl_seed1,lstm,CftsConfeti,89,0,2.5703803238220045e-05,1.148611627382438e-06,1.0,1.0,1.0,1.4296869015423355,0.9907701700872251,99,1,nan,nan,nan,nan,0.0,0.0
full_nl_seed1,lstm,CftsConfeti,90,1,731.3661958466157,39.56283524379947,0.493,0.0,0.0,1.2073432442420506,0.09467085059074476,0,0,0.0,0.35812341098476774,0.0,0.40725278498081946,0.0,0.0
full_nl_seed1,lstm,CftsConfeti,91,1,701.1368025761847,38.80827178653775,0.501,0.0,0.0,1.1793021891335576,0.09929975146323258,0,0,0.0,0.3394088275696155,0.0,0.4700087571990789,0.0,0.0
full_nl_seed1,lstm,CftsConfeti,92,0,2.4606801913049786e-05,1.1087752768141663e-06,1.0,1.0,1.0,1.4375324884124046,0.9278438974478871,99,1,nan,nan,nan,nan,0.0,0.0
full_nl_seed1,lstm,CftsConfeti,93,1,734.5898777021935,39.73884053740211,0.486,0.0,0.0,1.2177973996801092,0.09436593910469541,0,0,0.0,0.2861445045411097,0.0,0.3747358603296965,0.0,0.0
full_nl_seed1,lstm,CftsConfeti,94,1,727.458472208886,39.60179547901698,0.504,0.0,0.0,1.2226028704529301,0.0987821231170802,0,0,0.0,0.34009291797218355,0.0,0.3191906661615332,0.0,0.0
full_nl_seed1,lstm,CftsConfeti,95,1,732.3170392129371,39.998455249478475,0.501,0.0,0.0,1.2096950104493194,0.09556357012938646,0,0,0.0,0.3624539329842263,0.0,0.27211271430748885,0.0,0.0
full_nl_seed1,lstm,CftsConfeti,96,1,747.3244384177731,39.43401860214636,0.452,0.0,0.0,1.2075266198980847,0.09572889052882612,0,0,0.0,0.31578222276823265,0.0,0.23607198127384624,0.0,0.0
full_nl_seed1,lstm,CftsConfeti,97,0,2.419628955869363e-05,1.1042447788458386e-06,1.0,1.0,1.0,1.4332511604744207,0.9990728363353543,99,1,nan,nan,nan,nan,0.0,0.0
full_nl_seed1,lstm,CftsConfeti,98,0,2.524978948952039e-05,1.116165199594607e-06,1.0,1.0,1.0,1.3908174932980322,0.948108121839237,99,1,nan,nan,nan,nan,0.0,0.0
full_nl_seed1,lstm,CftsConfeti,99,1,742.4376960559446,40.42840597856212,0.494,0.0,0.0,1.1812339244295498,0.09582833979300905,0,0,0.0,0.3274951400015218,0.0,0.27249707746520296,0.0,0.0
full_nl_seed1,lstm,CftsWachter,0,1,1478.437634787093,63.911107114234554,0.01,0.0,0.0,0.6804899125612522,0.46109719247907305,0,0,0.0,0.6291367439676627,0.0,0.5628370677511234,0.0,0.0
full_nl_seed1,lstm,CftsWachter,1,1,850.8340402369724,44.20037969317867,0.174,0.0,0.0,0.5498690980876809,0.215237815192402,0,0,0.0,0.4659368250763465,0.0,0.41003347664013756,0.0,0.0
full_nl_seed1,lstm,CftsWachter,2,1,784.7062503184775,39.567405707211265,0.002,0.0,0.0,0.8878123694040138,0.9982607523896055,0,0,0.0,0.706800970388081,0.0,0.4272172522435012,0.0,0.0
full_nl_seed1,lstm,CftsWachter,3,1,525.2272699429882,29.751829831859574,0.079,0.0,0.0,0.9518254211877683,0.2806150816164546,0,0,0.0,0.5582506742080507,0.0,0.6414266164323595,0.0,0.0
full_nl_seed1,lstm,CftsWachter,4,1,923.9467782175661,45.6613917114235,0.203,0.0,0.0,0.5946446595290971,0.19230339164868956,0,0,0.0,0.3240059827195592,0.0,0.47294954578141835,0.0,0.0
full_nl_seed1,lstm,CftsWachter,5,1,683.9304497395653,34.310470132795395,0.007,0.0,0.0,0.9802957449468395,0.9765104749622183,0,0,0.0,0.6309911020128113,0.0,0.5064135576859593,0.0,0.0
full_nl_seed1,lstm,CftsWachter,6,1,544.2688160771104,32.17468232326389,0.198,0.0,0.0,0.8759838787101031,0.2682398539311549,0,0,0.0,0.6317894562627084,0.0,0.43503205433917275,0.0,0.0
full_nl_seed1,lstm,CftsWachter,7,1,680.8526742882921,35.06664775934877,0.209,0.0,0.0,0.8543610950994622,0.1977896093042864,0,0,0.0,0.4656046874417105,0.0,0.583605147362737,0.0,0.0
full_nl_seed1,lstm,CftsWachter,8,1,291.14012995394876,21.57240148436256,0.431,0.0,0.01,1.0169875385676257,0.33200383126305283,0,0,0.0,0.5889310708145936,0.0,0.7469080120400554,0.0,0.0
full_nl_seed1,lstm,CftsWachter,9,1,509.87090300231034,28.43867009370002,0.167,0.0,0.0,0.9693016543396185,0.241082370281907,0,0,0.0,0.38408651797237237,0.0,0.6159898789655246,0.0,0.0
full_nl_seed1,lstm,CftsWachter,10,1,1225.0154358265736,53.92787412487953,0.053,0.0,0.0,0.6677919749975793,0.1839030828298213,0,0,0.0,0.4039837325915286,0.0,0.43503796631602487,0.0,0.0
full_nl_seed1,lstm,CftsWachter,11,1,1586.9990886208327,66.39554911150859,0.0,0.0,0.0,0.6931454502362528,0.9845339138649396,0,0,0.0,0.7010320555919375,0.0,0.5603779157637637,0.0,0.0
full_nl_seed1,lstm,CftsWachter,12,1,2108.9976117106457,81.08030603847472,0.001,0.0,0.0,0.5482590302522727,0.9654001109428468,0,0,0.0,0.6090666598554313,0.0,0.61441852441308,0.0,0.0
full_nl_seed1,lstm,CftsWachter,13,1,1822.7835221407108,73.63726867427276,0.001,0.0,0.0,0.5502402254771135,0.9960639714034767,0,0,0.0,0.6309594118508082,0.0,0.5449815253145046,0.0,0.0
full_nl_seed1,lstm,CftsWachter,14,1,1095.2801287541586,51.071273650453065,0.082,0.0,0.0,0.6731018215177769,0.20016144559844384,0,0,0.0,0.4590527703804448,0.0,0.4089770038715493,0.0,0.0
full_nl_seed1,lstm,CftsWachter,15,1,884.5438751169809,47.49278789038656,0.158,0.0,0.0,0.4673614646226494,0.24564671137231472,0,0,0.0,0.5425271042846646,0.0,0.4912647353713413,0.0,0.0
full_nl_seed1,lstm,CftsWachter,16,1,1097.6536749305599,51.59716016428952,0.141,0.0,0.0,0.563713316580413,0.18238387430510816,0,0,0.0,0.5081179029107238,0.0,0.49761684704360765,0.0,0.0
full_nl_seed1,lstm,CftsWachter,17,1,1153.7593942774429,53.0484824794133,0.011,0.0,0.0,0.9052669612516673,0.390311955762213,0,0,0.0,0.39165743583519724,0.0,0.5657551999722191,0.0,0.0
full_nl_seed1,lstm,CftsWachter,18,1,1616.97911846305,68.08795169689003,0.0,0.0,0.0,0.6879113549665622,0.9736968066378994,0,0,0.0,0.7345864443977563,0.0,0.6054924927345173,0.0,0.0
full_nl_seed1,lstm,CftsWachter,19,1,402.9915727158747,23.960047807004806,0.173,0.0,0.0,1.092616500569757,0.302421145008731,0,0,0.0,0.623141534501637,0.0,0.5640147008103803,0.0,0.0
full_nl_seed1,lstm,CftsWachter,20,1,673.4428135261248,35.62042420458682,0.221,0.0,0.0,0.808141125088343,0.20516374434802478,0,0,0.0,0.4693687505914725,0.0,0.46420139076004424,0.0,0.0
full_nl_seed1,lstm,CftsWachter,21,1,2119.358158240949,80.78713158755227,0.002,0.0,0.0,0.5766584510738925,0.9488743677163615,0,0,0.0,0.7241173915667982,0.0,0.5954085094747588,0.0,0.0
full_nl_seed1,lstm,CftsWachter,22,1,2170.3826111108665,82.54073451794291,0.001,0.0,0.0,0.5620804594698487,0.9898462596698998,0,0,0.0,0.7409292274086672,0.0,0.6461147668446666,0.0,0.0
full_nl_seed1,lstm,CftsWachter,23,1,663.4206182112632,36.9006465500535,0.032,0.0,0.0,0.8506380033663178,0.39464157253041976,0,0,0.0,0.5175894225235752,0.0,0.5842637046786997,0.0,0.0
full_nl_seed1,lstm,CftsWachter,24,1,643.6365059897773,35.12046248916845,0.249,0.0,0.0,0.8677160715666051,0.2094964390982711,0,0,0.0,0.5319778192318158,0.0,0.5443429046970385,0.0,0.0
full_nl_seed1,lstm,CftsWachter,25,1,834.9350788532304,43.20474883957449,0.163,0.0,0.0,0.44672208781340006,0.21983826617311222,0,0,0.0,0.38011050838799537,0.0,0.5802053464618403,0.0,0.0
full_nl_seed1,lstm,CftsWachter,26,1,1524.176370761956,64.99619119652795,0.001,0.0,0.0,0.6658083892792459,0.9914397211518152,0,0,0.0,0.6565710955304356,0.0,0.5654775822560144,0.0,0.0
full_nl_seed1,lstm,CftsWachter,27,1,844.504294384604,44.22882862558285,0.232,0.0,0.0,0.4881253828299116,0.2214994749223338,0,0,0.0,0.5347411622380368,0.0,0.5105341151055506,0.0,0.0
full_nl_seed1,lstm,CftsWachter,28,1,953.9927756734728,44.77384527679581,0.006,0.0,0.0,0.8404716738593293,0.9856585823668942,0,0,0.0,0.3347354281968917,0.0,0.3172016377235496,0.0,0.0
full_nl_seed1,lstm,CftsWachter,29,1,380.23764902751896,23.788790123073454,0.278,0.0,0.0,0.8835409991752446,0.31765282745213175,0,0,0.0,0.35143079939749244,0.0,0.6638174920330993,0.0,0.0
full_nl_seed1,lstm,CftsWachter,30,1,703.5302083837232,36.9296005498439,0.216,0.0,0.0,0.8458133855464826,0.19548341346441406,0,0,0.0,0.4994277986498595,0.0,0.522400180874984,0.0,0.0
full_nl_seed1,lstm,CftsWachter,31,1,739.7067807885816,39.17212958959163,0.305,0.0,0.0,0.5087075476931208,0.20876746790033354,0,0,0.0,0.4237923681864102,0.0,0.5228686519928221,0.0,0.0
full_nl_seed1,lstm,CftsWachter,32,1,1585.139014058174,65.67195339969635,0.001,0.0,0.0,0.6901713054107945,0.9501901264077752,0,0,0.0,0.5067919507530939,0.0,0.4499607552366687,0.0,0.0
full_nl_seed1,lstm,CftsWachter,33,1,2101.791661318668,81.10504592073245,0.0,0.0,0.0,0.5799080225921771,0.9494584997484968,0,0,0.0,0.38589878931119337,0.0,0.37441378441268136,0.0,0.0
full_nl_seed1,lstm,CftsWachter,34,1,855.9093426448266,42.3832119806844,0.005,0.0,0.0,0.8350786424121445,0.9553290725759824,0,0,0.0,0.32480226658130573,0.0,0.32585490911697573,0.0,0.0
full_nl_seed1,lstm,CftsWachter,35,1,1607.9110260233927,67.61755509317959,0.0,0.0,0.0,0.692142502601752,0.9947288101045324,0,0,0.0,0.6857906716610764,0.0,0.42086831436333544,0.0,0.0
full_nl_seed1,lstm,CftsWachter,36,1,1584.7581134233292,63.980512522356634,0.06,0.0,0.0,0.5768465260987923,0.15495371169720346,0,0,0.0,0.434893886890054,0.0,0.37452740414816094,0.0,0.0
full_nl_seed1,lstm,CftsWachter,37,1,1146.9943656227617,51.63196203725076,0.04,0.0,0.0,0.7053972155923252,0.21016039243825393,0,0,0.0,0.4542408342108391,0.0,0.37867191781341775,0.0,0.0
full_nl_seed1,lstm,CftsWachter,38,1,791.521671748987,45.96976707551273,0.054,0.0,0.0,0.3700637163163169,0.3471283799371019,0,0,0.0,0.5432660220840944,0.0,0.659433337262117,0.0,0.0
full_nl_seed1,lstm,CftsWachter,39,1,1515.5353032316498,64.66984284156923,0.0,0.0,0.0,0.6884865409665495,0.9670261016480364,0,0,0.0,0.4919173351721316,0.0,0.6306534484912235,0.0,0.0
full_nl_seed1,lstm,CftsWachter,40,1,357.03474222512284,21.259253514957017,0.301,0.0,0.0,0.9951081483038784,0.26271766685745984,0,0,0.0,0.5033306309639317,0.0,0.45940625633206733,0.0,0.0
full_nl_seed1,lstm,CftsWachter,41,1,1023.5190747843611,48.41250313540712,0.129,0.0,0.0,0.6965489388712356,0.17862570890584586,0,0,0.0,0.3842619019997843,0.0,0.36378422283508494,0.0,0.0
full_nl_seed1,lstm,CftsWachter,42,1,1620.1656420217705,68.01917395567835,0.002,0.0,0.0,0.6784962360897554,0.9828567962424845,0,0,0.0,0.6766933480201167,0.0,0.5839129087313927,0.0,0.0
full_nl_seed1,lstm,CftsWachter,43,1,1504.7132016713101,64.4767399262273,0.016,0.0,0.0,0.5424956475364244,0.27487287745554845,0,0,0.0,0.42981318417723813,0.0,0.5926362691177183,0.0,0.0
full_nl_seed1,lstm,CftsWachter,44,1,2017.843775580542,78.56311758753856,0.001,0.0,0.0,0.5537706368141792,0.9409578178484713,0,0,0.0,0.6132543238937841,0.0,0.6190923246297078,0.0,0.0
full_nl_seed1,lstm,CftsWachter,45,1,2114.3458316237293,81.45099880560481,0.001,0.0,0.0,0.5667604042146039,0.9947539296018295,0,0,0.0,0.34736535082290093,0.0,0.3573248192006634,0.0,0.0
full_nl_seed1,lstm,CftsWachter,46,1,858.8003026744508,43.59782669278562,0.159,0.0,0.0,0.5697851919673924,0.21598722370917853,0,0,0.0,0.487496062990246,0.0,0.5238352421953533,0.0,0.0
full_nl_seed1,lstm,CftsWachter,47,1,1148.6317975973775,55.48805613349383,0.002,0.0,0.0,0.48536432793341083,0.9882952887347993,0,0,0.0,0.4938061194460964,0.0,0.36996138073889223,0.0,0.0
full_nl_seed1,lstm,CftsWachter,48,1,1026.4490818258148,53.806140106033595,0.005,0.0,0.0,0.3791103594842248,0.9668939032158453,0,0,0.0,0.5702417740068233,0.0,0.4398439661146365,0.0,0.0
full_nl_seed1,lstm,CftsWachter,49,1,646.7560732041192,35.070851841915015,0.149,0.0,0.0,0.8008679620184824,0.2398536602451903,0,0,0.0,0.4571515685319775,0.0,0.5853567691733099,0.0,0.0
full_nl_seed1,lstm,CftsWachter,50,1,1450.1347118797905,62.559281082363434,0.001,0.0,0.0,0.6979305161071531,0.9404257211141444,0,0,0.0,0.5449189685641387,0.0,0.5179857114998139,0.0,0.0
full_nl_seed1,lstm,CftsWachter,51,1,1195.851478179442,54.18858762944748,0.145,0.0,0.0,0.5598957774686141,0.16593563180377655,0,0,0.0,0.44437544877284496,0.0,0.47092084187897626,0.0,0.0
full_nl_seed1,lstm,CftsWachter,52,1,1891.2566960881927,75.50159368716788,0.002,0.0,0.0,0.5559126024388797,0.9807616709301712,0,0,0.0,0.3809834592309852,0.0,0.3106511202812513,0.0,0.0
full_nl_seed1,lstm,CftsWachter,53,1,1235.9067894206396,56.181216392096886,0.002,0.0,0.0,0.7539908374751187,0.984815502618363,0,0,0.0,0.5004163222499515,0.0,0.3043927127871867,0.0,0.0
full_nl_seed1,lstm,CftsWachter,54,1,1428.6552526127543,61.153064849938325,0.001,0.0,0.0,0.7036981091932412,0.9828785346734575,0,0,0.0,0.7661555307701688,0.0,0.37783286768501007,0.0,0.0
full_nl_seed1,lstm,CftsWachter,55,1,2045.7406329027742,79.1086498678125,0.003,0.0,0.0,0.5622083380285007,0.945793993817069,0,0,0.0,0.6128495348019642,0.0,0.4635337485032572,0.0,0.0
full_nl_seed1,lstm,CftsWachter,56,1,409.09042696665745,24.47324037552753,0.228,0.0,0.0,1.0354964116203176,0.2846590479354973,0,0,0.0,0.6279234666781408,0.0,0.6451495756210345,0.0,0.0
full_nl_seed1,lstm,CftsWachter,57,1,494.2745690916782,29.584001629209343,0.116,0.0,0.0,0.9901968781442074,0.28637489170434643,0,0,0.0,0.6504077702939832,0.0,0.6171831521907282,0.0,0.0
full_nl_seed1,lstm,CftsWachter,58,1,737.5309490048802,39.337954625051715,0.133,0.0,0.0,0.8298159916042586,0.21597028062355794,0,0,0.0,0.5436235239735286,0.0,0.45291766180889736,0.0,0.0
full_nl_seed1,lstm,CftsWachter,59,1,1672.0175655700843,70.81983438454472,0.001,0.0,0.0,0.53608686468255,0.9830535499275307,0,0,0.0,0.6026023637456769,0.0,0.6193323484717251,0.0,0.0
full_nl_seed1,lstm,CftsWachter,60,1,1247.483030779565,58.324940801933806,0.005,0.0,0.0,0.5290467213331682,0.9917181528877745,0,0,0.0,0.7651985116244989,0.0,0.47150875176269064,0.0,0.0
full_nl_seed1,lstm,CftsWachter,61,1,2245.975907051549,84.28254795718726,0.001,0.0,0.0,0.5814086501092753,0.9269924201141447,0,0,0.0,0.67043440389748,0.0,0.6581702643265855,0.0,0.0
full_nl_seed1,lstm,CftsWachter,62,1,1135.3562624109898,54.21192258811528,0.002,0.0,0.0,0.5043263448695615,0.9746104218665795,0,0,0.0,0.5666037489940572,0.0,0.5168793151578349,0.0,0.0
full_nl_seed1,lstm,CftsWachter,63,1,977.2301154981492,48.41160831171027,0.043,0.0,0.0,0.5652071278154976,0.27447951849641494,0,0,0.0,0.4851641750040245,0.0,0.5221602797388297,0.0,0.0
full_nl_seed1,lstm,CftsWachter,64,1,2053.543751184407,79.53093261004565,0.001,0.0,0.0,0.5297313202939921,0.976313485966794,0,0,0.0,0.6588331580648951,0.0,0.5185974568596907,0.0,0.0
full_nl_seed1,lstm,CftsWachter,65,1,2210.441143309862,84.25160294157983,0.001,0.0,0.0,0.5413969963636382,0.9487139525979484,0,0,0.0,0.630964597273359,0.0,0.7042329251490496,0.0,0.0
full_nl_seed1,lstm,CftsWachter,66,1,1645.8951404831623,65.34076060993478,0.034,0.0,0.0,0.6126437691598574,0.17300114011132844,0,0,0.0,0.40669107538412663,0.0,0.387964070938453,0.0,0.0
full_nl_seed1,lstm,CftsWachter,67,1,1255.5487426846632,54.01375350221555,0.077,0.0,0.0,0.5731910668797677,0.16380587195452292,0,0,0.0,0.433987226649642,0.0,0.39434926596639464,0.0,0.0
full_nl_seed1,lstm,CftsWachter,68,1,1214.0518931802399,53.897206602787556,0.004,0.0,0.0,0.7580449942881161,0.9672961097542118,0,0,0.0,0.653344291395367,0.0,0.2447071095456278,0.0,0.0
full_nl_seed1,lstm,CftsWachter,69,1,943.1718123421872,46.290323073899266,0.152,0.0,0.0,0.624584423844326,0.197101006514001,0,0,0.0,0.5058970741976007,0.0,0.5101435784349375,0.0,0.0
full_nl_seed1,lstm,CftsWachter,70,1,681.9831810581668,34.21088511997559,0.004,0.0,0.0,0.9816447820458639,0.962218286914251,0,0,0.0,0.6614447749894443,0.0,0.5385891400302075,0.0,0.0
full_nl_seed1,lstm,CftsWachter,71,1,1372.5963230324803,60.19964021300793,0.003,0.0,0.0,0.7124520590904645,0.9806350533309306,0,0,0.0,0.6136755440722198,0.0,0.38651741496209285,0.0,0.0
full_nl_seed1,lstm,CftsWachter,72,1,889.4702416836265,41.30968715619205,0.003,0.0,0.0,0.8945092577803269,0.9866393932240792,0,0,0.0,0.7074000413974876,0.0,0.5684995345070354,0.0,0.0
full_nl_seed1,lstm,CftsWachter,73,1,795.7888987020223,36.77584232646739,0.0,0.0,0.0,1.0203434541989997,0.9344095758326452,0,0,0.0,0.6267627276534429,0.0,0.578509225698794,0.0,0.0
full_nl_seed1,lstm,CftsWachter,74,1,256.5439802109513,17.664500598254605,0.276,0.0,0.0,1.1118865346726028,0.3630332618622899,0,0,0.0,0.643782380553495,0.0,0.7739024901603215,0.0,0.0
full_nl_seed1,lstm,CftsWachter,75,1,1394.5751429256986,61.71122992987009,0.014,0.0,0.0,0.6909270883102041,0.32287768296917596,0,0,0.0,0.5564292309006581,0.0,0.6122000325377193,0.0,0.0
full_nl_seed1,lstm,CftsWachter,76,1,864.1147723251504,42.14383288173916,0.119,0.0,0.0,0.7892663865343821,0.2078557256393888,0,0,0.0,0.45063124973647667,0.0,0.41394593253191053,0.0,0.0
full_nl_seed1,lstm,CftsWachter,77,1,1805.22746837774,71.86519156981677,0.002,0.0,0.0,0.6028467453887995,0.9661181719140235,0,0,0.0,0.6735936563264692,0.0,0.6007751620034218,0.0,0.0
full_nl_seed1,lstm,CftsWachter,78,1,1508.5491538743463,63.06289781386134,0.086,0.0,0.0,0.5384060102903776,0.16843828004403116,0,0,0.0,0.46717615405550666,0.0,0.47823573070568864,0.0,0.0
full_nl_seed1,lstm,CftsWachter,79,1,767.3656368101313,41.87510559058199,0.314,0.0,0.0,0.5153082084166101,0.2142912965914075,0,0,0.0,0.5012592863069025,0.0,0.2754905362467621,0.0,0.0
full_nl_seed1,lstm,CftsWachter,80,1,2153.4951849267363,81.7066513432656,0.001,0.0,0.0,0.5521886087221851,0.9949757652425667,0,0,0.0,0.522888894598152,0.0,0.35558610407886987,0.0,0.0
full_nl_seed1,lstm,CftsWachter,81,1,1005.327891415716,49.110424575824105,0.16,0.0,0.0,0.5792506180983102,0.19537968946106285,0,0,0.0,0.40537517155051844,0.0,0.2817436014215412,0.0,0.0
full_nl_seed1,lstm,CftsWachter,82,1,739.7314092626646,36.78754760511328,0.099,0.0,0.0,0.8816410505001882,0.21729182596325844,0,0,0.0,0.4127993717536233,0.0,0.4918965251877862,0.0,0.0
full_nl_seed1,lstm,CftsWachter,83,1,439.03772570013496,25.986361739605904,0.162,0.0,0.0,1.1183054463299584,0.2769200663684666,0,0,0.0,0.6251875616343628,0.0,0.6467681035813464,0.0,0.0
full_nl_seed1,lstm,CftsWachter,84,1,740.5897859084168,43.26585109422242,0.287,0.0,0.0,0.4474274276370134,0.24182028744654474,0,0,0.0,0.42757285042761317,0.0,0.5556270908679417,0.0,0.0
full_nl_seed1,lstm,CftsWachter,85,1,520.448470373228,30.250553321585283,0.104,0.0,0.0,0.980009718297242,0.2856759736720876,0,0,0.0,0.45791493250257204,0.0,0.5969275370526822,0.0,0.0
full_nl_seed1,lstm,CftsWachter,86,1,2198.5981118960694,83.45703362283746,0.002,0.0,0.0,0.5598692653646554,0.9752209860416452,0,0,0.0,0.4617004297151076,0.0,0.4962035054627773,0.0,0.0
full_nl_seed1,lstm,CftsWachter,87,1,1574.5164340415838,66.86927539857214,0.0,0.0,0.0,0.5732910538066965,0.972492979837667,0,0,0.0,0.5070198099706268,0.0,0.3033696865828993,0.0,0.0
full_nl_seed1,lstm,CftsWachter,88,1,1048.4288895763316,48.25060537225473,0.002,0.0,0.0,0.8481306005447803,0.9491663522940871,0,0,0.0,0.6904232627868381,0.0,0.3565724687221704,0.0,0.0
full_nl_seed1,lstm,CftsWachter,89,1,2311.1519743288654,86.58641396232535,0.005,0.0,0.0,0.5786838038453038,0.9523130298233593,0,0,0.0,0.6627243115560325,0.0,0.5801479904268153,0.0,0.0
full_nl_seed1,lstm,CftsWachter,90,1,1599.5815652562799,65.71187261575972,0.043,0.0,0.0,0.5234413294037935,0.18904863267994235,0,0,0.0,0.4130994060986883,0.0,0.3730237960469046,0.0,0.0
full_nl_seed1,lstm,CftsWachter,91,1,1013.3008604004249,50.37774467245293,0.175,0.0,0.0,0.5241508085945715,0.20409588015802008,0,0,0.0,0.4243201213504025,0.0,0.5059272754100139,0.0,0.0
full_nl_seed1,lstm,CftsWachter,92,1,1389.2309204262856,60.3451138184059,0.0,0.0,0.0,0.731526240473647,0.9696971180508459,0,0,0.0,0.4682930214289105,0.0,0.3468583691422381,0.0,0.0
full_nl_seed1,lstm,CftsWachter,93,1,962.0137942644949,45.45240413991153,0.149,0.0,0.0,0.7142673724311946,0.16132351070819925,0,0,0.0,0.40446244269902065,0.0,0.43751627369659635,0.0,0.0
full_nl_seed1,lstm,CftsWachter,94,1,983.0332167167682,50.522506664260405,0.16,0.0,0.0,0.510588777435639,0.21776793090772856,0,0,0.0,0.3417969449265219,0.0,0.31954546795451444,0.0,0.0
full_nl_seed1,lstm,CftsWachter,95,1,1477.3251692082106,65.76811502770047,0.0,0.0,0.0,0.48486295533394275,0.9723987523420082,0,0,0.0,0.5854134308392763,0.0,0.3254833081083339,0.0,0.0
full_nl_seed1,lstm,CftsWachter,96,1,1631.9759829317566,65.47547621491323,0.043,0.0,0.0,0.5655435202494931,0.16890495430528404,0,0,0.0,0.4145096989007773,0.0,0.3035996126326601,0.0,0.0
full_nl_seed1,lstm,CftsWachter,97,1,1545.5508175240966,66.592675110055,0.001,0.0,0.0,0.5237533639146359,0.9630590798097223,0,0,0.0,0.5402715512469397,0.0,0.4813035909977171,0.0,0.0
full_nl_seed1,lstm,CftsWachter,98,1,1552.2928357037867,66.58469856596872,0.002,0.0,0.0,0.5343566586240882,0.9602033294246903,0,0,0.0,0.7849098156340524,0.0,0.6806017409872251,0.0,0.0
full_nl_seed1,lstm,CftsWachter,99,1,2224.6388794187574,84.34412294615429,0.003,0.0,0.0,0.5627898677468701,0.9861572941810205,0,0,0.0,0.7262544472897912,0.0,0.47633672136860405,0.0,0.0
full_nl_seed1,lstm,PearlCARLA,0,0,0.1081670742253011,0.015837234471993332,0.969,0.1,0.86,1.121056930485728,0.9727147253092505,25,0,0.0,0.5688334751860664,1.0,0.9999996250961429,0.0,0.0
full_nl_seed1,lstm,PearlCARLA,1,0,0.41678174986798233,0.08210781178979777,0.932,0.1,0.75,1.0982927984365976,0.9823513096178557,26,0,0.0,0.6205457335125797,1.0,0.9999988097178747,0.0,0.0
full_nl_seed1,lstm,PearlCARLA,2,0,0.0778243799013303,0.010250539283944494,0.98,0.2,0.87,1.1324476812606852,0.9603742723265368,25,0,0.0,0.5396420616231274,1.0,0.9999972483016243,0.0,0.0
full_nl_seed1,lstm,PearlCARLA,3,0,0.00021092295802791535,1.3945891299038833e-05,1.0,1.0,1.0,1.1584092836017117,0.9915751900383136,99,1,nan,nan,nan,nan,0.0,0.0
full_nl_seed1,lstm,PearlCARLA,4,0,0.003329189219812805,0.000425892075801222,1.0,1.0,1.0,1.1830846645081197,0.9532435605557417,99,1,nan,nan,nan,nan,0.0,0.0
full_nl_seed1,lstm,PearlCARLA,5,0,0.09249749265923296,0.015233346859259474,0.977,0.3,0.86,1.0905787327145497,0.9658238590298641,27,0,0.0,0.5259376022426484,1.0,0.9999995616184596,0.0,0.0
full_nl_seed1,lstm,PearlCARLA,6,0,0.00046634212559340613,5.6023895154203456e-05,1.0,1.0,1.0,1.1919249308320952,0.9727130620245307,99,1,nan,nan,nan,nan,0.0,0.0
full_nl_seed1,lstm,PearlCARLA,7,0,0.0003466072875395222,2.527099506007273e-05,1.0,1.0,1.0,1.193887365199994,0.9920495438330874,99,1,nan,nan,nan,nan,0.0,0.0
full_nl_seed1,lstm,PearlCARLA,8,0,0.003801512712108837,0.0007012326928742705,1.0,1.0,1.0,1.256968666828165,0.991081069895784,99,1,nan,nan,nan,nan,0.0,0.0
full_nl_seed1,lstm,PearlCARLA,9,0,0.0012571925599773447,0.0002219422491872921,1.0,1.0,1.0,1.1599839213487273,0.9122825463444977,99,1,nan,nan,nan,nan,0.0,0.0
full_nl_seed1,lstm,PearlCARLA,10,0,0.00025900973650467597,2.074181311779939e-05,1.0,1.0,1.0,1.1807961433499496,0.9545894532090249,99,1,nan,nan,nan,nan,0.0,0.0
full_nl_seed1,lstm,PearlCARLA,11,0,0.0004437099559422529,4.41127801364918e-05,1.0,1.0,1.0,1.172587959932826,0.9895896072160237,99,1,nan,nan,nan,nan,0.0,0.0
full_nl_seed1,lstm,PearlCARLA,12,0,0.00033601369873278823,2.9165247016952374e-05,1.0,1.0,1.0,1.1668419263990715,0.9844912330792296,99,1,nan,nan,nan,nan,0.0,0.0
full_nl_seed1,lstm,PearlCARLA,13,0,0.0007343125341359082,7.72701121181079e-05,1.0,1.0,1.0,1.2810036600263812,0.9653506383723045,99,1,nan,nan,nan,nan,0.0,0.0
full_nl_seed1,lstm,PearlCARLA,14,0,0.004316026699955476,0.0006108627825397225,1.0,1.0,1.0,1.175683491528856,0.9222208675224352,99,1,nan,nan,nan,nan,0.0,0.0
full_nl_seed1,lstm,PearlCARLA,15,0,0.00027358327974247483,2.204116479494236e-05,1.0,1.0,1.0,1.1971114016015105,0.9710262191349722,99,1,nan,nan,nan,nan,0.0,0.0
full_nl_seed1,lstm,PearlCARLA,16,0,0.00030573533893161467,3.503952137288331e-05,1.0,1.0,1.0,1.1661146720595408,0.9973225485307309,99,1,nan,nan,nan,nan,0.0,0.0
full_nl_seed1,lstm,PearlCARLA,17,0,0.005340390646142646,0.0011439227556908058,0.999,0.9,0.99,1.2624193923413538,0.9600979726311958,31,0,0.0,0.5138345494727553,1.0,0.9999979312092606,0.0,0.0
full_nl_seed1,lstm,PearlCARLA,18,0,0.003319950994457992,0.0005352265695909824,1.0,1.0,1.0,1.2460252861670273,0.9943633338303167,99,1,nan,nan,nan,nan,0.0,0.0
full_nl_seed1,lstm,PearlCARLA,19,0,0.00036114955779582413,2.9815140316979724e-05,1.0,1.0,1.0,1.1258890313303507,0.9985553551354562,99,1,nan,nan,nan,nan,0.0,0.0
full_nl_seed1,lstm,PearlCARLA,20,0,0.0004755412891036797,4.8738722184450465e-05,1.0,1.0,1.0,1.0941955165176305,0.9951932997987675,99,1,nan,nan,nan,nan,0.0,0.0
full_nl_seed1,lstm,PearlCARLA,21,0,0.00023730283496775813,1.3868657290474761e-05,1.0,1.0,1.0,1.1532313411106836,0.9874736021330144,99,1,nan,nan,nan,nan,0.0,0.0
full_nl_seed1,lstm,PearlCARLA,22,0,0.003794386176215041,0.0006878143352507681,1.0,1.0,1.0,1.057082652024668,0.9445747145336142,99,1,nan,nan,nan,nan,0.0,0.0
full_nl_seed1,lstm,PearlCARLA,23,0,13.39612704552287,1.3839797005856092,0.564,0.0,0.26,1.0614387873935587,0.9594753522080316,25,0,0.0,0.35818830667913587,1.0,0.9999992265474514,0.0,0.0
full_nl_seed1,lstm,PearlCARLA,24,0,0.0003195505121540718,2.3255674411580028e-05,1.0,1.0,1.0,1.12018071323227,0.9567070655884307,99,1,nan,nan,nan,nan,0.0,0.0
full_nl_seed1,lstm,PearlCARLA,25,0,0.0010105422393820946,0.00012047274029025438,1.0,1.0,1.0,1.1340764268017107,0.9897242174781381,99,1,nan,nan,nan,nan,0.0,0.0
full_nl_seed1,lstm,PearlCARLA,26,0,0.001537170455081633,0.0001748386107918264,1.0,1.0,1.0,1.2140794589244719,0.9760823120413243,99,1,nan,nan,nan,nan,0.0,0.0
full_nl_seed1,lstm,PearlCARLA,27,0,0.002177015856590893,0.0002593388116417255,1.0,1.0,1.0,1.182224101676934,0.9645940405669596,99,1,nan,nan,nan,nan,0.0,0.0
full_nl_seed1,lstm,PearlCARLA,28,0,0.023312329386955287,0.002750168137660797,0.999,0.9,0.99,1.201001058503533,0.9669624243374623,26,0,0.0,0.7362762663943693,1.0,0.9999994143483122,0.0,0.0
full_nl_seed1,lstm,PearlCARLA,29,0,0.1346283395781,0.026010846171263063,0.97,0.0,0.87,1.295005498948402,0.9657161002882154,25,0,0.0,0.477828094967322,1.0,0.9999995175369217,0.0,0.0
full_nl_seed1,lstm,PearlCARLA,30,1,397.78284000030186,30.377570275228095,0.598,0.0,0.5,0.8238063481431567,0.9865337378580252,50,0,0.0,0.7621747852819228,1.0,0.999999662111077,0.0,1.0
full_nl_seed1,lstm,PearlCARLA,31,0,0.00021625304351180138,1.4164909392263674e-05,1.0,1.0,1.0,1.1594651320440308,0.9932136593934328,99,1,nan,nan,nan,nan,0.0,0.0
full_nl_seed1,lstm,PearlCARLA,32,0,0.008632438323191043,0.0016722672862790626,1.0,1.0,1.0,1.1832321030909352,0.9788638519825846,99,1,nan,nan,nan,nan,0.0,0.0
full_nl_seed1,lstm,PearlCARLA,33,0,0.6098769623079329,0.0787507697314857,0.886,0.0,0.55,1.2806579644634926,0.9618007935271145,25,0,0.0,0.49777693727945355,1.0,0.9999993396922201,0.0,0.0
full_nl_seed1,lstm,PearlCARLA,34,0,0.0003467855764956477,3.2692993863781764e-05,1.0,1.0,1.0,1.171346706800636,0.9619522852584711,99,1,nan,nan,nan,nan,0.0,0.0
full_nl_seed1,lstm,PearlCARLA,35,0,0.0002775089275651988,2.7284611896996605e-05,1.0,1.0,1.0,1.14359203042984,0.985812796431243,99,1,nan,nan,nan,nan,0.0,0.0
full_nl_seed1,lstm,PearlCARLA,36,0,0.0002841888242959105,2.4431043204304453e-05,1.0,1.0,1.0,1.1582848398340566,0.9676095345565197,99,1,nan,nan,nan,nan,0.0,0.0
full_nl_seed1,lstm,PearlCARLA,37,0,0.000249928779361106,1.8351911576469583e-05,1.0,1.0,1.0,1.1903501148480744,0.9839263747592787,99,1,nan,nan,nan,nan,0.0,0.0
full_nl_seed1,lstm,PearlCARLA,38,0,0.00020897589419358823,1.3420459636286035e-05,1.0,1.0,1.0,1.0483443389646045,0.9945043205383505,99,1,nan,nan,nan,nan,0.0,0.0
full_nl_seed1,lstm,PearlCARLA,39,0,0.00020696346521752087,1.3593804179124127e-05,1.0,1.0,1.0,1.1902370296276197,0.9888374958011982,99,1,nan,nan,nan,nan,0.0,0.0
full_nl_seed1,lstm,PearlCARLA,40,0,0.00023775699777935002,2.0013194076799702e-05,1.0,1.0,1.0,1.1555894785713932,0.990730314962472,99,1,nan,nan,nan,nan,0.0,0.0
full_nl_seed1,lstm,PearlCARLA,41,1,29.04173967191957,3.395092001416554,0.68,0.0,0.5,0.9366798841705479,0.9722890616431019,50,0,0.0,0.6838887981907761,1.0,0.9999983147472228,0.0,1.0
full_nl_seed1,lstm,PearlCARLA,42,0,0.0001839449468832694,1.0500267063373035e-05,1.0,1.0,1.0,1.0828634168066,0.9424133780926498,99,1,nan,nan,nan,nan,0.0,0.0
full_nl_seed1,lstm,PearlCARLA,43,0,0.0008162087700386133,9.971509620919353e-05,1.0,1.0,1.0,1.1255155168570605,0.9889829634383233,99,1,nan,nan,nan,nan,0.0,0.0
full_nl_seed1,lstm,PearlCARLA,44,0,0.00017805653766315857,1.1436033565478815e-05,1.0,1.0,1.0,1.1313414324161783,0.9990789726535656,99,1,nan,nan,nan,nan,0.0,0.0
full_nl_seed1,lstm,PearlCARLA,45,0,0.12166685869885949,0.021197995273399016,0.971,0.1,0.86,1.2207829328761923,0.9701701027294181,25,0,0.0,0.7277105731981515,1.0,0.9999992105858668,0.0,0.0
full_nl_seed1,lstm,PearlCARLA,46,0,0.009889600166987382,0.001529034845871728,1.0,1.0,1.0,1.2196022811358245,0.9558143461906038,99,1,nan,nan,nan,nan,0.0,0.0
full_nl_seed1,lstm,PearlCARLA,47,0,0.00032554152318923536,2.665295805390738e-05,1.0,1.0,1.0,0.9878058686176286,0.990495482539634,99,1,nan,nan,nan,nan,0.0,0.0
full_nl_seed1,lstm,PearlCARLA,48,0,0.004140299746316312,0.0007973981148078996,1.0,1.0,1.0,1.264591795426314,0.9928633111546287,99,1,nan,nan,nan,nan,0.0,0.0
full_nl_seed1,lstm,PearlCARLA,49,0,0.00032072256886562893,2.6667920046405758e-05,1.0,1.0,1.0,1.181154976834946,0.9871142168247266,99,1,nan,nan,nan,nan,0.0,0.0
full_nl_seed1,lstm,PearlCARLA,50,0,0.00018271812860660291,1.1354777745618211e-05,1.0,1.0,1.0,1.1869633877291912,0.9281663003983638,99,1,nan,nan,nan,nan,0.0,0.0
full_nl_seed1,lstm,PearlCARLA,51,1,136.80937761416016,13.36362464711312,0.603,0.0,0.5,0.9314431637134625,0.9836742924870929,50,0,0.0,0.718947939763525,1.0,0.9999994784322994,0.0,1.0
full_nl_seed1,lstm,PearlCARLA,52,0,26.18173155263287,2.6396017147980744,0.555,0.0,0.25,1.174301441759545,0.9276198451435083,25,0,0.0,0.6592437695760742,1.0,0.99999938429475,0.0,0.0
full_nl_seed1,lstm,PearlCARLA,53,0,0.0010094064403613021,0.00014483350453171973,1.0,1.0,1.0,1.1725553666325284,0.9679475984474629,99,1,nan,nan,nan,nan,0.0,0.0
full_nl_seed1,lstm,PearlCARLA,54,0,0.1103256221945601,0.017594276009999972,0.97,0.1,0.87,1.2188225443064713,0.971027774391511,26,0,0.0,0.6824369962996565,1.0,0.9999991263180571,0.0,0.0
full_nl_seed1,lstm,PearlCARLA,55,0,0.00037675740904959815,3.29458729082181e-05,1.0,1.0,1.0,1.1822211373946456,0.9886354353972585,99,1,nan,nan,nan,nan,0.0,0.0
full_nl_seed1,lstm,PearlCARLA,56,0,0.022838925998856632,0.0036490414337176946,0.996,0.7,0.97,1.2010252153535539,0.9943777687299161,33,0,0.0,0.6576508880182285,1.0,0.9999995072013244,0.0,0.0
full_nl_seed1,lstm,PearlCARLA,57,0,0.00429218809911788,0.0006989998921788282,1.0,1.0,1.0,1.175492710511024,0.980558597718792,99,1,nan,nan,nan,nan,0.0,0.0
full_nl_seed1,lstm,PearlCARLA,58,0,0.000993075533706561,0.00015645248539698954,1.0,1.0,1.0,1.2520505492493108,0.9695459529526896,99,1,nan,nan,nan,nan,0.0,0.0
full_nl_seed1,lstm,PearlCARLA,59,0,0.00021592891134877877,1.3578184201198746e-05,1.0,1.0,1.0,1.1412026680118106,0.9713370000805126,99,1,nan,nan,nan,nan,0.0,0.0
full_nl_seed1,lstm,PearlCARLA,60,0,0.08311447406191633,0.015516597218684352,0.984,0.3,0.94,1.2881302052711083,0.9588524087499011,26,0,0.0,0.6476553703460715,1.0,0.9999995230289142,0.0,0.0
full_nl_seed1,lstm,PearlCARLA,61,0,0.00027283919295172814,2.115438516510257e-05,1.0,1.0,1.0,1.1203200012965078,0.9620596118129978,99,1,nan,nan,nan,nan,0.0,0.0
full_nl_seed1,lstm,PearlCARLA,62,0,0.0019137123311554413,0.0004076421417589637,1.0,1.0,1.0,1.2348724353813045,0.9766785494929991,99,1,nan,nan,nan,nan,0.0,0.0
full_nl_seed1,lstm,PearlCARLA,63,0,0.0010320582980454726,0.00011282690428227798,1.0,1.0,1.0,1.1340186270717312,0.9995600870459596,99,1,nan,nan,nan,nan,0.0,0.0
full_nl_seed1,lstm,PearlCARLA,64,0,0.00019350764234986675,1.264433612168609e-05,1.0,1.0,1.0,1.1576738316586617,0.9990588209184811,99,1,nan,nan,nan,nan,0.0,0.0
full_nl_seed1,lstm,PearlCARLA,65,0,0.03653158805176217,0.005946569802285695,0.99,0.5,0.94,1.2128062836941869,0.9906630411714079,26,0,0.0,0.6998017319004104,1.0,0.9999988640495908,0.0,0.0
full_nl_seed1,lstm,PearlCARLA,66,0,0.000381340769646233,4.1891950028745054e-05,1.0,1.0,1.0,1.1874912664100756,0.9650363277970615,99,1,nan,nan,nan,nan,0.0,0.0
full_nl_seed1,lstm,PearlCARLA,67,0,0.0009087817499894625,0.00012764075423942747,1.0,1.0,1.0,1.2275347227274753,0.9923894789913437,99,1,nan,nan,nan,nan,0.0,0.0
full_nl_seed1,lstm,PearlCARLA,68,0,0.0002438961134047877,1.8380194061898448e-05,1.0,1.0,1.0,0.9793811902736507,0.9842420405967618,99,1,nan,nan,nan,nan,0.0,0.0
full_nl_seed1,lstm,PearlCARLA,69,0,0.00017800605128735596,1.1077959234613467e-05,1.0,1.0,1.0,1.149570916830855,0.996947246263972,99,1,nan,nan,nan,nan,0.0,0.0
full_nl_seed1,lstm,PearlCARLA,70,0,0.6790922605254062,0.11025151603882882,0.904,0.0,0.73,1.1151373191164586,0.996833602004694,25,0,0.0,0.6325377064837925,1.0,0.999998878187069,0.0,0.0
full_nl_seed1,lstm,PearlCARLA,71,0,0.0013219495178762187,0.00018498687442558502,1.0,1.0,1.0,1.0621918507636214,0.9869601434964401,99,1,nan,nan,nan,nan,0.0,0.0
full_nl_seed1,lstm,PearlCARLA,72,0,0.00023223159746735668,1.575661639509178e-05,1.0,1.0,1.0,1.1620411690046382,0.9728015314958686,99,1,nan,nan,nan,nan,0.0,0.0
full_nl_seed1,lstm,PearlCARLA,73,0,0.020597754644756418,0.0033568776765751426,0.996,0.6,0.97,1.2106836369522593,0.9948081216951716,27,0,0.0,0.6736876491690447,1.0,0.9999970766488735,0.0,0.0
full_nl_seed1,lstm,PearlCARLA,74,0,0.00022903005778924027,1.615797177837755e-05,1.0,1.0,1.0,1.0601469533560686,0.996057048255992,99,1,nan,nan,nan,nan,0.0,0.0
full_nl_seed1,lstm,PearlCARLA,75,0,0.016705916995229147,0.0025031684826510585,0.998,0.8,0.98,1.300498801456953,0.9727270246022915,26,0,0.0,0.6584354805285918,1.0,0.9999990753879483,0.0,0.0
full_nl_seed1,lstm,PearlCARLA,76,0,0.00017356642302463702,9.716870621605369e-06,1.0,1.0,1.0,1.1133767869366227,0.9746866572747407,99,1,nan,nan,nan,nan,0.0,0.0
full_nl_seed1,lstm,PearlCARLA,77,0,0.06384806374207214,0.011137534976705821,0.988,0.3,0.93,1.2225503451771145,0.9996997415900462,27,0,0.0,0.4311728645231434,1.0,0.999998824872583,0.0,0.0
full_nl_seed1,lstm,PearlCARLA,78,0,0.008952166323288267,0.0011912809921676957,1.0,1.0,1.0,1.193849305732461,0.9883933960359143,99,1,nan,nan,nan,nan,0.0,0.0
full_nl_seed1,lstm,PearlCARLA,79,0,0.0018335041644661795,0.000291391924753229,1.0,1.0,1.0,1.0857709281081205,0.9605578954014352,99,1,nan,nan,nan,nan,0.0,0.0
full_nl_seed1,lstm,PearlCARLA,80,0,0.00022283598222820437,1.4581797333810685e-05,1.0,1.0,1.0,1.20520313550977,0.9729746134025278,99,1,nan,nan,nan,nan,0.0,0.0
full_nl_seed1,lstm,PearlCARLA,81,0,0.01455040649941827,0.0018719766719358228,1.0,1.0,1.0,1.1174704809400877,0.9956034674633608,99,1,nan,nan,nan,nan,0.0,0.0
full_nl_seed1,lstm,PearlCARLA,82,0,0.007961530239358906,0.0009714587777769504,1.0,1.0,1.0,1.0942475344911713,0.9438229218574832,99,1,nan,nan,nan,nan,0.0,0.0
full_nl_seed1,lstm,PearlCARLA,83,0,0.0003308570449623077,2.653125927600719e-05,1.0,1.0,1.0,1.120671676520897,0.9768444468863471,99,1,nan,nan,nan,nan,0.0,0.0
full_nl_seed1,lstm,PearlCARLA,84,0,0.02608083035990674,0.0031915194864900634,0.999,0.9,0.99,1.1415717345288556,0.9689534536221561,51,0,0.0,0.743909393872365,1.0,0.9999996883442216,0.0,0.0
full_nl_seed1,lstm,PearlCARLA,85,0,0.002122036056339807,0.00026809738543381775,1.0,1.0,1.0,1.2178426300372782,0.9988952709284673,99,1,nan,nan,nan,nan,0.0,0.0
full_nl_seed1,lstm,PearlCARLA,86,0,0.0029779294666119546,0.0004207862633245284,1.0,1.0,1.0,1.1269321848688176,0.9937832616057898,99,1,nan,nan,nan,nan,0.0,0.0
full_nl_seed1,lstm,PearlCARLA,87,0,0.0006956254746550462,7.301525177227251e-05,1.0,1.0,1.0,1.1688365320053569,0.9495324677597453,99,1,nan,nan,nan,nan,0.0,0.0
full_nl_seed1,lstm,PearlCARLA,88,0,0.00019325882136916536,1.2139485695281921e-05,1.0,1.0,1.0,1.0170919645313037,0.9736492773587171,99,1,nan,nan,nan,nan,0.0,0.0
full_nl_seed1,lstm,PearlCARLA,89,0,0.00028115243048623065,2.0358186473959213e-05,1.0,1.0,1.0,1.2075624177429174,0.9907701750567316,99,1,nan,nan,nan,nan,0.0,0.0
full_nl_seed1,lstm,PearlCARLA,90,0,0.0008630815672242848,0.00010862484312650781,1.0,1.0,1.0,1.2208692990300931,0.9619134005136546,99,1,nan,nan,nan,nan,0.0,0.0
full_nl_seed1,lstm,PearlCARLA,91,0,0.0047934051569775375,0.0008724146426546631,1.0,1.0,1.0,1.2881514738886497,0.9894806204057873,99,1,nan,nan,nan,nan,0.0,0.0
full_nl_seed1,lstm,PearlCARLA,92,0,0.00026939812599042004,1.7129769657138784e-05,1.0,1.0,1.0,1.1477434915941576,0.9278439331163566,99,1,nan,nan,nan,nan,0.0,0.0
full_nl_seed1,lstm,PearlCARLA,93,0,0.0006406150795233781,7.529768098983899e-05,1.0,1.0,1.0,1.1753399450616915,0.9845372592151197,99,1,nan,nan,nan,nan,0.0,0.0
full_nl_seed1,lstm,PearlCARLA,94,0,0.00024579320000889856,1.7138314143161633e-05,1.0,1.0,1.0,1.099013143123137,0.9781711682930118,99,1,nan,nan,nan,nan,0.0,0.0
full_nl_seed1,lstm,PearlCARLA,95,0,0.02443969495852704,0.0033487155785753334,0.999,0.9,0.99,1.2204263066113494,0.9550406146063902,26,0,0.0,0.5222459133244024,1.0,0.9999992298122846,0.0,0.0
full_nl_seed1,lstm,PearlCARLA,96,0,0.00034280968113183444,3.829013816410313e-05,1.0,1.0,1.0,1.240167702221842,0.9771343756733815,99,1,nan,nan,nan,nan,0.0,0.0
full_nl_seed1,lstm,PearlCARLA,97,0,1.6375296993138018,0.2148078736611424,0.811,0.0,0.59,1.260616084403302,0.9993759285965091,25,0,0.0,0.5096449279976726,1.0,0.9999995682386128,0.0,0.0
full_nl_seed1,lstm,PearlCARLA,98,0,0.0016372035142752928,0.00036658739898323597,1.0,1.0,1.0,1.3211358953955046,0.9481081396426155,99,1,nan,nan,nan,nan,0.0,0.0
full_nl_seed1,lstm,PearlCARLA,99,0,0.000193823140474753,1.2761322995904254e-05,1.0,1.0,1.0,1.1565515926120649,0.9615577063731413,99,1,nan,nan,nan,nan,0.0,0.0
full_nl_seed1,lstm,TSCausal,0,1,3235.3697844251456,162.70786169529072,0.0,0.0,0.0,1.172678871417856,0.04232618323127769,0,0,0.0,0.04155692790463069,0.0,0.04029000010386833,0.0,0.0
full_nl_seed1,lstm,TSCausal,1,0,2990.8704140741097,146.30187737112962,0.0,0.0,0.0,1.2266848047144159,0.045149753077371006,0,0,0.0,0.05004638117114518,0.0,0.05449924872414848,0.0,0.0
full_nl_seed1,lstm,TSCausal,2,0,2914.3261682347957,146.30657235790272,0.0,0.0,0.0,1.2564753297782987,0.04555789145711736,0,0,0.0,0.05390198639523623,0.0,0.051579918554963695,0.0,0.0
full_nl_seed1,lstm,TSCausal,3,0,3131.553649668286,156.60221446813603,0.0,0.0,0.0,1.2315358468937094,0.046920413432356554,0,0,0.0,0.04414607325272776,0.0,0.04431873344508089,0.0,0.0
full_nl_seed1,lstm,TSCausal,4,0,3037.7395568854645,158.65311426630205,0.001,0.0,0.0,1.2161063220528017,0.04386501001684194,0,0,0.0,0.047933863561843065,0.0,0.046572199218884815,0.0,0.0
full_nl_seed1,lstm,TSCausal,5,1,3175.6599882851947,165.16160853065335,0.0,0.0,0.0,1.2282771218787873,0.04311549993312263,0,0,0.0,0.04293518390391823,0.0,0.04210582870071931,0.0,0.0
full_nl_seed1,lstm,TSCausal,6,1,2917.947795823053,137.58737844152145,0.0,0.0,0.0,1.246897337326554,0.049360363671953615,0,0,0.0,0.05455926977018791,0.0,0.05568710510788298,0.0,0.0
full_nl_seed1,lstm,TSCausal,7,0,3100.5854323967865,156.43217935091675,0.0,0.0,0.0,1.2146949607893975,0.04351119094243218,0,0,0.0,0.04412235304035521,0.0,0.04450347031013295,0.0,0.0
full_nl_seed1,lstm,TSCausal,8,0,3231.870734054668,158.35196355998946,0.001,0.0,0.0,1.1523422770275804,0.04436728485071031,0,0,0.0,0.04934755571463414,0.0,0.04928580611219623,0.0,0.0
full_nl_seed1,lstm,TSCausal,9,1,3098.0140215833108,145.9141089162621,0.0,0.0,0.0,1.2103236140828617,0.04578634587248367,0,0,0.0,0.048456567590166984,0.0,0.05113862217922436,0.0,0.0
full_nl_seed1,lstm,TSCausal,10,1,3347.878140946239,183.47595913087187,0.0,0.0,0.0,1.2234246416065315,0.042231323214737965,0,0,0.0,0.03621675250455981,0.0,0.03657829607715802,0.0,0.0
full_nl_seed1,lstm,TSCausal,11,0,2904.0058232085585,144.30793060681307,0.0,0.0,0.0,1.1474266329078882,0.04769418955063601,0,0,0.0,0.04544815404182551,0.0,0.048779077645014296,0.0,0.0
full_nl_seed1,lstm,TSCausal,12,1,2987.6651385587397,152.37556190934728,0.0,0.0,0.0,1.2222225191813032,0.04448395451473872,0,0,0.0,0.047231775461793954,0.0,0.04837837809331464,0.0,0.0
full_nl_seed1,lstm,TSCausal,13,1,3101.0261702723164,154.27638514419786,0.0,0.0,0.0,1.2077757972775325,0.04487239497893626,0,0,0.0,0.04658048233741982,0.0,0.047545784586644414,0.0,0.0
full_nl_seed1,lstm,TSCausal,14,1,3104.661094599647,170.72756025285003,0.0,0.0,0.0,1.270049364192236,0.04351076540890036,0,0,0.0,0.04499411434616704,0.0,0.04681059075243524,0.0,0.0
full_nl_seed1,lstm,TSCausal,15,0,3015.170418131335,148.00764474974713,0.0,0.0,0.0,1.2602862251580838,0.04731611250816408,0,0,0.0,0.04864286375257979,0.0,0.0491912716905244,0.0,0.0
full_nl_seed1,lstm,TSCausal,16,1,2930.693155466286,149.76474204671678,0.0,0.0,0.0,1.2588505080666872,0.04549902172141669,0,0,0.0,0.05526789646486458,0.0,0.04944793127365998,0.0,0.0
full_nl_seed1,lstm,TSCausal,17,1,2856.3428498760254,150.36257818152976,0.001,0.0,0.0,1.3602245919878668,0.044253983869822,0,0,0.0,0.05324610776589088,0.0,0.05318417186604555,0.0,0.0
full_nl_seed1,lstm,TSCausal,18,1,2929.6606824762157,139.97202498625398,0.0,0.0,0.0,1.216709066175353,0.045816777157007146,0,0,0.0,0.05407091872630466,0.0,0.05333225725306205,0.0,0.0
full_nl_seed1,lstm,TSCausal,19,0,2903.831992011533,135.95191435028255,0.0,0.0,0.0,1.18945886838106,0.04862149251118872,0,0,0.0,0.05700741680124891,0.0,0.06635103148461383,0.0,0.0
full_nl_seed1,lstm,TSCausal,20,0,3116.0402499910597,156.5355160199911,0.0,0.0,0.0,1.207991421033446,0.04360601452197331,0,0,0.0,0.04433469053612861,0.0,0.04517507441595928,0.0,0.0
full_nl_seed1,lstm,TSCausal,21,1,2997.660200300682,144.14519004770378,0.0,0.0,0.0,1.1549354931819567,0.047518075925250126,0,0,0.0,0.05761729883365224,0.0,0.049576053147834184,0.0,0.0
full_nl_seed1,lstm,TSCausal,22,0,3166.766355259599,163.83439762805492,0.0,0.0,0.0,1.1827137560589558,0.0445026814229469,0,0,0.0,0.04234965222898218,0.0,0.04575622901072639,0.0,0.0
full_nl_seed1,lstm,TSCausal,23,1,2842.5994729889444,146.25643618818665,0.0,0.0,0.0,1.3091013412035417,0.046907378992986894,0,0,0.0,0.047626811155287,0.0,0.04944282081547015,0.0,0.0
full_nl_seed1,lstm,TSCausal,24,1,3170.5645813102656,171.9563125823508,0.002,0.0,0.0,1.1907976108952725,0.0438724203924139,0,0,0.0,0.04018060695338766,0.0,0.043809425538251595,0.0,0.0
full_nl_seed1,lstm,TSCausal,25,0,2955.876974870799,139.73770733315877,0.0,0.0,0.0,1.221518249105294,0.04696106875337978,0,0,0.0,0.05485887770741018,0.0,0.05851375798578049,0.0,0.0
full_nl_seed1,lstm,TSCausal,26,1,3005.91848574823,150.7559844689034,0.0,0.0,0.0,1.2945623502063892,0.04506790024048908,0,0,0.0,0.04468279045263844,0.0,0.04397348602390697,0.0,0.0
full_nl_seed1,lstm,TSCausal,27,1,3142.854318362183,159.31750350827838,0.0,0.0,0.0,1.1900083556845118,0.04523979615824866,0,0,0.0,0.049713187708730344,0.0,0.04733126791818756,0.0,0.0
full_nl_seed1,lstm,TSCausal,28,1,3004.2411812484734,150.19476206037726,0.001,0.0,0.0,1.238375204074046,0.04648754438813108,0,0,0.0,0.051308601077885214,0.0,0.05131121843305193,0.0,0.0
full_nl_seed1,lstm,TSCausal,29,0,3356.785823059944,161.89987518773134,0.0,0.0,0.0,1.2181311088948257,0.043557026168808605,0,0,0.0,0.03834550499196903,0.0,0.03862662111981597,0.0,0.0
full_nl_seed1,lstm,TSCausal,30,1,2856.3816152547643,146.36977703216004,0.001,0.0,0.0,1.1961866706856967,0.046810920177976105,0,0,0.0,0.060537258619428366,0.0,0.05876022427513013,0.0,0.0
full_nl_seed1,lstm,TSCausal,31,1,2925.260353247719,149.64724805608031,0.001,0.0,0.0,1.2250853685112493,0.04503309638666011,0,0,0.0,0.05123753714517103,0.0,0.05454172335151949,0.0,0.0
full_nl_seed1,lstm,TSCausal,32,1,3148.4039940717407,173.5914787863536,0.0,0.0,0.0,1.1962180505093327,0.044180921850471615,0,0,0.0,0.04602803469111258,0.0,0.04455420475236116,0.0,0.0
full_nl_seed1,lstm,TSCausal,33,1,3173.670300048083,145.67427451052623,0.0,0.0,0.0,1.1784050241226314,0.045702386151162726,0,0,0.0,0.06421518888389384,0.0,0.05805223032059502,0.0,0.0
full_nl_seed1,lstm,TSCausal,34,1,3144.1191796500952,149.95536462902382,0.0,0.0,0.0,1.138434563908294,0.04544217360969229,0,0,0.0,0.05972517291507659,0.0,0.05946606477135731,0.0,0.0
full_nl_seed1,lstm,TSCausal,35,1,3285.4189008714416,169.08847960394098,0.0,0.0,0.0,1.25082244253637,0.043707158115269304,0,0,0.0,0.04264138335591701,0.0,0.040357326131645464,0.0,0.0
full_nl_seed1,lstm,TSCausal,36,1,3108.368021383613,156.2364407743321,0.001,0.0,0.0,1.2197577926573755,0.046928223063094424,0,0,0.0,0.05398467969828761,0.0,0.0507930962307345,0.0,0.0
full_nl_seed1,lstm,TSCausal,37,0,3057.607426233434,152.57055083898317,0.001,0.0,0.0,1.2071185981817798,0.04542275284764026,0,0,0.0,0.050407410873851644,0.0,0.04994000074220646,0.0,0.0
full_nl_seed1,lstm,TSCausal,38,0,3042.4225206154692,165.42000882383093,0.001,0.0,0.0,1.2908088423938644,0.04381603964019017,0,0,0.0,0.047527658877028964,0.0,0.04565396874840195,0.0,0.0
full_nl_seed1,lstm,TSCausal,39,1,2840.3484780657864,137.0121026210796,0.0,0.0,0.0,1.2091300912747325,0.04844809849674957,0,0,0.0,0.05985492347682569,0.0,0.05923076850378528,0.0,0.0
full_nl_seed1,lstm,TSCausal,40,1,2874.036745197692,140.825625573248,0.001,0.0,0.0,1.2171995909077113,0.046515589037455486,0,0,0.0,0.05452936535975988,0.0,0.05746972473385376,0.0,0.0
full_nl_seed1,lstm,TSCausal,41,1,3044.6111165094276,155.24133508076417,0.0,0.0,0.0,1.2047384614579817,0.046586937939832956,0,0,0.0,0.049276753953015555,0.0,0.05021409005514443,0.0,0.0
full_nl_seed1,lstm,TSCausal,42,1,2935.2626590932446,169.5381025467044,0.0,0.0,0.0,1.2706463547160693,0.04424484557896159,0,0,0.0,0.04364928105338655,0.0,0.04430236375020611,0.0,0.0
full_nl_seed1,lstm,TSCausal,43,1,3178.871511926638,157.5951815978459,0.0,0.0,0.0,1.1675144868684009,0.04424966664420976,0,0,0.0,0.04948645384216454,0.0,0.05135873039047404,0.0,0.0
full_nl_seed1,lstm,TSCausal,44,0,2866.7655286647296,141.14127955818063,0.0,0.0,0.0,1.2515818296152066,0.04739822949299626,0,0,0.0,0.05963602382756297,0.0,0.06084552949397586,0.0,0.0
full_nl_seed1,lstm,TSCausal,45,0,3318.99508000922,153.04568305718152,0.001,0.0,0.0,1.172675519645601,0.04573770848907837,0,0,0.0,0.05533238229873379,0.0,0.04973033212089318,0.0,0.0
full_nl_seed1,lstm,TSCausal,46,0,2989.3686237400575,154.40446587805832,0.0,0.0,0.0,1.2955236683112616,0.045527327343081514,0,0,0.0,0.05567890513117707,0.0,0.058705051653726935,0.0,0.0
full_nl_seed1,lstm,TSCausal,47,1,3243.702945504817,171.7869105654183,0.0,0.0,0.0,1.2167594195855744,0.04251607615403372,0,0,0.0,0.0363461789553094,0.0,0.042727376477222925,0.0,0.0
full_nl_seed1,lstm,TSCausal,48,0,3115.625667578312,152.23364627281555,0.0,0.0,0.0,1.157141949247035,0.04697181110018571,0,0,0.0,0.049872478797270685,0.0,0.046702594879889564,0.0,0.0
full_nl_seed1,lstm,TSCausal,49,1,2977.695339298867,149.85941047295316,0.0,0.0,0.0,1.2039465786661352,0.04547639099956701,0,0,0.0,0.04758183752934266,0.0,0.052147699331012855,0.0,0.0
full_nl_seed1,lstm,TSCausal,50,1,2939.0222779803526,140.50704344561154,0.0,0.0,0.0,1.1967079589636649,0.04749979553085274,0,0,0.0,0.05538402148453734,0.0,0.05702357255029215,0.0,0.0
full_nl_seed1,lstm,TSCausal,51,0,3095.018794401907,155.60385639150743,0.0,0.0,0.0,1.1805215891440821,0.044672375980692104,0,0,0.0,0.04593472848218174,0.0,0.04626182228758767,0.0,0.0
full_nl_seed1,lstm,TSCausal,52,0,3161.493803999594,152.63332169110927,0.0,0.0,0.0,1.207324177490924,0.04494490077705347,0,0,0.0,0.052269523356191984,0.0,0.04884951412757224,0.0,0.0
full_nl_seed1,lstm,TSCausal,53,0,3056.1833262300224,150.90263280380805,0.0,0.0,0.0,1.2985531485532464,0.04413886488350955,0,0,0.0,0.046982834426146605,0.0,0.04952765653526764,0.0,0.0
full_nl_seed1,lstm,TSCausal,54,0,2957.5627360893745,145.83131073231579,0.001,0.0,0.0,1.253513011265655,0.04567680189738995,0,0,0.0,0.049566149602006525,0.0,0.049573723618430876,0.0,0.0
full_nl_seed1,lstm,TSCausal,55,1,3132.6270696423635,152.4328133485892,0.0,0.0,0.0,1.1795933055592625,0.04510846443172971,0,0,0.0,0.059935187009203056,0.0,0.05364605530888236,0.0,0.0
full_nl_seed1,lstm,TSCausal,56,1,2894.0049975118686,141.75790196861806,0.001,0.0,0.0,1.2860210093002054,0.04507307172827003,0,0,0.0,0.04876424904161589,0.0,0.04748322947710879,0.0,0.0
full_nl_seed1,lstm,TSCausal,57,0,3101.638119390006,156.67207013707764,0.0,0.0,0.0,1.289402579791582,0.042969865222142044,0,0,0.0,0.048015160940033275,0.0,0.04929428431475159,0.0,0.0
full_nl_seed1,lstm,TSCausal,58,1,2923.086584976412,149.26322926415043,0.0,0.0,0.0,1.2582294036112025,0.045597557732347735,0,0,0.0,0.053778646529709005,0.0,0.05280435307297247,0.0,0.0
full_nl_seed1,lstm,TSCausal,59,0,2946.555066065186,147.31948916886438,0.0,0.0,0.0,1.209967095146005,0.04522903986370116,0,0,0.0,0.05260374604407115,0.0,0.04331513444918405,0.0,0.0
full_nl_seed1,lstm,TSCausal,60,1,2911.4102090197784,144.40521414785024,0.0,0.0,0.0,1.1555295904800458,0.04688582361754069,0,0,0.0,0.06319160114627459,0.0,0.0574755825430276,0.0,0.0
full_nl_seed1,lstm,TSCausal,61,0,2955.2724549846016,140.7271563576341,0.0,0.0,0.0,1.2508799360430702,0.04598681599625644,0,0,0.0,0.04907846809353469,0.0,0.06032967115001863,0.0,0.0
full_nl_seed1,lstm,TSCausal,62,1,3021.064712846926,153.84825392146476,0.0,0.0,0.0,1.2460424750036156,0.044640369846877345,0,0,0.0,0.043809442489253024,0.0,0.05121920852203909,0.0,0.0
full_nl_seed1,lstm,TSCausal,63,1,3229.633045024616,161.96975526089457,0.001,0.0,0.0,1.2002021706439752,0.04192812219956925,0,0,0.0,0.034254439264591284,0.0,0.032257418762588745,0.0,0.0
full_nl_seed1,lstm,TSCausal,64,1,3048.446266004873,146.4780278103866,0.0,0.0,0.0,1.1897711241235414,0.04777456571584909,0,0,0.0,0.060547696952871315,0.0,0.05279418969261943,0.0,0.0
full_nl_seed1,lstm,TSCausal,65,1,2766.8284827933385,144.99840524859053,0.0,0.0,0.0,1.2301061400618694,0.04875036725901738,0,0,0.0,0.053816845340093365,0.0,0.0547799980436014,0.0,0.0
full_nl_seed1,lstm,TSCausal,66,1,3307.6457452254926,167.39876510651413,0.0,0.0,0.0,1.193100820747251,0.042837775493084505,0,0,0.0,0.04564954991866258,0.0,0.04607827917301746,0.0,0.0
full_nl_seed1,lstm,TSCausal,67,1,3050.516498885641,163.83527260039503,0.001,0.0,0.0,1.251302801601037,0.04406575101720527,0,0,0.0,0.04828134238673749,0.0,0.04866687171392634,0.0,0.0
full_nl_seed1,lstm,TSCausal,68,1,2923.3012889673046,144.53737818826292,0.0,0.0,0.0,1.2045544398785826,0.047313766320408915,0,0,0.0,0.054025302251994325,0.0,0.05454047181758849,0.0,0.0
full_nl_seed1,lstm,TSCausal,69,0,3161.9876537359746,151.00068106295842,0.0,0.0,0.0,1.1919153104289086,0.04492766837626415,0,0,0.0,0.04230041551798383,0.0,0.046643236848463686,0.0,0.0
full_nl_seed1,lstm,TSCausal,70,1,2890.1154112679915,147.20997104199574,0.0,0.0,0.0,1.2614559949229385,0.04650504617297618,0,0,0.0,0.044423160766808335,0.0,0.046775437829151056,0.0,0.0
full_nl_seed1,lstm,TSCausal,71,0,3061.590758131676,146.9365794264134,0.001,0.0,0.0,1.184542651597031,0.047123849513975635,0,0,0.0,0.0504819692616081,0.0,0.04924845150819327,0.0,0.0
full_nl_seed1,lstm,TSCausal,72,0,2815.9041073824424,133.27661505401403,0.0,0.0,0.0,1.2170110854580571,0.04977733653384002,0,0,0.0,0.06313236423125933,0.0,0.06202112119423342,0.0,0.0
full_nl_seed1,lstm,TSCausal,73,1,3045.2058502304426,157.54757497956723,0.0,0.0,0.0,1.215651462100947,0.046473912957094,0,0,0.0,0.055054930818437625,0.0,0.051199287833625984,0.0,0.0
full_nl_seed1,lstm,TSCausal,74,1,3080.6916177404755,153.92456590439426,0.0,0.0,0.0,1.2314262382110164,0.045671079738107453,0,0,0.0,0.04895528094410037,0.0,0.04861531803566799,0.0,0.0
full_nl_seed1,lstm,TSCausal,75,0,3166.526099974143,159.20844341287523,0.0,0.0,0.0,1.2411938469417196,0.043551036435684594,0,0,0.0,0.04315260701149131,0.0,0.043100080951153225,0.0,0.0
full_nl_seed1,lstm,TSCausal,76,1,3157.082553488619,161.43797840304924,0.001,0.0,0.0,1.2576602794291862,0.04289151594253304,0,0,0.0,0.04389217948715071,0.0,0.044078796576923915,0.0,0.0
full_nl_seed1,lstm,TSCausal,77,0,3010.9848799174565,142.76427695427452,0.0,0.0,0.0,1.1874091377948481,0.0475822223016795,0,0,0.0,0.04895579918601166,0.0,0.05237399864787603,0.0,0.0
full_nl_seed1,lstm,TSCausal,78,1,3265.2090701259817,169.9013436932926,0.0,0.0,0.0,1.1683678172395697,0.045331853059795806,0,0,0.0,0.05102510791336473,0.0,0.05031777631970337,0.0,0.0
full_nl_seed1,lstm,TSCausal,79,0,3072.4432099215564,160.56454651348756,0.0,0.0,0.0,1.1590777508929007,0.04642333249557,0,0,0.0,0.06101835110669511,0.0,0.054080237264119896,0.0,0.0
full_nl_seed1,lstm,TSCausal,80,1,2868.266725242086,143.83695626323677,0.0,0.0,0.0,1.3001742301154775,0.04731378081277518,0,0,0.0,0.06266610544620181,0.0,0.05740585373014354,0.0,0.0
full_nl_seed1,lstm,TSCausal,81,1,3159.438266817507,163.3185774750402,0.0,0.0,0.0,1.1968632107767747,0.04291160008357145,0,0,0.0,0.04167859610654652,0.0,0.04178287550929538,0.0,0.0
full_nl_seed1,lstm,TSCausal,82,1,2735.6402276400295,131.6242543704085,0.0,0.0,0.0,1.236166056931126,0.05046676613679845,0,0,0.0,0.06199186012969637,0.0,0.06426919250579544,0.0,0.0
full_nl_seed1,lstm,TSCausal,83,1,3014.4388943160056,147.50588053769187,0.001,0.0,0.0,1.1918915360108433,0.045170653541495964,0,0,0.0,0.04638587090445204,0.0,0.04937459005008903,0.0,0.0
full_nl_seed1,lstm,TSCausal,84,1,3032.615457548833,138.912351159219,0.001,0.0,0.0,1.2006281187399617,0.04749887522781328,0,0,0.0,0.048177930542972876,0.0,0.04944599965650794,0.0,0.0
full_nl_seed1,lstm,TSCausal,85,1,3195.9820574864834,156.2055246183661,0.002,0.0,0.0,1.1966728282738237,0.044289394857313424,0,0,0.0,0.037754264718192085,0.0,0.03918962844917671,0.0,0.0
full_nl_seed1,lstm,TSCausal,86,1,3154.2001359483925,150.21027952200006,0.0,0.0,0.0,1.187922999180553,0.04494281998976135,0,0,0.0,0.044569185646123055,0.0,0.04445427615150357,0.0,0.0
full_nl_seed1,lstm,TSCausal,87,1,3210.8548289169444,160.86485274899786,0.0,0.0,0.0,1.242554559824557,0.0432823199608427,0,0,0.0,0.037430220896919886,0.0,0.03635814860161759,0.0,0.0
full_nl_seed1,lstm,TSCausal,88,0,3035.8324773688355,149.610140865363,0.0,0.0,0.0,1.2010290377293353,0.04613361986421486,0,0,0.0,0.05078624597550151,0.0,0.04973234578050259,0.0,0.0
full_nl_seed1,lstm,TSCausal,89,1,3085.259680919042,152.65695557627004,0.0,0.0,0.0,1.2827888602488593,0.0448948191223943,0,0,0.0,0.052798942179913065,0.0,0.05174107869444598,0.0,0.0
full_nl_seed1,lstm,TSCausal,90,0,2943.9830337339563,153.55286228523454,0.0,0.0,0.0,1.2263826454631597,0.044310336598554934,0,0,0.0,0.05146650752970101,0.0,0.05215208593472197,0.0,0.0
full_nl_seed1,lstm,TSCausal,91,1,3068.3422529442937,150.98410637799077,0.001,0.0,0.0,1.2183992171320224,0.04405932250437223,0,0,0.0,0.052830918902422495,0.0,0.05247611377598165,0.0,0.0
full_nl_seed1,lstm,TSCausal,92,1,3065.9294666541714,148.83423831053454,0.0,0.0,0.0,1.3060883954177396,0.044770327983686194,0,0,0.0,0.0507473424867353,0.0,0.05360570272479786,0.0,0.0
full_nl_seed1,lstm,TSCausal,93,1,2934.294093344475,146.39299825891968,0.001,0.0,0.0,1.2618438755849368,0.04608078509998276,0,0,0.0,0.053393403199756675,0.0,0.05463749143021921,0.0,0.0
full_nl_seed1,lstm,TSCausal,94,0,3067.917177141381,159.74284428347164,0.0,0.0,0.0,1.2152670130412353,0.04514462139433621,0,0,0.0,0.04819518694618034,0.0,0.04871822944578838,0.0,0.0
full_nl_seed1,lstm,TSCausal,95,0,3148.0100614043185,164.71234352276892,0.0,0.0,0.0,1.1957579457946952,0.04293973092931406,0,0,0.0,0.042062967525784034,0.0,0.04533004236628014,0.0,0.0
full_nl_seed1,lstm,TSCausal,96,0,2876.816426421724,138.02422071108063,0.0,0.0,0.0,1.189838328290475,0.048625040664730584,0,0,0.0,0.06006930318826594,0.0,0.05708831075018398,0.0,0.0
full_nl_seed1,lstm,TSCausal,97,1,3157.2417948368175,168.36084391881445,0.0,0.0,0.0,1.2638478010328131,0.04265375157479648,0,0,0.0,0.036084297669375445,0.0,0.03968223979364567,0.0,0.0
full_nl_seed1,lstm,TSCausal,98,1,3223.0885229499686,157.5088081670801,0.0,0.0,0.0,1.1735653394253647,0.04347609520180043,0,0,0.0,0.04728706847706945,0.0,0.048179592318304765,0.0,0.0
full_nl_seed1,lstm,TSCausal,99,1,3030.63957949509,151.46105296498195,0.0,0.0,0.0,1.1705816997508847,0.04593316625155206,0,0,0.0,0.04478073644315759,0.0,0.046678963971906164,0.0,0.0
