benchmark,classifier,method,instance,validity,proximity_l1,proximity_l2,sparsity,sparsity_channels,sparsity_timepoints,trsi,scm_noise_plausibility,intervention_t,vacuous,cf_faith_rollout_hard,cf_faith_rollout_soft,cf_faith_pearl_hard,cf_faith_pearl_soft,cf_faith_rollout_hard_valid,cf_faith_pearl_hard_valid
full_nl_seed2,lstm,CARLA,0,0,157.89158250166628,12.751293145623814,0.264,0.0,0.26,1.2516912390356871,0.25210433450112135,26,1,1.0,0.9999999268697122,0.0,0.8091313000067892,0.0,0.0
full_nl_seed2,lstm,CARLA,1,1,578.6806092396572,36.22502476560183,0.264,0.0,0.26,0.8972491710917385,0.23984651851803337,26,1,1.0,0.9999998984022197,0.0,0.4583733778685573,1.0,0.0
full_nl_seed2,lstm,CARLA,2,1,515.6735392008286,36.203799489376735,0.513,0.0,0.51,0.807436962060342,0.5024974656841598,51,1,1.0,0.9999999279262118,0.0,0.4609598875629937,1.0,0.0
full_nl_seed2,lstm,CARLA,3,0,103.82446591368894,6.192601018088253,0.264,0.0,0.26,1.1853339509627228,0.2480403504838799,26,1,1.0,0.9999999280333408,0.0,0.8707466238964663,0.0,0.0
full_nl_seed2,lstm,CARLA,4,0,744.2608799277734,41.79717178636294,0.26,0.0,0.26,0.9138165190643617,0.23733123645404294,26,1,1.0,0.999999930525337,0.0,0.3687042455504448,0.0,0.0
full_nl_seed2,lstm,CARLA,5,0,448.47015147964436,27.885644819188446,0.261,0.0,0.26,1.1836404523406134,0.27257967115640647,26,1,1.0,0.9999999288786893,0.0,0.2028818639821091,0.0,0.0
full_nl_seed2,lstm,CARLA,6,1,940.8521816858372,50.473388915533384,0.264,0.0,0.26,0.7707079715429572,0.2569370423927482,26,1,1.0,0.9999999289302929,0.0,0.2809061774099482,1.0,0.0
full_nl_seed2,lstm,CARLA,7,1,449.79329002387635,31.7994112081497,0.51,0.0,0.51,0.945920478339089,0.5415225090540807,51,1,1.0,0.9999999291356664,0.0,0.4000012765064509,1.0,0.0
full_nl_seed2,lstm,CARLA,8,0,381.00497643682183,25.342444473683212,0.262,0.0,0.26,1.1915546935433425,0.25454128297610307,26,1,1.0,0.9999999307206573,0.0,0.5983339997983178,0.0,0.0
full_nl_seed2,lstm,CARLA,9,1,179.07616867773592,15.904272138588075,0.512,0.0,0.51,1.2372573218290515,0.4739018297811269,51,1,1.0,0.99999993184605,0.0,0.6948201494215291,1.0,0.0
full_nl_seed2,lstm,CARLA,10,1,598.3003926699474,36.26453068261851,0.262,0.0,0.26,0.9641621353713277,0.2506420269392141,26,1,1.0,0.9999998976667076,0.0,0.44651042210577224,1.0,0.0
full_nl_seed2,lstm,CARLA,11,1,629.5821097033805,36.87892418441791,0.266,0.0,0.26,0.986254341773469,0.22523732507713157,26,1,1.0,0.9999999300742131,0.0,0.42738395377312033,1.0,0.0
full_nl_seed2,lstm,CARLA,12,1,497.94431008282436,34.67706523112657,0.512,0.0,0.51,0.8653190034692912,0.5114738346771882,51,1,1.0,0.9999999284130434,0.0,0.8502111141311886,1.0,0.0
full_nl_seed2,lstm,CARLA,13,1,297.53345513770773,23.102391137768933,0.263,0.0,0.26,0.9638130836875098,0.260890744828792,26,1,1.0,0.9999999331931453,0.0,0.6703355396695423,1.0,0.0
full_nl_seed2,lstm,CARLA,14,1,529.3749937467793,36.500460255126775,0.51,0.0,0.51,0.8108286968264214,0.5143839359302336,51,1,1.0,0.9999999193538238,0.0,0.6785444263455949,1.0,0.0
full_nl_seed2,lstm,CARLA,15,0,397.3703672485253,26.116212461063636,0.265,0.0,0.26,1.2032582755445216,0.26366334365123373,26,1,1.0,0.9999999310255347,0.0,0.5874968273363282,0.0,0.0
full_nl_seed2,lstm,CARLA,16,1,394.33500005294917,29.811642679003175,0.512,0.0,0.51,0.9308216879009351,0.520784746244626,51,1,1.0,0.9999999369114333,0.0,0.4498434842741074,1.0,0.0
full_nl_seed2,lstm,CARLA,17,1,162.90853832853625,13.76934752997647,0.265,0.0,0.26,1.082644661953504,0.24472287177125898,26,1,1.0,0.9999999296967452,0.0,0.8048590298861203,1.0,0.0
full_nl_seed2,lstm,CARLA,18,1,479.8991108320655,33.722668751435215,0.512,0.0,0.51,0.9987283843993063,0.5017698256312791,51,1,1.0,0.9999999274432807,0.0,0.37681199804477356,1.0,0.0
full_nl_seed2,lstm,CARLA,19,1,208.25168901564857,19.683134051843165,0.512,0.0,0.51,1.0226847504119796,0.540955455307289,51,1,1.0,0.9999999024064679,0.0,0.654963827383677,1.0,0.0
full_nl_seed2,lstm,CARLA,20,0,214.96972520665946,16.97804257935462,0.261,0.0,0.26,1.2170724914324444,0.2565724866322327,26,1,1.0,0.9999999276220569,0.0,0.7495629359020877,0.0,0.0
full_nl_seed2,lstm,CARLA,21,0,87.96211005814556,4.738301086462576,0.268,0.0,0.26,1.3099672465195182,0.2537523164329155,26,1,1.0,0.9999999274733947,0.0,0.8896548232385211,0.0,0.0
full_nl_seed2,lstm,CARLA,22,0,908.9032067929522,48.48231429459774,0.263,0.0,0.26,0.8029948501225672,0.23022707724365285,26,1,1.0,0.9999999255363595,0.0,0.2940752436200119,0.0,0.0
full_nl_seed2,lstm,CARLA,23,0,389.5594601401487,28.856354081678976,0.264,0.0,0.26,0.8970140140232888,0.2181251941602257,26,1,1.0,0.9999999249211619,0.0,0.5932442786877865,0.0,0.0
full_nl_seed2,lstm,CARLA,24,1,1242.6065819723326,60.81274736252896,0.261,0.0,0.26,0.7350456883927979,0.22424728054465162,26,1,1.0,0.9999999250132348,0.0,0.1948406477264526,1.0,0.0
full_nl_seed2,lstm,CARLA,25,0,237.86741505594523,18.479481558853696,0.261,0.0,0.26,1.2136058732717439,0.26043099814228715,26,1,1.0,0.9999999292884076,0.0,0.7258656139717219,0.0,0.0
full_nl_seed2,lstm,CARLA,26,0,103.34147373587454,5.9644813895419935,0.26,0.0,0.26,1.1972016766374063,0.25743876583585007,26,1,1.0,0.999999898665402,0.0,0.8715588714923763,0.0,0.0
full_nl_seed2,lstm,CARLA,27,0,841.8504093815458,44.6629582417271,0.266,0.0,0.26,1.0656777631082222,0.25790859785141423,26,1,1.0,0.999999925567141,0.0,0.3210029430980252,0.0,0.0
full_nl_seed2,lstm,CARLA,28,0,246.00742047133025,18.88649891761207,0.266,0.0,0.26,1.197100703923463,0.21607995814563816,26,1,1.0,0.9999999273377828,0.0,0.7180335787372416,0.0,0.0
full_nl_seed2,lstm,CARLA,29,0,462.5733067534648,30.50237670241949,0.265,0.0,0.26,1.0370900365265532,0.2476429744550956,26,1,1.0,0.9999999222322288,0.0,0.5354734909087121,0.0,0.0
full_nl_seed2,lstm,CARLA,30,1,140.7626686846099,13.504915962525983,0.514,0.0,0.51,1.140265476994338,0.5233762678495618,51,1,1.0,0.9999998991429306,0.0,0.7515591400928205,1.0,0.0
full_nl_seed2,lstm,CARLA,31,0,495.95893404656636,32.825522262452274,0.26,0.0,0.26,0.9397590721339727,0.24811688297048998,26,1,1.0,0.9999999287544783,0.0,0.5123321554752212,0.0,0.0
full_nl_seed2,lstm,CARLA,32,0,301.97127786276997,22.683521114808514,0.263,0.0,0.26,1.1019701138574993,0.25589179060251777,26,1,1.0,0.9999999280318158,0.0,0.6663788111037166,0.0,0.0
full_nl_seed2,lstm,CARLA,33,1,99.44666821914845,9.289520581789219,0.515,0.0,0.51,1.2071047796005643,0.5011238262460719,51,1,1.0,0.9999999288687625,0.0,0.818570295219671,1.0,0.0
full_nl_seed2,lstm,CARLA,34,1,790.9296354364595,48.908835116870165,0.51,0.0,0.51,0.7052171007816539,0.5144904986431882,51,1,1.0,0.999999928090509,0.0,0.19939520171237116,1.0,0.0
full_nl_seed2,lstm,CARLA,35,1,828.2807681933796,46.409890014412426,0.263,0.0,0.26,0.7859918912538293,0.25753866781901696,26,1,1.0,0.9999999266818542,0.0,0.3271908735368101,1.0,0.0
full_nl_seed2,lstm,CARLA,36,0,91.1443287379437,4.64632955287187,0.264,0.0,0.26,1.2468745934563812,0.2695900235612635,26,1,1.0,0.999999924409616,0.0,0.8861532023520166,0.0,0.0
full_nl_seed2,lstm,CARLA,37,1,280.193752148427,23.406760588630778,0.511,0.0,0.51,1.0188512631483753,0.5563217413726077,51,1,1.0,0.9999999279480614,0.0,0.5652532353968681,1.0,0.0
full_nl_seed2,lstm,CARLA,38,1,466.3170350689447,32.926411808433144,0.513,0.0,0.51,0.9094867516708072,0.4833370230447901,51,1,1.0,0.9999999249815821,0.0,0.38608720103017213,1.0,0.0
full_nl_seed2,lstm,CARLA,39,0,218.72487147076706,17.08326660637326,0.263,0.0,0.26,1.089256115817237,0.2819908064668182,26,1,1.0,0.9999999305967189,0.0,0.7451304168865549,0.0,0.0
full_nl_seed2,lstm,CARLA,40,1,1088.2443032090773,54.74431186691589,0.261,0.0,0.26,0.738355060212189,0.25486872668987626,26,1,1.0,0.9999999292464589,0.0,0.22974256621902636,1.0,0.0
full_nl_seed2,lstm,CARLA,41,0,783.4071604717722,44.69483456817339,0.262,0.0,0.26,0.8447266993693952,0.2614694862434583,26,1,1.0,0.9999999290001166,0.0,0.3471965368125624,0.0,0.0
full_nl_seed2,lstm,CARLA,42,1,524.7968996755693,37.15643731137283,0.511,0.0,0.51,0.7680912677488761,0.5330410821573145,51,1,1.0,0.9999999021068715,0.0,0.3432735936594407,1.0,0.0
full_nl_seed2,lstm,CARLA,43,0,99.16297428784549,5.370290691442666,0.262,0.0,0.26,1.2205276410863617,0.28085614198982617,26,1,1.0,0.9999999229865832,0.0,0.8754748191426276,0.0,0.0
full_nl_seed2,lstm,CARLA,44,1,313.49787290812947,25.96827741501389,0.513,0.0,0.51,0.9643435589691024,0.5132219933275294,51,1,1.0,0.999999930634449,0.0,0.5279663367764531,1.0,0.0
full_nl_seed2,lstm,CARLA,45,1,1048.5169126632065,54.48805923139638,0.264,0.0,0.26,0.7436619569056211,0.22508261795010184,26,1,1.0,0.9999999299641774,0.0,0.24402827016757106,1.0,0.0
full_nl_seed2,lstm,CARLA,46,1,208.09157361659686,18.154717377984664,0.512,0.0,0.51,1.2206310443573898,0.5007521965773917,51,1,1.0,0.9999999306437864,0.0,0.6553101442328166,1.0,0.0
full_nl_seed2,lstm,CARLA,47,0,411.7660074887191,28.98977944353633,0.262,0.0,0.26,0.9742681688217545,0.24317954640024586,26,1,1.0,0.9999999276652816,0.0,0.5739091946004209,0.0,0.0
full_nl_seed2,lstm,CARLA,48,0,241.3501145480957,18.967650755692038,0.265,0.0,0.26,1.1428359846616807,0.22851081702203876,26,1,1.0,0.9999999290374592,0.0,0.7229157468363977,0.0,0.0
full_nl_seed2,lstm,CARLA,49,0,211.5854043721132,16.80269971809546,0.266,0.0,0.26,1.2030203690020824,0.2519049999084501,26,1,1.0,0.9999999326833671,0.0,0.7529690802715678,0.0,0.0
full_nl_seed2,lstm,CARLA,50,0,709.1803915288224,40.75745713765316,0.263,0.0,0.26,0.8814675567344024,0.2929559157796185,26,1,1.0,0.9999999014048236,0.0,0.38636043988840246,0.0,0.0
full_nl_seed2,lstm,CARLA,51,1,259.3801119785159,23.33004501512633,0.514,0.0,0.51,0.8775241268411942,0.48037021429092985,51,1,1.0,0.9999999261280654,0.0,0.5909606224422593,1.0,0.0
full_nl_seed2,lstm,CARLA,52,1,836.8289351804632,46.40928531397283,0.261,0.0,0.26,0.8452103384283797,0.2663780539224295,26,1,1.0,0.9999998965446073,0.0,0.32295669433442864,1.0,0.0
full_nl_seed2,lstm,CARLA,53,1,514.5630285762068,32.38917176652721,0.268,0.0,0.26,1.0717560268793982,0.2573705077645914,26,1,1.0,0.9999999282911813,0.0,0.49987049797517086,1.0,0.0
full_nl_seed2,lstm,CARLA,54,0,593.3201981223248,36.240825644809725,0.26,0.0,0.26,0.9767632043780681,0.24096996610759358,26,1,1.0,0.9999999275152381,0.0,0.45008353633937426,0.0,0.0
full_nl_seed2,lstm,CARLA,55,1,759.4046160590289,44.72888682434016,0.26,0.0,0.26,0.8101980533828309,0.25856998022688693,26,1,1.0,0.9999999301102934,0.0,0.36004409188674213,1.0,0.0
full_nl_seed2,lstm,CARLA,56,0,365.76011057121235,26.898083749611608,0.263,0.0,0.26,0.9183513672048316,0.2681916867103181,26,1,1.0,0.999999928339298,0.0,0.6110484997101534,0.0,0.0
full_nl_seed2,lstm,CARLA,57,0,397.09105919282854,28.087586131444844,0.263,0.0,0.26,0.9762487884592342,0.24783668612194157,26,1,1.0,0.9999999241733466,0.0,0.5851910365635306,0.0,0.0
full_nl_seed2,lstm,CARLA,58,0,178.85912279948616,15.500837667770238,0.265,0.0,0.26,1.0600212059675946,0.2627283184226586,26,1,1.0,0.999999925789508,0.0,0.786944443756592,0.0,0.0
full_nl_seed2,lstm,CARLA,59,1,279.1404450680698,21.786422651815535,0.512,0.0,0.51,1.1689834966017647,0.5068275934466682,51,1,1.0,0.9999999361569802,0.0,0.5691356951061051,1.0,0.0
full_nl_seed2,lstm,CARLA,60,1,253.13270238988844,21.0751586718018,0.512,0.0,0.51,1.1476759038295203,0.5157881297146731,51,1,1.0,0.9999999345086081,0.0,0.6010923332394631,1.0,0.0
full_nl_seed2,lstm,CARLA,61,0,102.96947781680836,5.945723144805317,0.261,0.0,0.26,1.201765087312204,0.2588847423123724,26,1,1.0,0.9999999278493924,0.0,0.8681033458902044,0.0,0.0
full_nl_seed2,lstm,CARLA,62,1,495.62487432158224,32.418359710531256,0.262,0.0,0.26,1.3148844752330502,0.2627228859051021,26,1,1.0,0.9999999517469076,0.0,0.5124135717487819,1.0,0.0
full_nl_seed2,lstm,CARLA,63,1,760.688031497716,42.784941409899396,0.261,0.0,0.26,0.8996376363382954,0.2800514524959594,26,1,1.0,0.9999999254768991,0.0,0.3582268023811553,1.0,0.0
full_nl_seed2,lstm,CARLA,64,0,611.5369533576429,36.00240151186043,0.264,0.0,0.26,1.143344159411401,0.24222918277284416,26,1,1.0,0.999999927014956,0.0,0.4384321818089087,0.0,0.0
full_nl_seed2,lstm,CARLA,65,1,1225.929882056076,60.03126431326152,0.262,0.0,0.26,0.7045061996297125,0.24449592442840243,26,1,1.0,0.9999999271347593,0.0,0.4989485125474274,1.0,0.0
full_nl_seed2,lstm,CARLA,66,1,453.9504292208627,33.08889959498738,0.51,0.0,0.51,0.8692007182039572,0.49057339247652587,51,1,1.0,0.9999999302684585,0.0,0.39734991993533336,1.0,0.0
full_nl_seed2,lstm,CARLA,67,0,606.1258446661483,36.93741499035958,0.262,0.0,0.26,0.9535926274850834,0.23565502110748987,26,1,1.0,0.9999999280103341,0.0,0.44146037737437094,0.0,0.0
full_nl_seed2,lstm,CARLA,68,0,335.225773421462,23.85571822463036,0.262,0.0,0.26,1.1359811617179676,0.23973965737197675,26,1,1.0,0.9999999006475632,0.0,0.6381684907742605,0.0,0.0
full_nl_seed2,lstm,CARLA,69,0,100.43355294471442,5.70343476614882,0.268,0.0,0.26,1.2067890467554565,0.23695200627240987,26,1,1.0,0.9999999280663773,0.0,0.8746507521037584,0.0,0.0
full_nl_seed2,lstm,CARLA,70,1,221.6248493788721,17.016203715537827,0.264,0.0,0.26,1.220315206130141,0.241064235797886,26,1,1.0,0.9999999325792435,0.0,0.7426599963570142,1.0,0.0
full_nl_seed2,lstm,CARLA,71,0,83.54009544387647,4.380481308796707,0.267,0.0,0.26,1.2487918501609603,0.2338757987135332,26,1,1.0,0.9999999268878137,0.0,0.893700319842442,0.0,0.0
full_nl_seed2,lstm,CARLA,72,0,395.7119074940359,28.181563538391426,0.265,0.0,0.26,1.004067375714213,0.23044120978760632,26,1,1.0,0.999999927852022,0.0,0.5861988667689645,0.0,0.0
full_nl_seed2,lstm,CARLA,73,1,428.95708895156207,32.33020910350616,0.513,0.0,0.51,0.8392752889926292,0.5336381271983973,51,1,1.0,0.9999999246743644,0.0,0.4184152854373689,1.0,0.0
full_nl_seed2,lstm,CARLA,74,0,206.81229628478897,16.721548580915293,0.264,0.0,0.26,1.2232545908106096,0.2802120497716974,26,1,1.0,0.9999999269513832,0.0,0.7571022820205731,0.0,0.0
full_nl_seed2,lstm,CARLA,75,0,105.18005217388031,5.831780033618906,0.263,0.0,0.26,1.1537931323375326,0.24127777399398126,26,1,1.0,0.99999993128146,0.0,0.8693259352045104,0.0,0.0
full_nl_seed2,lstm,CARLA,76,1,963.71552141742,51.17876675274166,0.263,0.0,0.26,0.7826713860491171,0.26068050493378114,26,1,1.0,0.9999999243228327,0.0,0.27111024857610233,1.0,0.0
full_nl_seed2,lstm,CARLA,77,1,395.0723846069009,29.054699673023947,0.511,0.0,0.51,1.0287288777124441,0.5083775154108003,51,1,1.0,0.9999999321682445,0.0,0.4460899215193811,1.0,0.0
full_nl_seed2,lstm,CARLA,78,0,99.72744187137549,5.713445582242821,0.261,0.0,0.26,1.1628056603852068,0.25376950725087033,26,1,1.0,0.9999999289945625,0.0,0.8746078556968208,0.0,0.0
full_nl_seed2,lstm,CARLA,79,1,420.4092558630528,31.425615200802564,0.51,0.0,0.51,0.8864166666049893,0.49471233912804435,51,1,1.0,0.9999999266202206,0.0,0.425240039802923,1.0,0.0
full_nl_seed2,lstm,CARLA,80,1,557.6505654924767,38.58749571577488,0.51,0.0,0.51,0.7741283318483922,0.456700282626536,51,1,1.0,0.9999999310879479,0.0,0.3213901158276807,1.0,0.0
full_nl_seed2,lstm,CARLA,81,0,586.6793689024954,35.56638277367615,0.262,0.0,0.26,1.0085877609363791,0.24289732792439206,26,1,1.0,0.9999999245819815,0.0,0.45301736329272757,0.0,0.0
full_nl_seed2,lstm,CARLA,82,0,786.954890115586,44.59389361838961,0.263,0.0,0.26,0.8161146146197522,0.26901534507624947,26,1,1.0,0.9999998956262036,0.0,0.3458237542825519,0.0,0.0
full_nl_seed2,lstm,CARLA,83,1,1230.6203924932108,59.62082973342865,0.264,0.0,0.26,0.7325135614881865,0.2044040243064899,26,1,1.0,0.9999999278827356,0.0,0.49964645327923335,1.0,0.0
full_nl_seed2,lstm,CARLA,84,0,89.78326618741842,4.767762240793556,0.267,0.0,0.26,1.2268037199074846,0.24984024205864577,26,1,1.0,0.9999999315530912,0.0,0.8870912827840616,0.0,0.0
full_nl_seed2,lstm,CARLA,85,1,435.2325934496396,30.762877494585954,0.512,0.0,0.51,1.1139682867652405,0.49249264368310414,51,1,1.0,0.9999999288526654,0.0,0.41299193310170657,1.0,0.0
full_nl_seed2,lstm,CARLA,86,0,373.4150699872965,27.181856938985682,0.261,0.0,0.26,1.0070417232556514,0.2704274592183166,26,1,1.0,0.9999999233192141,0.0,0.6045305155498628,0.0,0.0
full_nl_seed2,lstm,CARLA,87,0,199.96167522746973,15.542397499314326,0.265,0.0,0.26,1.221045416159752,0.2662107998594601,26,1,1.0,0.9999999226494536,0.0,0.7641225208745007,0.0,0.0
full_nl_seed2,lstm,CARLA,88,1,271.1107948473162,21.506702071225426,0.261,0.0,0.26,1.3052905484306447,0.23859456502797793,26,1,1.0,0.9999999519791511,0.0,0.6944550967274097,1.0,0.0
full_nl_seed2,lstm,CARLA,89,0,448.29528802158825,29.595331951353522,0.264,0.0,0.26,1.0970155869823277,0.2761103267286824,26,1,1.0,0.9999999253262213,0.0,0.5461488424001196,0.0,0.0
full_nl_seed2,lstm,CARLA,90,1,219.7054802192552,18.970611807388913,0.514,0.0,0.51,1.1577917029387923,0.5288584468845188,51,1,1.0,0.9999999258154041,0.0,0.6403628866504114,1.0,0.0
full_nl_seed2,lstm,CARLA,91,1,410.0876610108443,30.725100826210348,0.513,0.0,0.51,0.9252113018449151,0.44270853398633464,51,1,1.0,0.9999999266643458,0.0,0.4336591997597365,1.0,0.0
full_nl_seed2,lstm,CARLA,92,0,602.9514636598649,36.2461126044374,0.262,0.0,0.26,0.986688920489499,0.25041126027267363,26,1,1.0,0.9999998996501643,0.0,0.4430182543077817,0.0,0.0
full_nl_seed2,lstm,CARLA,93,1,292.7803017351896,21.283751326571483,0.267,0.0,0.26,1.1519995921849424,0.27179368884576,26,1,1.0,0.9999999289281126,0.0,0.6743531435543463,1.0,0.0
full_nl_seed2,lstm,CARLA,94,0,98.01321827827849,5.26483660486807,0.264,0.0,0.26,1.2381141337327988,0.23528951736384235,26,1,1.0,0.9999999329456628,0.0,0.8772658130059764,0.0,0.0
full_nl_seed2,lstm,CARLA,95,1,481.6795503247587,29.62075181790664,0.264,0.0,0.26,1.1557770946792167,0.2557038166252961,26,1,1.0,0.9999999128533887,0.0,0.52653207245699,1.0,0.0
full_nl_seed2,lstm,CARLA,96,1,479.5273810790791,32.190606918224745,0.265,0.0,0.26,0.9552764497020938,0.24250811027361122,26,1,1.0,0.9999999261065607,0.0,0.5236881555541217,1.0,0.0
full_nl_seed2,lstm,CARLA,97,1,679.4856359080472,41.06732509041378,0.262,0.0,0.26,0.8213938437759323,0.25398210268239346,26,1,1.0,0.9999999250112982,0.0,0.3996730853342907,1.0,0.0
full_nl_seed2,lstm,CARLA,98,1,1283.6901709692445,61.63553876398909,0.264,0.0,0.26,0.6901948382591689,0.22451109037918504,26,1,1.0,0.9999999294018818,0.0,0.17711534760068487,1.0,0.0
full_nl_seed2,lstm,CARLA,99,1,406.9716023021952,30.06622055882869,0.512,0.0,0.51,0.9470488335774795,0.5264015251635165,51,1,1.0,0.9999999170168827,0.0,0.848193285897226,1.0,0.0
full_nl_seed2,lstm,CftsCels,0,1,20.177901345515714,4.9070286315798075,0.864,0.0,0.79,0.9236347341969173,0.845075759141332,79,0,0.0,0.6238937477104187,0.0,0.9084286709824899,0.0,0.0
full_nl_seed2,lstm,CftsCels,1,1,32.725547585256365,6.188213003049537,0.89,0.0,0.78,0.5847954109538271,0.8131447223411274,47,0,0.0,0.5724706647502609,0.0,0.9399770496202493,0.0,0.0
full_nl_seed2,lstm,CftsCels,2,1,24.785570694787403,5.522033603023694,0.874,0.0,0.56,0.6906084122865122,0.8197171202446442,4,0,0.0,0.3609166564907955,0.0,0.9745121808328826,0.0,0.0
full_nl_seed2,lstm,CftsCels,3,1,30.150345404749647,5.71416577001976,0.895,0.0,0.81,0.7542671745773416,0.7938381727723162,81,0,0.0,0.75411045261156,0.0,0.8533207970499515,0.0,0.0
full_nl_seed2,lstm,CftsCels,4,1,24.72572688478357,5.212355534299054,0.911,0.0,0.81,0.822519845100855,0.8229203979669546,81,0,0.0,0.7653027539842951,0.0,0.8780148180578602,0.0,0.0
full_nl_seed2,lstm,CftsCels,5,1,20.530928932524827,4.989265071403353,0.877,0.0,0.82,0.858186229696395,0.8723315318241949,82,0,0.0,0.8168826344708952,0.0,0.8922286803342413,0.0,0.0
full_nl_seed2,lstm,CftsCels,6,1,27.903773725925078,5.407183462626097,0.897,0.0,0.81,0.7276967477586631,0.7780382380610897,81,0,0.0,0.7658137299218714,0.0,0.8529112728338246,0.0,0.0
full_nl_seed2,lstm,CftsCels,7,1,15.901367646170488,3.279682603767046,0.888,0.0,0.76,1.1518831495020125,0.8855686678945802,75,0,0.0,0.8720527626542758,0.0,0.9383806109381931,0.0,0.0
full_nl_seed2,lstm,CftsCels,8,1,4.949671165902988,1.875940261271062,0.932,0.0,0.83,1.1026588432474342,0.9570924239204789,77,0,0.0,0.876189415364642,0.0,0.9787114929642908,0.0,0.0
full_nl_seed2,lstm,CftsCels,9,1,10.758723026618439,2.977783981726515,0.851,0.0,0.79,1.064337098702107,0.9796284375087199,79,0,0.0,0.8663734090584978,0.0,0.9501456919176117,0.0,0.0
full_nl_seed2,lstm,CftsCels,10,1,31.540787135555966,5.891821875612632,0.889,0.0,0.79,0.6797430807599151,0.786441341863368,79,0,0.0,0.6680732130308034,0.0,0.860564850814369,0.0,0.0
full_nl_seed2,lstm,CftsCels,11,1,23.588385204758247,5.323633927578796,0.86,0.0,0.79,0.6114839138569541,0.8608268101042142,79,0,0.0,0.7781022574889638,0.0,0.8938315303125657,0.0,0.0
full_nl_seed2,lstm,CftsCels,12,1,7.617247165840325,2.823079662686548,0.886,0.0,0.81,1.062463417545665,0.9934900291685649,80,0,0.0,0.6854452156195594,0.0,0.962658246972488,0.0,0.0
full_nl_seed2,lstm,CftsCels,13,1,34.33019196190197,6.137166315438163,0.917,0.0,0.78,0.9220779329551488,0.8199381198104194,78,0,0.0,0.7136300682727392,0.0,0.8555209030738506,0.0,0.0
full_nl_seed2,lstm,CftsCels,14,1,5.960842083370037,2.6344939616425127,0.879,0.0,0.81,1.0629898207146127,0.9363781387679003,81,0,0.0,0.8483732388031661,0.0,0.9691644136986343,0.0,0.0
full_nl_seed2,lstm,CftsCels,15,1,3.930660010180581,2.1396716913028797,0.955,0.0,0.84,1.1128111891986134,0.9453004469636616,84,0,0.0,0.8655229781952894,0.0,0.9757850748336739,0.0,0.0
full_nl_seed2,lstm,CftsCels,16,1,38.36621168445052,6.436995516817422,0.9,0.0,0.78,0.9487945239155066,0.795915198990465,78,0,0.0,0.7961838453828913,0.0,0.8400046759294832,0.0,0.0
full_nl_seed2,lstm,CftsCels,17,1,16.640060770518595,4.12239324570618,0.916,0.0,0.85,0.8885100574551715,0.9089461245104054,85,0,0.0,0.6449324523006426,0.0,0.8950476095195439,0.0,0.0
full_nl_seed2,lstm,CftsCels,18,1,23.677844204897948,4.263496071143458,0.839,0.0,0.57,1.0257582624795107,0.8669692064544272,9,0,0.0,0.568620725083157,0.0,0.9743265322318885,0.0,0.0
full_nl_seed2,lstm,CftsCels,19,1,28.8867014400432,4.868244237920201,0.898,0.0,0.8,0.9915871249427888,0.821429999273415,79,0,0.0,0.7361619713536286,0.0,0.8707919913868996,0.0,0.0
full_nl_seed2,lstm,CftsCels,20,1,3.8474534487357857,1.7845392314139343,0.924,0.0,0.85,1.1848521876931835,0.9676747713520342,84,0,0.0,0.7935741148744214,0.0,0.9762942701119951,0.0,0.0
full_nl_seed2,lstm,CftsCels,21,1,10.89817143504699,3.064513758104482,0.855,0.0,0.79,1.0896197951933162,0.9570159250727898,79,0,0.0,0.8802816414698763,0.0,0.9495159734208248,0.0,0.0
full_nl_seed2,lstm,CftsCels,22,1,25.456315732495618,5.9840494713355525,0.858,0.0,0.8,0.8846205952094733,0.8301181646294624,72,0,0.0,0.5318776570959275,0.0,0.913042568875095,0.0,0.0
full_nl_seed2,lstm,CftsCels,23,1,18.155510698765372,4.535331107937291,0.873,0.0,0.81,0.7966028960697127,0.8858605278723457,81,0,0.0,0.705841086981699,0.0,0.9089323342120272,0.0,0.0
full_nl_seed2,lstm,CftsCels,24,1,39.67407430860874,6.3713560238035605,0.901,0.0,0.73,0.811031428397718,0.7666564010286241,57,0,0.0,0.731861716107973,0.0,0.9118348154060307,0.0,0.0
full_nl_seed2,lstm,CftsCels,25,1,6.2239090852436165,2.194879818534859,0.905,0.0,0.84,1.1570908407566434,0.9866999832873987,84,0,0.0,0.8833181252888982,0.0,0.9618964319908765,0.0,0.0
full_nl_seed2,lstm,CftsCels,26,1,12.996888825595565,3.7628312749392974,0.874,0.0,0.84,0.9796981021516791,0.9102751865051203,83,0,0.0,0.8050049508248613,0.0,0.9264659698770931,0.0,0.0
full_nl_seed2,lstm,CftsCels,27,1,25.960145589680092,5.4624588815362785,0.904,0.0,0.79,0.7473236163243038,0.7918067178872087,71,0,0.0,0.8006707442163797,0.0,0.9126417933065808,0.0,0.0
full_nl_seed2,lstm,CftsCels,28,1,4.206476033048565,2.0671787792972873,0.942,0.0,0.84,1.0974190453210555,0.9648052630442935,84,0,0.0,0.8656026777130996,0.0,0.9691038639081372,0.0,0.0
full_nl_seed2,lstm,CftsCels,29,1,17.26038670401905,4.393375306748205,0.92,0.0,0.83,0.8869817650619582,0.9090814440732701,49,0,0.0,0.7071515868460573,0.0,0.966724748270665,0.0,0.0
full_nl_seed2,lstm,CftsCels,30,1,1.6377493923193176,1.1682045335289883,0.932,0.0,0.88,1.0039060963856283,0.9628765972794454,87,0,0.0,0.8705071560247233,0.0,0.9875782869159119,0.0,0.0
full_nl_seed2,lstm,CftsCels,31,1,24.74567728449847,5.971718068322803,0.86,0.0,0.8,0.8970901695449162,0.8823995731830448,80,0,0.0,0.6621195824568794,0.0,0.8836821989837651,0.0,0.0
full_nl_seed2,lstm,CftsCels,32,1,28.788931888022965,5.740452245144189,0.875,0.0,0.68,0.6622718875677454,0.7983179756229546,13,0,0.0,0.4361428398314681,0.0,0.9674369548327775,0.0,0.0
full_nl_seed2,lstm,CftsCels,33,1,7.435452157140144,2.959279402219879,0.911,0.0,0.78,1.1126907631028295,0.980661442029991,78,0,0.0,0.7585933562841984,0.0,0.9665600717781492,0.0,0.0
full_nl_seed2,lstm,CftsCels,34,1,17.12270966287131,4.649402027497126,0.873,0.0,0.8,0.9234929610277567,0.868766074074318,80,0,0.0,0.5650072219889204,0.0,0.918011337655033,0.0,0.0
full_nl_seed2,lstm,CftsCels,35,1,12.846654320979246,3.8952120886864727,0.872,0.0,0.81,0.9377635570868852,0.897678563564986,81,0,0.0,0.5995000332404703,0.0,0.9346797261809144,0.0,0.0
full_nl_seed2,lstm,CftsCels,36,1,6.411327551904269,2.4834741452193194,0.952,0.1,0.88,1.2430926538872495,0.9406364146777637,87,0,0.0,0.857405536254676,0.0,0.9518464187235656,0.0,0.0
full_nl_seed2,lstm,CftsCels,37,1,1.4128894059994181,0.8744116798919406,0.94,0.0,0.86,1.0375983320780724,0.9147857582616815,86,0,0.0,0.567519695632067,0.0,0.9900163695539096,0.0,0.0
full_nl_seed2,lstm,CftsCels,38,1,9.114575520863582,2.696073492060715,0.851,0.0,0.79,1.1199229799834112,0.992946051725993,79,0,0.0,0.8583343664628595,0.0,0.957634334669639,0.0,0.0
full_nl_seed2,lstm,CftsCels,39,1,21.470322720092017,4.796840767843918,0.849,0.0,0.79,0.8078987581419041,0.8428118848652877,79,0,0.0,0.4950970410946081,0.0,0.9028973657766369,0.0,0.0
full_nl_seed2,lstm,CftsCels,40,1,33.52596381861912,5.925884569266838,0.894,0.0,0.67,1.257848774204991,0.8708437062112966,8,0,0.0,0.2094338307014128,0.0,0.964217260242576,0.0,0.0
full_nl_seed2,lstm,CftsCels,41,1,15.852184441585417,4.0507318224621685,0.893,0.0,0.84,0.9227692137851,0.8804773986281622,84,0,0.0,0.8171776047263818,0.0,0.9057666604469461,0.0,0.0
full_nl_seed2,lstm,CftsCels,42,1,35.92337104189671,5.593607244851199,0.895,0.0,0.76,0.991959118983891,0.8011204561608829,74,0,0.0,0.804985292387474,0.0,0.870954506776644,0.0,0.0
full_nl_seed2,lstm,CftsCels,43,1,31.76765536147673,5.883031979633369,0.888,0.0,0.77,0.6504826391363624,0.7597158587247497,32,0,0.0,0.8408737693886549,0.0,0.954351121542852,0.0,0.0
full_nl_seed2,lstm,CftsCels,44,1,11.772728428767568,3.4401106404427226,0.871,0.0,0.79,1.051648764916678,0.9627719151373584,79,0,0.0,0.61427037565582,0.0,0.9448195418327879,0.0,0.0
full_nl_seed2,lstm,CftsCels,45,1,17.49428273620759,4.329234205433829,0.873,0.0,0.82,0.8707374648450465,0.8820014068162932,82,0,0.0,0.8225869636834978,0.0,0.9075836458689079,0.0,0.0
full_nl_seed2,lstm,CftsCels,46,1,11.834020143038325,3.117299625940207,0.859,0.0,0.79,0.9966789072355742,0.9576574790490151,79,0,0.0,0.8679578648519422,0.0,0.9452873732068374,0.0,0.0
full_nl_seed2,lstm,CftsCels,47,1,13.817032071995909,3.532445411786907,0.923,0.0,0.82,0.9228646622387607,0.9578336587732608,3,0,0.0,0.39296475970651307,0.0,0.9858602126571717,0.0,0.0
full_nl_seed2,lstm,CftsCels,48,1,5.345882134484418,2.3067983289689193,0.947,0.0,0.77,1.2625325007340673,0.993572585943314,60,0,0.0,0.604081778632595,0.0,0.9808232338248587,0.0,0.0
full_nl_seed2,lstm,CftsCels,49,1,29.072158148909693,5.876500293239083,0.754,0.0,0.21,0.6583826259234083,0.8050932825972917,0,0,0.0,0.5141110130981227,0.0,0.9713486280890788,0.0,0.0
full_nl_seed2,lstm,CftsCels,50,1,16.854604480557185,4.203114183678331,0.88,0.0,0.82,0.8871983121311242,0.8404571081894399,82,0,0.0,0.77095438561606,0.0,0.9106394722988985,0.0,0.0
full_nl_seed2,lstm,CftsCels,51,1,35.640074398838486,6.114138511753702,0.9,0.0,0.79,0.9028808900506414,0.8148282309365027,79,0,0.0,0.6336092256626322,0.0,0.843108365359188,0.0,0.0
full_nl_seed2,lstm,CftsCels,52,1,36.436783000960155,5.932025477859563,0.905,0.0,0.76,0.8671097062990937,0.7945309571523181,67,0,0.0,0.5384578992266964,0.0,0.8954825554606581,0.0,0.0
full_nl_seed2,lstm,CftsCels,53,1,32.56299040688817,5.075214854724455,0.895,0.0,0.77,0.9284653637306004,0.8224171541519056,62,0,0.0,0.6998087883437517,0.0,0.9178772261990648,0.0,0.0
full_nl_seed2,lstm,CftsCels,54,1,13.92051038575531,3.7359913303583365,0.886,0.0,0.83,1.0021211554980003,0.9120413496164633,83,0,0.0,0.8211843574760048,0.0,0.9213915099909341,0.0,0.0
full_nl_seed2,lstm,CftsCels,55,1,20.739577348987392,4.9105492897070775,0.872,0.0,0.81,0.8491888122069509,0.8491191006331169,81,0,0.0,0.599570690947913,0.0,0.8958288883304942,0.0,0.0
full_nl_seed2,lstm,CftsCels,56,1,23.022827026562393,5.253467259566923,0.9,0.0,0.76,0.7606008163814421,0.8085536333705413,29,0,0.0,0.5878406460957976,0.0,0.9680977595187075,0.0,0.0
full_nl_seed2,lstm,CftsCels,57,1,5.545209031052199,2.168487690683846,0.934,0.0,0.8,1.232537967439114,0.9728220925896739,80,0,0.0,0.53148186576363,0.0,0.9726840177162092,0.0,0.0
full_nl_seed2,lstm,CftsCels,58,1,21.043618761935093,4.812957331587187,0.857,0.0,0.79,0.8069511732327542,0.8623988232304417,79,0,0.0,0.550580631833574,0.0,0.9046861585226003,0.0,0.0
full_nl_seed2,lstm,CftsCels,59,1,12.410865812641307,3.463084989902545,0.845,0.0,0.78,1.0294777371668664,0.9391398571889642,78,0,0.0,0.8585386357859301,0.0,0.9452100135015183,0.0,0.0
full_nl_seed2,lstm,CftsCels,60,1,4.790095588540647,2.744313044789891,0.936,0.0,0.8,1.0839323678713257,0.9550202255341385,79,0,0.0,0.8250234487909577,0.0,0.9769003666096977,0.0,0.0
full_nl_seed2,lstm,CftsCels,61,1,3.8868574484581426,2.1138734210017374,0.946,0.0,0.85,0.9956344157428622,0.9757627415614463,85,0,0.0,0.8852871329993685,0.0,0.9747546789054667,0.0,0.0
full_nl_seed2,lstm,CftsCels,62,1,44.470547785820784,6.831070858637013,0.898,0.0,0.75,1.2033585231693904,0.7461612046466475,59,0,0.0,0.5135019671303429,0.0,0.8972130911204409,0.0,0.0
full_nl_seed2,lstm,CftsCels,63,1,27.778592828201372,5.8115184692294335,0.701,0.0,0.04,0.5574449252686028,0.8076381808091085,0,0,0.0,0.29659103665253816,0.0,0.9725931230279129,0.0,0.0
full_nl_seed2,lstm,CftsCels,64,1,28.385790243214007,5.602770054994416,0.829,0.0,0.52,0.6437035584429366,0.816308665341499,4,0,0.0,0.5170283620216267,0.0,0.9708704055484964,0.0,0.0
full_nl_seed2,lstm,CftsCels,65,1,3.8888029395233685,1.768712067186234,0.941,0.0,0.84,1.0292431875883408,0.9722846955962998,77,0,0.0,0.5876098583242119,0.0,0.9832398748556719,0.0,0.0
full_nl_seed2,lstm,CftsCels,66,1,30.893513876824663,5.204468835677171,0.905,0.0,0.79,0.9810693770202338,0.8579979615638836,79,0,0.0,0.6789369534141335,0.0,0.8632656480280522,0.0,0.0
full_nl_seed2,lstm,CftsCels,67,1,15.74239484379424,4.081977836927311,0.857,0.0,0.79,1.0084065203599488,0.9080676649144591,71,0,0.0,0.4320816764636285,0.0,0.9466049105006582,0.0,0.0
full_nl_seed2,lstm,CftsCels,68,1,33.99449324194335,5.940195413581099,0.891,0.0,0.8,0.6332523371309642,0.796268466859608,79,0,0.0,0.7075280973341442,0.0,0.8505770101023326,0.0,0.0
full_nl_seed2,lstm,CftsCels,69,1,4.82107713845293,2.071041336985238,0.94,0.0,0.84,1.242517104990168,0.9994827494674812,83,0,0.0,0.883136260127149,0.0,0.9720199138469601,0.0,0.0
full_nl_seed2,lstm,CftsCels,70,1,11.137139715540679,3.2629811796633654,0.875,0.0,0.79,1.1576577034148074,0.9391702361354083,79,0,0.0,0.8856328266409818,0.0,0.9483867574865369,0.0,0.0
full_nl_seed2,lstm,CftsCels,71,1,9.467677107491415,3.171615211930553,0.866,0.0,0.79,1.169298790701749,0.9870511684087355,79,0,0.0,0.8715548263184112,0.0,0.955956539394915,0.0,0.0
full_nl_seed2,lstm,CftsCels,72,1,23.983766083110492,5.448168781837221,0.856,0.0,0.5,0.6992937345370842,0.8500487501640743,0,0,0.0,0.18786153071930003,0.0,0.9763063473126473,0.0,0.0
full_nl_seed2,lstm,CftsCels,73,1,23.953633409577467,4.469696603997713,0.895,0.0,0.79,0.9969202915566019,0.8538539809341751,79,0,0.0,0.6972780768731764,0.0,0.8918415739102278,0.0,0.0
full_nl_seed2,lstm,CftsCels,74,1,7.932783501197993,2.392530799452367,0.922,0.0,0.8,1.3333013468474688,0.9391594206647101,72,0,0.0,0.581399964028753,0.0,0.9720313628306033,0.0,0.0
full_nl_seed2,lstm,CftsCels,75,1,18.199197940054667,4.344379918960751,0.867,0.0,0.82,1.0300443016966405,0.9010998132414455,82,0,0.0,0.8254471972580736,0.0,0.9038936771645818,0.0,0.0
full_nl_seed2,lstm,CftsCels,76,1,23.36509805822525,4.046524110786645,0.879,0.0,0.78,1.0117530645047734,0.8786041440142793,78,0,0.0,0.6056317727622251,0.0,0.8992509925073102,0.0,0.0
full_nl_seed2,lstm,CftsCels,77,1,8.359839881173606,2.8062443381867337,0.912,0.0,0.79,1.2290427968712956,0.9225718488055543,79,0,0.0,0.8511690161271197,0.0,0.9606999063138117,0.0,0.0
full_nl_seed2,lstm,CftsCels,78,1,30.590897653519068,5.496231072563366,0.878,0.0,0.77,0.6692437682639216,0.816394487366314,71,0,0.0,0.8282067764244653,0.0,0.899823252609995,0.0,0.0
full_nl_seed2,lstm,CftsCels,79,1,28.67208383883074,4.545842414332688,0.899,0.0,0.79,0.924836414717418,0.8541204405543555,79,0,0.0,0.468906959368178,0.0,0.6999743224748081,0.0,0.0
full_nl_seed2,lstm,CftsCels,80,1,36.51072584111749,6.137469896381816,0.899,0.0,0.77,0.8606249613630332,0.7774212992795726,59,0,0.0,0.47342283054715195,0.0,0.9148051898664954,0.0,0.0
full_nl_seed2,lstm,CftsCels,81,1,14.4127174598055,3.702414923315859,0.879,0.0,0.83,0.9755772000138673,0.9159433143506955,83,0,0.0,0.8376100819347022,0.0,0.9187780063131339,0.0,0.0
full_nl_seed2,lstm,CftsCels,82,1,4.9284765575053795,1.898768304273185,0.941,0.0,0.83,1.1847656447998482,0.916148241360069,83,0,0.0,0.8438751924232059,0.0,0.9714430530371955,0.0,0.0
full_nl_seed2,lstm,CftsCels,83,1,20.20936272686944,3.7099078086025146,0.89,0.0,0.78,0.9587635667399653,0.9631831136960078,13,0,0.0,0.24248516788186844,0.0,0.9770351840361101,0.0,0.0
full_nl_seed2,lstm,CftsCels,84,1,14.767903670093258,3.193587051655981,0.922,0.0,0.8,1.2597735679625057,0.9008342961018058,75,0,0.0,0.8534261989263128,0.0,0.9426501043994601,0.0,0.0
full_nl_seed2,lstm,CftsCels,85,1,31.325165189204164,5.2748525196320095,0.891,0.0,0.81,1.0966152692367874,0.811546031943595,72,0,0.0,0.7621403445902446,0.0,0.8941584803850623,0.0,0.0
full_nl_seed2,lstm,CftsCels,86,1,24.583641035835697,5.405684871462777,0.897,0.0,0.76,0.709113135458241,0.8251323992393342,17,0,0.0,0.6150757641854743,0.0,0.9708201610504572,0.0,0.0
full_nl_seed2,lstm,CftsCels,87,1,19.95288886540444,4.936705648780662,0.878,0.0,0.83,0.8998295017352042,0.8790618256218329,83,0,0.0,0.8339177426660646,0.0,0.8893557318742029,0.0,0.0
full_nl_seed2,lstm,CftsCels,88,1,12.823250515056777,3.071947825383671,0.886,0.0,0.77,1.2361220011186316,0.9067428032785978,11,0,0.0,0.7351523831994781,0.0,0.9856976276171769,0.0,0.0
full_nl_seed2,lstm,CftsCels,89,1,8.298951596828093,2.3418676724510137,0.917,0.0,0.8,1.226383698585229,0.9286480402403647,80,0,0.0,0.6089240015332537,0.0,0.9598375514595233,0.0,0.0
full_nl_seed2,lstm,CftsCels,90,1,1.9320511848082271,1.522292910174138,0.938,0.0,0.87,1.0111341811777137,0.9718206772246784,87,0,0.0,0.8605567987504003,0.0,0.9853235476527774,0.0,0.0
full_nl_seed2,lstm,CftsCels,91,1,11.296399042642918,2.816726503623161,0.715,0.0,0.08,1.0769425131256751,0.9539574779638046,0,0,0.0,0.22893664876396483,0.0,0.9887719838658465,0.0,0.0
full_nl_seed2,lstm,CftsCels,92,1,25.33475131564373,5.595731705119168,0.911,0.0,0.79,0.6769239525431932,0.8346913468810683,37,0,0.0,0.6527996111753923,0.0,0.9605855819672577,0.0,0.0
full_nl_seed2,lstm,CftsCels,93,1,21.43264360134983,4.3617691969749295,0.905,0.0,0.75,1.0307663566948242,0.8766443276941976,72,0,0.0,0.8374086562247622,0.0,0.9263322208489048,0.0,0.0
full_nl_seed2,lstm,CftsCels,94,1,17.61998194236071,3.5406263409438754,0.913,0.0,0.75,1.345290859956077,0.8325720808452562,67,0,0.0,0.8506832147562894,0.0,0.9480084303606929,0.0,0.0
full_nl_seed2,lstm,CftsCels,95,1,15.29797483556447,3.7188308236217784,0.892,0.0,0.73,0.9657372096912306,0.9010841279687994,54,0,0.0,0.8543818150269538,0.0,0.9672823068864661,0.0,0.0
full_nl_seed2,lstm,CftsCels,96,1,21.965991064245692,4.1537364194368935,0.9,0.0,0.8,0.9624034725480651,0.8993583703949506,79,0,0.0,0.6917540999091417,0.0,0.7618123662278371,0.0,0.0
full_nl_seed2,lstm,CftsCels,97,1,22.066251918900154,5.163105439406233,0.856,0.0,0.79,0.7973363910819731,0.8353377219636507,79,0,0.0,0.4615048946519848,0.0,0.9003310793563123,0.0,0.0
full_nl_seed2,lstm,CftsCels,98,1,31.39271368876244,5.589422872046099,0.893,0.0,0.79,0.746271948423999,0.7772300054490878,79,0,0.0,0.7805706487215212,0.0,0.8611539900079414,0.0,0.0
full_nl_seed2,lstm,CftsCels,99,1,7.702405734115622,2.7104124520487227,0.877,0.0,0.8,1.079260592866428,0.9382859101019714,79,0,0.0,0.8333883963946873,0.0,0.9640001943001961,0.0,0.0
full_nl_seed2,lstm,CftsCOMTE,0,1,414.71117244059207,20.699547958305907,0.326,0.0,0.28,0.7932870779826537,0.2074578542309642,27,0,0.0,0.5311740658770586,0.0,0.566611581146025,0.0,0.0
full_nl_seed2,lstm,CftsCOMTE,1,1,529.5502079808055,25.575217127826413,0.302,0.0,0.27,0.6047506260581017,0.16848231672990274,19,0,0.0,0.3561700393888276,0.0,0.5200807829716351,0.0,0.0
full_nl_seed2,lstm,CftsCOMTE,2,1,485.31828982626325,23.828650033512712,0.304,0.0,0.24,0.6996849274755272,0.18068193511678468,18,0,0.0,0.39226733632368155,0.0,0.5533010398624746,0.0,0.0
full_nl_seed2,lstm,CftsCOMTE,3,1,507.6882360582208,24.62970074526216,0.312,0.0,0.25,0.6762959362408619,0.17475043961243697,22,0,0.0,0.5057084817274752,0.0,0.5215765205699251,0.0,0.0
full_nl_seed2,lstm,CftsCOMTE,4,1,524.7434693764711,25.339625543715936,0.316,0.0,0.28,0.6427383784075033,0.1665782365290747,25,0,0.0,0.2698170478925906,0.0,0.49667878457746034,0.0,0.0
full_nl_seed2,lstm,CftsCOMTE,5,1,478.17944545472835,22.804262030207692,0.314,0.0,0.25,0.6523867816878162,0.17660657282054468,25,0,0.0,0.3728737585632447,0.0,0.5285440031629993,0.0,0.0
full_nl_seed2,lstm,CftsCOMTE,6,1,494.8800967082278,24.024959199541932,0.304,0.0,0.28,0.6456769384064593,0.1785357355301019,28,0,0.0,0.2098689414651009,0.0,0.502930634294761,0.0,0.0
full_nl_seed2,lstm,CftsCOMTE,7,1,558.3088834307758,26.753316380645074,0.287,0.0,0.26,0.592817240241523,0.1621244111197166,26,0,0.0,0.17270212117493386,0.0,0.47014265841897057,0.0,0.0
full_nl_seed2,lstm,CftsCOMTE,8,1,298.4189430086682,13.50915211972659,0.315,0.0,0.25,0.6852943508752224,0.2691055321814004,23,0,0.0,0.5026904375170983,0.0,0.6787161752482664,0.0,0.0
full_nl_seed2,lstm,CftsCOMTE,9,1,513.265805373373,25.23652118032056,0.317,0.0,0.28,0.5938894815995485,0.17349731192793505,28,0,0.0,0.34006451591950865,0.0,0.4902408594368648,0.0,0.0
full_nl_seed2,lstm,CftsCOMTE,10,1,505.40217243060073,24.13826775420291,0.298,0.0,0.25,0.6328968487761609,0.1751331095630494,23,0,0.0,0.33934317660658736,0.0,0.5187365885529052,0.0,0.0
full_nl_seed2,lstm,CftsCOMTE,11,1,479.18029891681743,22.649801219070813,0.321,0.0,0.28,0.6213885837776525,0.18543054429859662,24,0,0.0,0.3246644753702926,0.0,0.5323155459195189,0.0,0.0
full_nl_seed2,lstm,CftsCOMTE,12,1,522.9602982962268,25.03327987834606,0.311,0.0,0.26,0.6127552980470308,0.17035919652017917,26,0,0.0,0.24736904699492068,0.0,0.49327464431054285,0.0,0.0
full_nl_seed2,lstm,CftsCOMTE,13,1,533.3919072212152,25.55634057944588,0.298,0.0,0.27,0.6207120963543258,0.16242625927825433,24,0,0.0,0.43030390411052455,0.0,0.4956783071050853,0.0,0.0
full_nl_seed2,lstm,CftsCOMTE,14,1,557.1086993416357,27.35951272762179,0.302,0.0,0.25,0.5985819956690274,0.16110985924725466,24,0,0.0,0.16729543656073695,0.0,0.48041603760225265,0.0,0.0
full_nl_seed2,lstm,CftsCOMTE,15,1,329.2465428924867,15.122133636660479,0.342,0.0,0.32,0.6645565632343836,0.24677509587300345,28,0,0.0,0.4550055135566938,0.0,0.6329987570277845,0.0,0.0
full_nl_seed2,lstm,CftsCOMTE,16,1,543.5206511258513,26.272222495478395,0.282,0.0,0.24,0.594095844653364,0.1638654680410606,21,0,0.0,0.20004106437723712,0.0,0.5025260191643802,0.0,0.0
full_nl_seed2,lstm,CftsCOMTE,17,1,529.4041347496155,25.400744069593863,0.293,0.0,0.26,0.636228776228329,0.16312677093761527,26,0,0.0,0.45141012523889784,0.0,0.48900614788049385,0.0,0.0
full_nl_seed2,lstm,CftsCOMTE,18,1,451.7386716727868,21.48852115733235,0.318,0.0,0.27,0.7132032600540182,0.1919610389433556,22,0,0.0,0.37893368802565364,0.0,0.5603760454072346,0.0,0.0
full_nl_seed2,lstm,CftsCOMTE,19,1,505.36967500195647,23.979906345321627,0.304,0.0,0.28,0.6287744080114449,0.17877349780956917,28,0,0.0,0.34605844380276796,0.0,0.4956598309851318,0.0,0.0
full_nl_seed2,lstm,CftsCOMTE,20,1,185.57636584163117,8.643522316857771,0.395,0.0,0.35,0.7642474353622165,0.437797767119292,34,0,0.0,0.6394297952870434,0.0,0.7549182537353405,0.0,0.0
full_nl_seed2,lstm,CftsCOMTE,21,1,532.6307502027994,25.4650028099352,0.314,0.0,0.26,0.6181039872656731,0.16612903705181,24,0,0.0,0.4816693808143828,0.0,0.4961792995707782,0.0,0.0
full_nl_seed2,lstm,CftsCOMTE,22,1,509.61759756724,24.18075340733246,0.303,0.0,0.27,0.655658734314563,0.17433771606493573,27,0,0.0,0.2214023310175161,0.0,0.4975613429834698,0.0,0.0
full_nl_seed2,lstm,CftsCOMTE,23,1,470.9566990011975,21.9110422081936,0.301,0.0,0.26,0.6292358294504837,0.1904826904422298,24,0,0.0,0.4159351851564292,0.0,0.5381163577946739,0.0,0.0
full_nl_seed2,lstm,CftsCOMTE,24,1,506.0813214101547,24.281947209861066,0.297,0.0,0.25,0.6417218094796118,0.17768959879416962,25,0,0.0,0.1563729769625517,0.0,0.5092853746420879,0.0,0.0
full_nl_seed2,lstm,CftsCOMTE,25,1,256.88759015067694,11.74350858926633,0.332,0.0,0.28,0.6929897957426479,0.3166035991851928,27,0,0.0,0.5917241312245008,0.0,0.7033464417517529,0.0,0.0
full_nl_seed2,lstm,CftsCOMTE,26,1,482.23287627075143,22.95857347347075,0.326,0.0,0.26,0.6915720283603278,0.17630885213014408,23,0,0.0,0.5144031116159519,0.0,0.5345785327196301,0.0,0.0
full_nl_seed2,lstm,CftsCOMTE,27,1,531.3964333619472,25.654731070488438,0.288,0.0,0.24,0.6462905068433337,0.16979383991074806,20,0,0.0,0.26491855061137887,0.0,0.5146637750287041,0.0,0.0
full_nl_seed2,lstm,CftsCOMTE,28,1,323.69508707485915,14.737043389153719,0.311,0.0,0.26,0.6730844498974099,0.265006301133439,24,0,0.0,0.554418314317303,0.0,0.6531762228224918,0.0,0.0
full_nl_seed2,lstm,CftsCOMTE,29,1,475.05162889133913,22.515458685020104,0.297,0.0,0.25,0.6608669504911623,0.18478383406848858,22,0,0.0,0.3983321280350219,0.0,0.5438753297520409,0.0,0.0
full_nl_seed2,lstm,CftsCOMTE,30,1,228.59168459258717,10.578617101546198,0.364,0.0,0.3,0.6261512773564482,0.33884786032493563,29,0,0.0,0.6403227116227892,0.0,0.7247339174453029,0.0,0.0
full_nl_seed2,lstm,CftsCOMTE,31,1,468.22076211761436,21.643130416374152,0.302,0.0,0.27,0.6532811442226725,0.1861414717829972,24,0,0.0,0.38472837083663897,0.0,0.5400485630618655,0.0,0.0
full_nl_seed2,lstm,CftsCOMTE,32,1,525.8317438601564,25.16661265932326,0.308,0.0,0.26,0.6418249902674737,0.16924556622342843,24,0,0.0,0.4290876211410229,0.0,0.5006364965511826,0.0,0.0
full_nl_seed2,lstm,CftsCOMTE,33,1,548.5999202431651,26.668204842487643,0.277,0.0,0.24,0.6385032801344585,0.16167944414072632,24,0,0.0,0.2360630283287874,0.0,0.48586157067181096,0.0,0.0
full_nl_seed2,lstm,CftsCOMTE,34,1,486.4127733746117,23.035539429936954,0.289,0.0,0.25,0.5914535917929769,0.18512292438755912,22,0,0.0,0.26732337705417064,0.0,0.5360112452947087,0.0,0.0
full_nl_seed2,lstm,CftsCOMTE,35,1,417.4452845668912,19.279134385395448,0.295,0.0,0.27,0.6596964151909154,0.20345221770004143,27,0,0.0,0.26228579059887863,0.0,0.5645026065654482,0.0,0.0
full_nl_seed2,lstm,CftsCOMTE,36,1,306.19782282274025,15.454979793262716,0.383,0.0,0.34,0.8018685953604799,0.26339042574717964,34,0,0.0,0.6104698223611268,0.0,0.6288119089422759,0.0,0.0
full_nl_seed2,lstm,CftsCOMTE,37,1,167.024358814173,7.264085362170568,0.327,0.0,0.25,0.6526420036658495,0.4445122802688155,25,0,0.0,0.39420289459639357,0.0,0.8003498320758656,0.0,0.0
full_nl_seed2,lstm,CftsCOMTE,38,1,531.3846531308859,25.996140598278554,0.308,0.0,0.27,0.6020563983765665,0.16843126132737282,27,0,0.0,0.23185964198186157,0.0,0.4826836218764983,0.0,0.0
full_nl_seed2,lstm,CftsCOMTE,39,1,472.9864580044081,22.11617676277229,0.307,0.0,0.24,0.651299798449515,0.1797246541701987,24,0,0.0,0.4932819597881505,0.0,0.5366922298057806,0.0,0.0
full_nl_seed2,lstm,CftsCOMTE,40,1,507.60601707354147,24.438625883738656,0.309,0.0,0.28,0.653305382262531,0.1717189967097874,28,0,0.0,0.2648427164794319,0.0,0.494059829520632,0.0,0.0
full_nl_seed2,lstm,CftsCOMTE,41,1,532.2250659560161,25.19101391513293,0.309,0.0,0.28,0.6789295253949321,0.16520972486243082,25,0,0.0,0.2575187091822693,0.0,0.49183160330651887,0.0,0.0
full_nl_seed2,lstm,CftsCOMTE,42,1,481.958353751285,23.124115081294484,0.306,0.0,0.28,0.5945676209384688,0.18149732105921215,28,0,0.0,0.3371867083868984,0.0,0.5120407974309098,0.0,0.0
full_nl_seed2,lstm,CftsCOMTE,43,1,498.05866570605116,24.395818823067913,0.32,0.0,0.29,0.6600576300779483,0.172473782647191,25,0,0.0,0.49478073098059194,0.0,0.5147535237755448,0.0,0.0
full_nl_seed2,lstm,CftsCOMTE,44,1,530.5081434963334,24.965554976248555,0.3,0.0,0.27,0.6072950207184178,0.16648117667946666,27,0,0.0,0.35660140483081104,0.0,0.4834121890499216,0.0,0.0
full_nl_seed2,lstm,CftsCOMTE,45,1,462.05324523977066,22.001480654239664,0.319,0.0,0.29,0.6157815540110773,0.18905893318517844,29,0,0.0,0.19015192976102402,0.0,0.521651755100781,0.0,0.0
full_nl_seed2,lstm,CftsCOMTE,46,1,568.5165685314535,27.346635072057353,0.304,0.0,0.27,0.6132342964976195,0.16047910856905706,27,0,0.0,0.285783197745541,0.0,0.45895365243007935,0.0,0.0
full_nl_seed2,lstm,CftsCOMTE,47,1,489.748178657565,23.095928327676372,0.302,0.0,0.24,0.6322255304389477,0.17730866671479456,21,0,0.0,0.4133845670454472,0.0,0.537982514866664,0.0,0.0
full_nl_seed2,lstm,CftsCOMTE,48,1,286.4905678036804,13.387230361433094,0.347,0.0,0.3,0.7014606641739258,0.2804480183382887,30,0,0.0,0.563330644816313,0.0,0.664151129433962,0.0,0.0
full_nl_seed2,lstm,CftsCOMTE,49,1,499.35306991680847,24.185271266716935,0.301,0.0,0.24,0.6264366215516888,0.1788483500940707,19,0,0.0,0.48832074754120397,0.0,0.5398280496291835,0.0,0.0
full_nl_seed2,lstm,CftsCOMTE,50,1,416.1879461149101,20.097655399224305,0.317,0.0,0.29,0.7007070938644672,0.2042751609201687,29,0,0.0,0.28999355390345527,0.0,0.556463185073481,0.0,0.0
full_nl_seed2,lstm,CftsCOMTE,51,1,500.1659553920211,24.335483875384817,0.297,0.0,0.27,0.6704224782394043,0.17694277376375261,27,0,0.0,0.21998081563664304,0.0,0.5040227280608675,0.0,0.0
full_nl_seed2,lstm,CftsCOMTE,52,1,496.41466199483415,23.580192534944853,0.302,0.0,0.26,0.6260778650071376,0.1797265513917139,26,0,0.0,0.24785443561363255,0.0,0.5112974023979785,0.0,0.0
full_nl_seed2,lstm,CftsCOMTE,53,1,508.31249570647225,24.606512868060335,0.297,0.0,0.27,0.6572056715910221,0.17465579335137768,27,0,0.0,0.3402888706632312,0.0,0.4984333641702598,0.0,0.0
full_nl_seed2,lstm,CftsCOMTE,54,1,468.97259624357844,22.15466832457082,0.315,0.0,0.26,0.6650855732054141,0.1876875081438087,25,0,0.0,0.33513180604830717,0.0,0.5350803159889298,0.0,0.0
full_nl_seed2,lstm,CftsCOMTE,55,1,489.7451972430278,23.652732317949276,0.31,0.0,0.28,0.6277501489686172,0.17843588297407187,28,0,0.0,0.2666917490652407,0.0,0.5065312981561423,0.0,0.0
full_nl_seed2,lstm,CftsCOMTE,56,1,501.30589368808927,23.575147186498974,0.305,0.0,0.25,0.6463355372551876,0.17689494015818036,24,0,0.0,0.4182734266289789,0.0,0.5170571086447209,0.0,0.0
full_nl_seed2,lstm,CftsCOMTE,57,1,324.3786648458678,14.958018778504943,0.328,0.0,0.29,0.6944660004054167,0.25024869366712565,26,0,0.0,0.4741823172786997,0.0,0.6451054310772203,0.0,0.0
full_nl_seed2,lstm,CftsCOMTE,58,1,501.4563173376505,23.650022234070402,0.309,0.0,0.28,0.679290385312062,0.17169799077681616,28,0,0.0,0.46187140781491687,0.0,0.49836271196544274,0.0,0.0
full_nl_seed2,lstm,CftsCOMTE,59,1,550.3456496564239,26.28272703100306,0.315,0.0,0.28,0.6114654364216813,0.16222396819115648,28,0,0.0,0.2929361259672347,0.0,0.4656423237210929,0.0,0.0
full_nl_seed2,lstm,CftsCOMTE,60,1,566.3585461632324,27.600802323433015,0.297,0.0,0.27,0.6207874786724362,0.15788886067546395,27,0,0.0,0.2954746466040002,0.0,0.46025066017518584,0.0,0.0
full_nl_seed2,lstm,CftsCOMTE,61,1,325.6118727074003,15.014203281174654,0.322,0.0,0.26,0.6894477191992391,0.2502291908090467,24,0,0.0,0.6305474758840853,0.0,0.6515314364326467,0.0,0.0
full_nl_seed2,lstm,CftsCOMTE,62,1,504.97293320534607,25.282863123388488,0.312,0.0,0.29,0.7629608546362362,0.1754004760861667,29,0,0.0,0.3460319092080627,0.0,0.4910544741788525,0.0,0.0
full_nl_seed2,lstm,CftsCOMTE,63,1,526.8123999896409,25.392967951421735,0.282,0.0,0.24,0.6576205284007349,0.1664854012395807,23,0,0.0,0.2621494831884841,0.0,0.5045082603898093,0.0,0.0
full_nl_seed2,lstm,CftsCOMTE,64,1,517.0436497782077,24.71751628791298,0.3,0.0,0.24,0.6262367367210787,0.17083464637527546,20,0,0.0,0.33730865481442424,0.0,0.5239807161418368,0.0,0.0
full_nl_seed2,lstm,CftsCOMTE,65,1,290.51596634450414,13.285246513571085,0.332,0.0,0.29,0.6315033917242038,0.29327327791086244,29,0,0.0,0.20871873719698966,0.0,0.6641805993235141,0.0,0.0
full_nl_seed2,lstm,CftsCOMTE,66,1,506.41480460809896,24.436581428328218,0.303,0.0,0.27,0.6212117989386321,0.17255652551206965,27,0,0.0,0.25098614879431186,0.0,0.4997263484638042,0.0,0.0
full_nl_seed2,lstm,CftsCOMTE,67,1,463.6897204683926,21.703802910225985,0.301,0.0,0.26,0.6609443888414996,0.1886776282722956,24,0,0.0,0.3399797117434147,0.0,0.5432954824173338,0.0,0.0
full_nl_seed2,lstm,CftsCOMTE,68,1,531.8443275820287,25.868763484709962,0.307,0.0,0.25,0.6454546250280224,0.16652555401379765,24,0,0.0,0.41367436692878784,0.0,0.4966903036434297,0.0,0.0
full_nl_seed2,lstm,CftsCOMTE,69,1,284.5178988919947,13.316118786446847,0.337,0.0,0.3,0.7164997304777245,0.2993580813653336,29,0,0.0,0.6444030932470947,0.0,0.6698172708399028,0.0,0.0
full_nl_seed2,lstm,CftsCOMTE,70,1,513.1988481702779,24.9917870095639,0.312,0.0,0.29,0.5998689628240101,0.17128228237784648,29,0,0.0,0.44197301486154406,0.0,0.48539925510702386,0.0,0.0
full_nl_seed2,lstm,CftsCOMTE,71,1,430.7581889784642,21.909717605267147,0.349,0.0,0.3,0.7544153459996531,0.20411134509216874,30,0,0.0,0.5237575794337561,0.0,0.5404463492405246,0.0,0.0
full_nl_seed2,lstm,CftsCOMTE,72,1,496.52338932002425,24.05356620266881,0.301,0.0,0.26,0.6427464670762235,0.17766286457332006,24,0,0.0,0.40498751246166276,0.0,0.5202654141002564,0.0,0.0
full_nl_seed2,lstm,CftsCOMTE,73,1,491.19424301365507,23.9260818793304,0.29,0.0,0.25,0.6456468736946285,0.1758441973652448,25,0,0.0,0.2753942905755845,0.0,0.5194905180523919,0.0,0.0
full_nl_seed2,lstm,CftsCOMTE,74,1,272.68155679810127,12.885193794557832,0.361,0.0,0.34,0.744189006158335,0.30364690543642714,34,0,0.0,0.5743227720473929,0.0,0.6615891360545905,0.0,0.0
full_nl_seed2,lstm,CftsCOMTE,75,1,404.718238568691,20.546755687846336,0.37,0.0,0.32,0.981569490620317,0.20505697674637194,30,0,0.0,0.5313888556483034,0.0,0.5609275168568799,0.0,0.0
full_nl_seed2,lstm,CftsCOMTE,76,1,502.31235543393024,23.625750528363426,0.3,0.0,0.27,0.6280877147013069,0.17609188322014085,27,0,0.0,0.2064289542867048,0.0,0.5023154269587697,0.0,0.0
full_nl_seed2,lstm,CftsCOMTE,77,1,523.3537462335943,25.35517345571833,0.312,0.0,0.27,0.6074913429395277,0.1719492557875069,27,0,0.0,0.25692909095576605,0.0,0.4882602552276852,0.0,0.0
full_nl_seed2,lstm,CftsCOMTE,78,1,477.6931624341244,23.472516951137486,0.323,0.0,0.29,0.6941894858827842,0.18480688827892175,29,0,0.0,0.4927551423466888,0.0,0.5102906418173728,0.0,0.0
full_nl_seed2,lstm,CftsCOMTE,79,1,472.28272348755945,22.23982426609786,0.301,0.0,0.27,0.6186967972337191,0.18458757706711634,27,0,0.0,0.2869517726626823,0.0,0.523647470192122,0.0,0.0
full_nl_seed2,lstm,CftsCOMTE,80,1,508.019848713006,24.224655611567496,0.275,0.0,0.23,0.6508946856665998,0.1770866923466604,21,0,0.0,0.18168364561988753,0.0,0.5255952149912106,0.0,0.0
full_nl_seed2,lstm,CftsCOMTE,81,1,491.5897867026249,23.539083848338798,0.32,0.0,0.28,0.6720862643378024,0.17911201766988577,26,0,0.0,0.32457418204734834,0.0,0.5146333457027042,0.0,0.0
full_nl_seed2,lstm,CftsCOMTE,82,1,299.0832602181724,13.61724607153674,0.324,0.0,0.28,0.6574361240549428,0.2812288865781957,26,0,0.0,0.30076869484912605,0.0,0.6675397070055253,0.0,0.0
full_nl_seed2,lstm,CftsCOMTE,83,1,499.3526675566601,23.877566291861818,0.304,0.0,0.26,0.6579323998168034,0.18576461396129765,26,0,0.0,0.2288416747523645,0.0,0.5092341704935123,0.0,0.0
full_nl_seed2,lstm,CftsCOMTE,84,1,376.96259116468826,18.196085471838554,0.345,0.0,0.3,0.9756325179184162,0.21961727526019073,27,0,0.0,0.5729011160591904,0.0,0.5966739710309608,0.0,0.0
full_nl_seed2,lstm,CftsCOMTE,85,1,464.3482938296346,21.91339280712043,0.308,0.0,0.28,0.6786586380999338,0.19023269252184571,27,0,0.0,0.37543736642247594,0.0,0.5293653585548974,0.0,0.0
full_nl_seed2,lstm,CftsCOMTE,86,1,473.9747382923224,22.84192744424503,0.3,0.0,0.25,0.6370955781018222,0.1836414572058726,24,0,0.0,0.4222042761116816,0.0,0.5359926437760792,0.0,0.0
full_nl_seed2,lstm,CftsCOMTE,87,1,479.63883460750446,22.79683189580405,0.318,0.0,0.26,0.6940528184271342,0.18444028313757446,26,0,0.0,0.48124060549000147,0.0,0.523017793394385,0.0,0.0
full_nl_seed2,lstm,CftsCOMTE,88,1,330.86540145324034,17.290520161908834,0.35,0.0,0.32,0.817178352691047,0.24482047174956317,32,0,0.0,0.4988466539294219,0.0,0.6147532909887192,0.0,0.0
full_nl_seed2,lstm,CftsCOMTE,89,1,306.4553136961403,13.901246653559866,0.307,0.0,0.25,0.6871349269396873,0.2696454054727521,23,0,0.0,0.4643952269556649,0.0,0.6716699611281901,0.0,0.0
full_nl_seed2,lstm,CftsCOMTE,90,1,177.99943186104693,7.772503508293688,0.34,0.0,0.28,0.6748593883462357,0.4318109090722815,26,0,0.0,0.2941459481040654,0.0,0.7862077200434751,0.0,0.0
full_nl_seed2,lstm,CftsCOMTE,91,1,522.3388019948388,25.348704895107662,0.297,0.0,0.26,0.6022601291195311,0.16892139663811206,24,0,0.0,0.14408360423673314,0.0,0.5029286012877301,0.0,0.0
full_nl_seed2,lstm,CftsCOMTE,92,1,533.293910877286,25.54972328452193,0.314,0.0,0.29,0.6268205646125657,0.1645711056109133,25,0,0.0,0.31740616722657383,0.0,0.4911211623884936,0.0,0.0
full_nl_seed2,lstm,CftsCOMTE,93,1,528.8081605500121,25.285842095296445,0.297,0.0,0.25,0.5990207034417475,0.16356888801219155,24,0,0.0,0.42333106308107343,0.0,0.4986732997476653,0.0,0.0
full_nl_seed2,lstm,CftsCOMTE,94,1,370.6751332363646,17.9907036398574,0.347,0.0,0.29,0.9374133286911401,0.22631490817468713,27,0,0.0,0.5780181036424048,0.0,0.6018357339141389,0.0,0.0
full_nl_seed2,lstm,CftsCOMTE,95,1,543.1481724242292,26.179400292891035,0.31,0.0,0.29,0.6200262445428248,0.16190598157584035,29,0,0.0,0.4462683491147826,0.0,0.4653466817821595,0.0,0.0
full_nl_seed2,lstm,CftsCOMTE,96,1,496.18115943118136,23.990308126228733,0.297,0.0,0.26,0.6348700727779734,0.1765824566415975,26,0,0.0,0.3734414143786208,0.0,0.5114606144880288,0.0,0.0
full_nl_seed2,lstm,CftsCOMTE,97,1,484.2038757952846,22.34497691554802,0.283,0.0,0.23,0.6119521745491053,0.18176715577187003,18,0,0.0,0.334260411814584,0.0,0.5539855443469436,0.0,0.0
full_nl_seed2,lstm,CftsCOMTE,98,1,526.2480478190314,24.94126421152241,0.307,0.0,0.28,0.6586796511259606,0.16684630672560433,28,0,0.0,0.19865079327508045,0.0,0.48149404134195745,0.0,0.0
full_nl_seed2,lstm,CftsCOMTE,99,1,549.7838624860017,26.031698931445995,0.285,0.0,0.26,0.6070331688816845,0.16252190178860448,22,0,0.0,0.3728558148216002,0.0,0.4941800844781744,0.0,0.0
full_nl_seed2,lstm,CftsConfeti,0,0,2.1342159532502375e-05,9.171286451927217e-07,1.0,1.0,1.0,1.3810053097739199,0.9698443995350599,99,1,nan,nan,nan,nan,0.0,0.0
full_nl_seed2,lstm,CftsConfeti,1,0,2.4155196801914705e-05,1.053679603628524e-06,1.0,1.0,1.0,1.4023570085787398,0.9433668839618464,99,1,nan,nan,nan,nan,0.0,0.0
full_nl_seed2,lstm,CftsConfeti,2,0,2.4552285101380876e-05,1.0683887206014374e-06,1.0,1.0,1.0,1.4284334670322865,0.9902179913834973,99,1,nan,nan,nan,nan,0.0,0.0
full_nl_seed2,lstm,CftsConfeti,3,0,2.378375885884413e-05,1.0318707154332012e-06,1.0,1.0,1.0,1.4317116911057126,0.9951909919272224,99,1,nan,nan,nan,nan,0.0,0.0
full_nl_seed2,lstm,CftsConfeti,4,0,2.403409744808436e-05,1.0375195436354302e-06,1.0,1.0,1.0,1.412603692656065,0.9903342342712803,99,1,nan,nan,nan,nan,0.0,0.0
full_nl_seed2,lstm,CftsConfeti,5,0,2.5221823911270123e-05,1.0670185931114248e-06,1.0,1.0,1.0,1.3785273286134927,0.9933610548878633,99,1,nan,nan,nan,nan,0.0,0.0
full_nl_seed2,lstm,CftsConfeti,6,0,2.3701952405453e-05,1.0316984158255315e-06,1.0,1.0,1.0,1.4171153549207633,0.9769918149108764,99,1,nan,nan,nan,nan,0.0,0.0
full_nl_seed2,lstm,CftsConfeti,7,0,2.494887651887691e-05,1.0697585968728904e-06,1.0,1.0,1.0,1.3883059802447746,0.9637629618546427,99,1,nan,nan,nan,nan,0.0,0.0
full_nl_seed2,lstm,CftsConfeti,8,1,715.1248571857595,38.31328422407819,0.499,0.0,0.0,1.1000113938449103,0.09885482470711719,0,0,0.0,0.37348216015752406,0.0,0.2933416393360965,0.0,0.0
full_nl_seed2,lstm,CftsConfeti,9,0,2.3828361108058213e-05,1.037476498371023e-06,1.0,1.0,1.0,1.4265410421071563,0.9777110140860196,99,1,nan,nan,nan,nan,0.0,0.0
full_nl_seed2,lstm,CftsConfeti,10,0,2.3693895143906026e-05,1.013309129332887e-06,1.0,1.0,1.0,1.4405861882731539,0.9878325592859781,99,1,nan,nan,nan,nan,0.0,0.0
full_nl_seed2,lstm,CftsConfeti,11,0,2.459248024178594e-05,1.049466736052171e-06,1.0,1.0,1.0,1.4189779793579598,0.9500509606732822,99,1,nan,nan,nan,nan,0.0,0.0
full_nl_seed2,lstm,CftsConfeti,12,0,2.4309959111280983e-05,1.055904490853878e-06,1.0,1.0,1.0,1.451978335731317,0.9706500259053109,99,1,nan,nan,nan,nan,0.0,0.0
full_nl_seed2,lstm,CftsConfeti,13,0,2.4235916338537222e-05,1.0440324665278268e-06,1.0,1.0,1.0,1.4253832319814728,0.9847792355589934,99,1,nan,nan,nan,nan,0.0,0.0
full_nl_seed2,lstm,CftsConfeti,14,0,2.426350268045028e-05,1.0739462740400324e-06,1.0,1.0,1.0,1.4097070500717528,0.9598613846581469,99,1,nan,nan,nan,nan,0.0,0.0
full_nl_seed2,lstm,CftsConfeti,15,1,691.7187903696102,38.16327085478726,0.515,0.0,0.0,1.1018939113603283,0.10022954760429038,0,0,0.0,0.420833948777756,0.0,0.4366412076486493,0.0,0.0
full_nl_seed2,lstm,CftsConfeti,16,0,2.303201145531118e-05,1.0111644005515607e-06,1.0,1.0,1.0,1.356525686715322,0.9995735401653583,99,1,nan,nan,nan,nan,0.0,0.0
full_nl_seed2,lstm,CftsConfeti,17,0,2.4225584776115233e-05,1.044926636618223e-06,1.0,1.0,1.0,1.39966650112966,0.9944282880038541,99,1,nan,nan,nan,nan,0.0,0.0
full_nl_seed2,lstm,CftsConfeti,18,1,605.0399627646927,33.85137695555973,0.506,0.0,0.0,1.2456064011795416,0.10944147016129399,0,0,0.0,0.2959103398283579,0.0,0.34783821998722936,0.0,0.0
full_nl_seed2,lstm,CftsConfeti,19,0,2.388627812004813e-05,1.036486274543484e-06,1.0,1.0,1.0,1.4182152748925234,0.9693723559920915,99,1,nan,nan,nan,nan,0.0,0.0
full_nl_seed2,lstm,CftsConfeti,20,1,638.4859928481148,35.4979920030441,0.52,0.0,0.0,1.2153027724011154,0.10797167464568523,0,0,0.0,0.4742062591748878,0.0,0.5307062381238734,0.0,0.0
full_nl_seed2,lstm,CftsConfeti,21,0,2.338764856358753e-05,1.0062028675400484e-06,1.0,1.0,1.0,1.4549297935242416,0.9831052490815365,99,1,nan,nan,nan,nan,0.0,0.0
full_nl_seed2,lstm,CftsConfeti,22,1,689.3351654543654,37.81209443760539,0.507,0.0,0.0,1.129546933315785,0.10355720302127684,0,0,0.0,0.27544785202731725,0.0,0.5030275186480351,0.0,0.0
full_nl_seed2,lstm,CftsConfeti,23,1,664.2387848416363,37.1561342923827,0.53,0.0,0.0,1.1248560608644464,0.10044141330115451,0,0,0.0,0.285884919267406,0.0,0.25824916845897866,0.0,0.0
full_nl_seed2,lstm,CftsConfeti,24,0,2.4101759559930908e-05,1.037006290640116e-06,1.0,1.0,1.0,1.3737815596118805,0.9753479250470057,99,1,nan,nan,nan,nan,0.0,0.0
full_nl_seed2,lstm,CftsConfeti,25,1,711.9453588645488,38.380489532999476,0.496,0.0,0.0,1.1503648563259505,0.10179213402315994,0,0,0.0,0.27918615716344886,0.0,0.4907687131027525,0.0,0.0
full_nl_seed2,lstm,CftsConfeti,26,0,2.433462031261268e-05,1.0474421062866707e-06,1.0,1.0,1.0,1.4288864726318076,0.9957312869457904,99,1,nan,nan,nan,nan,0.0,0.0
full_nl_seed2,lstm,CftsConfeti,27,0,2.3089259127977765e-05,9.97608647332318e-07,1.0,1.0,1.0,1.3840118804300667,0.9710050404573026,99,1,nan,nan,nan,nan,0.0,0.0
full_nl_seed2,lstm,CftsConfeti,28,1,727.8315231304211,38.752708388266846,0.476,0.0,0.0,1.0912452902259535,0.10134286209019223,0,0,0.0,0.42082202203671704,0.0,0.48058032120401467,0.0,0.0
full_nl_seed2,lstm,CftsConfeti,29,0,2.363912204409943e-05,1.034309860373665e-06,1.0,1.0,1.0,1.3820252802304869,0.9662746200179652,99,1,nan,nan,nan,nan,0.0,0.0
full_nl_seed2,lstm,CftsConfeti,30,0,2.4666043704874366e-05,1.0621853104018922e-06,1.0,1.0,1.0,1.3954723149233668,0.9709585161445864,99,1,nan,nan,nan,nan,0.0,0.0
full_nl_seed2,lstm,CftsConfeti,31,1,732.060812515678,39.36451997604355,0.493,0.0,0.0,1.1327744429202835,0.09891967080457016,0,0,0.0,0.3567370804715406,0.0,0.35807418665141844,0.0,0.0
full_nl_seed2,lstm,CftsConfeti,32,0,2.4909016269034773e-05,1.0775846540533585e-06,1.0,1.0,1.0,1.41286632999524,0.9991311279275047,99,1,nan,nan,nan,nan,0.0,0.0
full_nl_seed2,lstm,CftsConfeti,33,0,2.413471287445216e-05,1.0404911990963152e-06,1.0,1.0,1.0,1.3964905599525663,0.9739240887629719,99,1,nan,nan,nan,nan,0.0,0.0
full_nl_seed2,lstm,CftsConfeti,34,0,2.483362639137121e-05,1.0699473670283903e-06,1.0,1.0,1.0,1.374190391476382,0.9734914783258244,99,1,nan,nan,nan,nan,0.0,0.0
full_nl_seed2,lstm,CftsConfeti,35,1,706.8373102156954,37.882792918059636,0.491,0.0,0.0,1.132251869617748,0.10071938586966081,0,0,0.0,0.2630174632508168,0.0,0.23566576877900505,0.0,0.0
full_nl_seed2,lstm,CftsConfeti,36,1,578.2905756440216,32.640722124657515,0.532,0.0,0.0,1.35343137676742,0.10528187002685689,0,0,0.0,0.523593923255227,0.0,0.5597414885633312,0.0,0.0
full_nl_seed2,lstm,CftsConfeti,37,1,674.6912687929035,37.28235649890992,0.523,0.0,0.0,1.1296730970627606,0.10047600634434051,0,0,0.0,0.25823864742494984,0.0,0.17261729767138995,0.0,0.0
full_nl_seed2,lstm,CftsConfeti,38,0,2.4713588574308207e-05,1.0829325228626324e-06,1.0,1.0,1.0,1.3895637652019,0.9454876066710222,99,1,nan,nan,nan,nan,0.0,0.0
full_nl_seed2,lstm,CftsConfeti,39,0,2.4734752771199322e-05,1.0578043708247382e-06,1.0,1.0,1.0,1.4130544383783403,0.9869970637607735,99,1,nan,nan,nan,nan,0.0,0.0
full_nl_seed2,lstm,CftsConfeti,40,0,2.4967620549185693e-05,1.0762784280213525e-06,1.0,1.0,1.0,1.379334254190655,0.9669878743152701,99,1,nan,nan,nan,nan,0.0,0.0
full_nl_seed2,lstm,CftsConfeti,41,0,2.3614299124495065e-05,1.0047894602843568e-06,1.0,1.0,1.0,1.466664964662148,0.9669680352597062,99,1,nan,nan,nan,nan,0.0,0.0
full_nl_seed2,lstm,CftsConfeti,42,0,2.3978688517194233e-05,1.0243639113706726e-06,1.0,1.0,1.0,1.38456715525201,0.9715940984925545,99,1,nan,nan,nan,nan,0.0,0.0
full_nl_seed2,lstm,CftsConfeti,43,0,2.44793346978623e-05,1.0498215941281564e-06,1.0,1.0,1.0,1.4115654581707062,0.9700936922787025,99,1,nan,nan,nan,nan,0.0,0.0
full_nl_seed2,lstm,CftsConfeti,44,0,2.4688540788022576e-05,1.05636899476457e-06,1.0,1.0,1.0,1.4044093371837376,0.9893725176724174,99,1,nan,nan,nan,nan,0.0,0.0
full_nl_seed2,lstm,CftsConfeti,45,0,2.4336731485608866e-05,1.0657268075915032e-06,1.0,1.0,1.0,1.379765864366634,0.9665428207121483,99,1,nan,nan,nan,nan,0.0,0.0
full_nl_seed2,lstm,CftsConfeti,46,0,2.439610322401385e-05,1.0581546966751084e-06,1.0,1.0,1.0,1.3879590169050733,0.9880981885423231,99,1,nan,nan,nan,nan,0.0,0.0
full_nl_seed2,lstm,CftsConfeti,47,0,2.3998257059051897e-05,1.0283280994380375e-06,1.0,1.0,1.0,1.4078221888936335,0.9449529017768838,99,1,nan,nan,nan,nan,0.0,0.0
full_nl_seed2,lstm,CftsConfeti,48,1,753.0129810068811,39.76884083425417,0.478,0.0,0.0,1.0612857570319072,0.0973966857996169,0,0,0.0,0.29255806310378074,0.0,0.22402543757302967,0.0,0.0
full_nl_seed2,lstm,CftsConfeti,49,0,2.3357901812629672e-05,1.0019471458357845e-06,1.0,1.0,1.0,1.4033194205566593,0.991438090756276,99,1,nan,nan,nan,nan,0.0,0.0
full_nl_seed2,lstm,CftsConfeti,50,1,698.3333443335428,38.0125991116792,0.5,0.0,0.0,1.0940460879537814,0.10122143110943173,0,0,0.0,0.17895050545912838,0.0,0.21931648411929192,0.0,0.0
full_nl_seed2,lstm,CftsConfeti,51,0,2.5498274362471644e-05,1.0903769149699807e-06,1.0,1.0,1.0,1.4393636012065736,0.9738526054615674,99,1,nan,nan,nan,nan,0.0,0.0
full_nl_seed2,lstm,CftsConfeti,52,0,2.4344388859705215e-05,1.0444950293625991e-06,1.0,1.0,1.0,1.358459487691256,0.9941844091428369,99,1,nan,nan,nan,nan,0.0,0.0
full_nl_seed2,lstm,CftsConfeti,53,0,2.4899661806706327e-05,1.0556558828310854e-06,1.0,1.0,1.0,1.4056451005231407,0.9735895986217079,99,1,nan,nan,nan,nan,0.0,0.0
full_nl_seed2,lstm,CftsConfeti,54,0,2.4385303653898932e-05,1.0438435089902333e-06,1.0,1.0,1.0,1.3995626378603883,0.9918869638706124,99,1,nan,nan,nan,nan,0.0,0.0
full_nl_seed2,lstm,CftsConfeti,55,1,707.8698887433363,38.166879609421756,0.497,0.0,0.01,1.0863181857200832,0.10025341946564185,0,0,0.0,0.24386959196001184,0.0,0.24373402616967402,0.0,0.0
full_nl_seed2,lstm,CftsConfeti,56,0,2.4454641801435056e-05,1.0578205216437176e-06,1.0,1.0,1.0,1.4679651535515348,0.9524106070212501,99,1,nan,nan,nan,nan,0.0,0.0
full_nl_seed2,lstm,CftsConfeti,57,1,696.8701339781139,38.00327524595679,0.509,0.0,0.0,1.0904109350103994,0.09755372265776116,0,0,0.0,0.39499857907904506,0.0,0.40590418377483406,0.0,0.0
full_nl_seed2,lstm,CftsConfeti,58,0,2.4302025364006385e-05,1.0586899735633407e-06,1.0,1.0,1.0,1.4351204572793566,0.9919955103891454,99,1,nan,nan,nan,nan,0.0,0.0
full_nl_seed2,lstm,CftsConfeti,59,0,2.4574357697977438e-05,1.0457752504927148e-06,1.0,1.0,1.0,1.4351987726361881,0.9883120451478038,99,1,nan,nan,nan,nan,0.0,0.0
full_nl_seed2,lstm,CftsConfeti,60,0,2.4936146902933536e-05,1.069150368325421e-06,1.0,1.0,1.0,1.4392741070806616,0.978575008059899,99,1,nan,nan,nan,nan,0.0,0.0
full_nl_seed2,lstm,CftsConfeti,61,1,743.8798257379102,39.2225088729068,0.482,0.0,0.0,1.0816427012989247,0.09766080899893431,0,0,0.0,0.3590135073741645,0.0,0.46300394075387435,0.0,0.0
full_nl_seed2,lstm,CftsConfeti,62,0,2.197205002456553e-05,9.324735929211033e-07,1.0,1.0,1.0,1.3923550779164444,0.9756385230196429,99,1,nan,nan,nan,nan,0.0,0.0
full_nl_seed2,lstm,CftsConfeti,63,0,2.4846857923769596e-05,1.0794565572625707e-06,1.0,1.0,1.0,1.4363833634081093,0.9822547803268963,99,1,nan,nan,nan,nan,0.0,0.0
full_nl_seed2,lstm,CftsConfeti,64,0,2.2513186410617024e-05,9.723883549959664e-07,1.0,1.0,1.0,1.4068172568020167,0.9799477997621177,99,1,nan,nan,nan,nan,0.0,0.0
full_nl_seed2,lstm,CftsConfeti,65,1,739.8987622547455,39.560000375394324,0.485,0.0,0.0,1.0501601707915953,0.09692690017106327,0,0,0.0,0.282198290030598,0.0,0.2822956969949929,0.0,0.0
full_nl_seed2,lstm,CftsConfeti,66,0,2.4359726008232104e-05,1.045724947550506e-06,1.0,1.0,1.0,1.4049572222342557,0.9770808967410035,99,1,nan,nan,nan,nan,0.0,0.0
full_nl_seed2,lstm,CftsConfeti,67,0,2.481590605347278e-05,1.07969120239309e-06,1.0,1.0,1.0,1.376226761098438,0.9783817735726166,99,1,nan,nan,nan,nan,0.0,0.0
full_nl_seed2,lstm,CftsConfeti,68,0,2.4967760257907715e-05,1.083782460013822e-06,1.0,1.0,1.0,1.4549052353148741,0.9960976396073778,99,1,nan,nan,nan,nan,0.0,0.0
full_nl_seed2,lstm,CftsConfeti,69,1,680.4657926679959,37.42531965244874,0.518,0.0,0.0,1.1119729154351485,0.10492618024593915,0,0,0.0,0.3988748140441148,0.0,0.4093338697822349,0.0,0.0
full_nl_seed2,lstm,CftsConfeti,70,0,2.4086727379580165e-05,1.030057180632724e-06,1.0,1.0,1.0,1.424917551174287,0.9968108025265389,99,1,nan,nan,nan,nan,0.0,0.0
full_nl_seed2,lstm,CftsConfeti,71,0,2.115016258199447e-05,9.077334166966938e-07,1.0,1.0,1.0,1.4532014136270917,0.961727665608032,99,1,nan,nan,nan,nan,0.0,0.0
full_nl_seed2,lstm,CftsConfeti,72,0,2.430181870518612e-05,1.0622076077206223e-06,1.0,1.0,1.0,1.4592891572438063,0.9448878606826406,99,1,nan,nan,nan,nan,0.0,0.0
full_nl_seed2,lstm,CftsConfeti,73,0,2.539873207936874e-05,1.112900760446482e-06,1.0,1.0,1.0,1.419893730352824,0.9901596807966875,99,1,nan,nan,nan,nan,0.0,0.0
full_nl_seed2,lstm,CftsConfeti,74,1,597.6220788193131,33.322232789764406,0.518,0.0,0.0,1.2345986508647702,0.11055946800329113,0,0,0.0,0.38519594108570515,0.0,0.3190023334790256,0.0,0.0
full_nl_seed2,lstm,CftsConfeti,75,0,1.9932500955801864e-05,8.400911192760027e-07,1.0,1.0,1.0,1.4093596207290366,0.9909335232687814,99,1,nan,nan,nan,nan,0.0,0.0
full_nl_seed2,lstm,CftsConfeti,76,0,2.478869537120114e-05,1.0700440596508052e-06,1.0,1.0,1.0,1.401177023933007,0.9919462785599867,99,1,nan,nan,nan,nan,0.0,0.0
full_nl_seed2,lstm,CftsConfeti,77,0,2.519849176120005e-05,1.0605906559284328e-06,1.0,1.0,1.0,1.4245477130380433,0.9464053107155656,99,1,nan,nan,nan,nan,0.0,0.0
full_nl_seed2,lstm,CftsConfeti,78,0,2.5050399707240382e-05,1.0794884270546021e-06,1.0,1.0,1.0,1.4260132513494124,0.9820136585000139,99,1,nan,nan,nan,nan,0.0,0.0
full_nl_seed2,lstm,CftsConfeti,79,0,2.4536321046035592e-05,1.0382540209023943e-06,1.0,1.0,1.0,1.423599904152865,0.9904010359889958,99,1,nan,nan,nan,nan,0.0,0.0
full_nl_seed2,lstm,CftsConfeti,80,0,2.4541114007669944e-05,1.04901991827456e-06,1.0,1.0,1.0,1.4241102273821769,0.9748374783458575,99,1,nan,nan,nan,nan,0.0,0.0
full_nl_seed2,lstm,CftsConfeti,81,0,2.2922605086508115e-05,1.0038904882665708e-06,1.0,1.0,1.0,1.4450906533618086,0.983858375573073,99,1,nan,nan,nan,nan,0.0,0.0
full_nl_seed2,lstm,CftsConfeti,82,1,718.3839568748747,38.5807470956295,0.495,0.0,0.0,1.0710385549039534,0.0976905673608726,0,0,0.0,0.26665611095914593,0.0,0.2418037762843213,0.0,0.0
full_nl_seed2,lstm,CftsConfeti,83,0,2.48031846448709e-05,1.0558583653430657e-06,1.0,1.0,1.0,1.4277025487693225,0.9314821731849922,99,1,nan,nan,nan,nan,0.0,0.0
full_nl_seed2,lstm,CftsConfeti,84,1,622.6952823649119,33.99533544455355,0.484,0.0,0.0,1.2843070595199206,0.10697210197634825,0,0,0.0,0.505045462218172,0.0,0.3000721390460686,0.0,0.0
full_nl_seed2,lstm,CftsConfeti,85,0,2.1879644378585035e-05,9.501437139013645e-07,1.0,1.0,1.0,1.4062362730339466,0.9712803005366546,99,1,nan,nan,nan,nan,0.0,0.0
full_nl_seed2,lstm,CftsConfeti,86,0,2.387142908448405e-05,1.0366029812979448e-06,1.0,1.0,1.0,1.437397519772468,0.9927644942592648,99,1,nan,nan,nan,nan,0.0,0.0
full_nl_seed2,lstm,CftsConfeti,87,0,2.4577592360659675e-05,1.0643795061687467e-06,1.0,1.0,1.0,1.3899300516049782,0.98650410958068,99,1,nan,nan,nan,nan,0.0,0.0
full_nl_seed2,lstm,CftsConfeti,88,0,2.103932393510751e-05,8.925548895960553e-07,1.0,1.0,1.0,1.4277531965937749,0.9656016849554574,99,1,nan,nan,nan,nan,0.0,0.0
full_nl_seed2,lstm,CftsConfeti,89,1,695.042983332872,37.634308831170486,0.503,0.0,0.0,1.1066751773215298,0.10309303996113654,0,0,0.0,0.3569258596544369,0.0,0.36087924552243716,0.0,0.0
full_nl_seed2,lstm,CftsConfeti,90,1,684.8696401425767,37.35742769684545,0.516,0.0,0.0,1.1458854482970178,0.10260929106473167,0,0,0.0,0.3659042752038092,0.0,0.3827168600401257,0.0,0.0
full_nl_seed2,lstm,CftsConfeti,91,0,2.4872337902706685e-05,1.0868486667471837e-06,1.0,1.0,1.0,1.3965341024024693,0.9035830951692786,99,1,nan,nan,nan,nan,0.0,0.0
full_nl_seed2,lstm,CftsConfeti,92,0,2.5037596567583417e-05,1.0822671846314999e-06,1.0,1.0,1.0,1.4523226251745514,0.9847437710854091,99,1,nan,nan,nan,nan,0.0,0.0
full_nl_seed2,lstm,CftsConfeti,93,0,2.497010196015519e-05,1.0834211550672454e-06,1.0,1.0,1.0,1.4091903191487494,0.9894810538703495,99,1,nan,nan,nan,nan,0.0,0.0
full_nl_seed2,lstm,CftsConfeti,94,1,608.1240049021674,32.92102626012617,0.488,0.0,0.0,1.3551265533419954,0.10803181592693457,0,0,0.0,0.5104300202984687,0.0,0.5452055204563055,0.0,0.0
full_nl_seed2,lstm,CftsConfeti,95,0,2.353528931241331e-05,1.0236666412212194e-06,1.0,1.0,1.0,1.4017295616712386,0.9921571103427645,99,1,nan,nan,nan,nan,0.0,0.0
full_nl_seed2,lstm,CftsConfeti,96,0,2.480344371527947e-05,1.0724975289396876e-06,1.0,1.0,1.0,1.43503181024994,0.9863321084151963,99,1,nan,nan,nan,nan,0.0,0.0
full_nl_seed2,lstm,CftsConfeti,97,0,2.470021027808e-05,1.0542281145688384e-06,1.0,1.0,1.0,1.354720154677797,0.9776418671355134,99,1,nan,nan,nan,nan,0.0,0.0
full_nl_seed2,lstm,CftsConfeti,98,0,2.5035601500002225e-05,1.073265017434512e-06,1.0,1.0,1.0,1.427134666192123,0.9857207782649318,99,1,nan,nan,nan,nan,0.0,0.0
full_nl_seed2,lstm,CftsConfeti,99,0,2.4213179716446945e-05,1.0384921632610299e-06,1.0,1.0,1.0,1.376465912591122,0.9652087563818628,99,1,nan,nan,nan,nan,0.0,0.0
full_nl_seed2,lstm,CftsWachter,0,1,719.0221257348662,37.44453491161104,0.006,0.0,0.0,1.265205324574559,0.9866053738687588,0,0,0.0,0.8931477842357615,0.0,0.8400079926837096,0.0,0.0
full_nl_seed2,lstm,CftsWachter,1,1,215.35864092852717,17.509094550054158,0.538,0.0,0.04,1.1996822355825978,0.46407488161297433,0,0,0.0,0.3008980450791846,0.0,0.8062591986890104,0.0,0.0
full_nl_seed2,lstm,CftsWachter,2,1,776.816481435048,41.56113157110112,0.005,0.0,0.0,0.9529383550682688,0.9605744573757031,0,0,0.0,0.4112320148506304,0.0,0.4646465011279888,0.0,0.0
full_nl_seed2,lstm,CftsWachter,3,1,2000.3739178615988,77.74880860743248,0.001,0.0,0.0,0.673553275691203,0.9235914039977223,0,0,0.0,0.42719813446410676,0.0,0.696691142960952,0.0,0.0
full_nl_seed2,lstm,CftsWachter,4,1,1471.9495136104047,62.72466547719383,0.003,0.0,0.0,0.748905398707671,0.9998089431749216,0,0,0.0,0.2553615519549143,0.0,0.2535531563532833,0.0,0.0
full_nl_seed2,lstm,CftsWachter,5,1,1365.1315822794536,60.02554757067009,0.003,0.0,0.0,0.9388495225590894,0.9978836248163484,0,0,0.0,0.4254133501367824,0.0,0.5332856831295765,0.0,0.0
full_nl_seed2,lstm,CftsWachter,6,1,217.8454334280664,16.509265750740198,0.456,0.0,0.01,1.246336980325353,0.43415963418763853,0,0,0.0,0.22121576610440968,0.0,0.8046922034475241,0.0,0.0
full_nl_seed2,lstm,CftsWachter,7,1,715.1395573036208,35.9494298686152,0.211,0.0,0.0,1.1957376668645414,0.2690419725018461,0,0,0.0,0.5783043207054207,0.0,0.5331832695593176,0.0,0.0
full_nl_seed2,lstm,CftsWachter,8,1,429.69018743013726,26.057793012150483,0.369,0.0,0.0,1.1864000814704316,0.3334665486741793,0,0,0.0,0.5170819755854819,0.0,0.5911397667662442,0.0,0.0
full_nl_seed2,lstm,CftsWachter,9,1,301.9022250659943,21.203287493777104,0.486,0.0,0.07,1.253164943868804,0.35488756261121057,0,0,0.0,0.2925476758074393,0.0,0.7396037658408962,0.0,0.0
full_nl_seed2,lstm,CftsWachter,10,1,677.23598188587,38.257193403665255,0.062,0.0,0.0,0.9884548066146125,0.450022536066529,0,0,0.0,0.4663795252915414,0.0,0.4996789338156652,0.0,0.0
full_nl_seed2,lstm,CftsWachter,11,1,891.5671993342476,42.450792590508385,0.081,0.0,0.0,1.3995904870546934,0.313275757785919,0,0,0.0,0.6543645414655384,0.0,0.6597303644180956,0.0,0.0
full_nl_seed2,lstm,CftsWachter,12,1,2036.0048669991293,76.58518908169326,0.024,0.0,0.0,0.6582989100144999,0.3411295008401885,0,0,0.0,0.22829716479888978,0.0,0.4400635145630193,0.0,0.0
full_nl_seed2,lstm,CftsWachter,13,1,443.5647088506871,26.578478397856777,0.391,0.0,0.03,1.0372804756166514,0.3089446772554257,0,0,0.0,0.4295393115934731,0.0,0.6800706199898895,0.0,0.0
full_nl_seed2,lstm,CftsWachter,14,1,1354.4934547932562,61.13660674211088,0.04,0.0,0.0,0.7549029942229554,0.44880861314373655,0,0,0.0,0.6759569794817891,0.0,0.2421257542526442,0.0,0.0
full_nl_seed2,lstm,CftsWachter,15,1,1041.6455912277152,47.40811459332928,0.001,0.0,0.0,1.372853876497924,0.9964879878588754,0,0,0.0,0.6274777069543307,0.0,0.6053133716639908,0.0,0.0
full_nl_seed2,lstm,CftsWachter,16,1,1256.181909184303,56.93345024427561,0.005,0.0,0.0,0.836915765144916,0.9776427185973713,0,0,0.0,0.5214784071194152,0.0,0.506857485321172,0.0,0.0
full_nl_seed2,lstm,CftsWachter,17,1,1303.7606062196044,55.62968442650669,0.156,0.0,0.0,0.7141963603377777,0.22185423935495543,0,0,0.0,0.3328462981656533,0.0,0.5040235650714346,0.0,0.0
full_nl_seed2,lstm,CftsWachter,18,1,777.8355597621953,39.95737506380576,0.048,0.0,0.0,1.2027618744600328,0.3855288715233203,0,0,0.0,0.5382827187945718,0.0,0.56229100180093,0.0,0.0
full_nl_seed2,lstm,CftsWachter,19,1,1968.4960353572142,77.16121524612187,0.001,0.0,0.0,0.6659157194936508,0.9491886432800428,0,0,0.0,0.23320042878956676,0.0,0.45368699714383015,0.0,0.0
full_nl_seed2,lstm,CftsWachter,20,1,550.1348495501603,30.607469000824896,0.042,0.0,0.0,1.5519202554200617,0.4371476360302533,0,0,0.0,0.4438935675177926,0.0,0.6408999598802672,0.0,0.0
full_nl_seed2,lstm,CftsWachter,21,1,501.26925631615165,28.500479058903473,0.31,0.0,0.0,1.0637795711561147,0.29383688115730544,0,0,0.0,0.3885481055528407,0.0,0.609656333334942,0.0,0.0
full_nl_seed2,lstm,CftsWachter,22,1,1436.049860744154,62.10308003784268,0.001,0.0,0.0,0.7624759786797022,0.972736811915247,0,0,0.0,0.5468282267755388,0.0,0.4724047628588226,0.0,0.0
full_nl_seed2,lstm,CftsWachter,23,1,1345.2379595633672,55.950465348540234,0.003,0.0,0.0,1.366860606016554,0.9648701121887306,0,0,0.0,0.8893673344356108,0.0,0.8470665887338936,0.0,0.0
full_nl_seed2,lstm,CftsWachter,24,1,605.9241407102255,32.66487288266202,0.302,0.0,0.02,0.9051812509633542,0.280904949938424,0,0,0.0,0.4463785716432848,0.0,0.5873242839620602,0.0,0.0
full_nl_seed2,lstm,CftsWachter,25,1,1288.0105465424658,57.645333372661455,0.009,0.0,0.0,0.8070322253704618,0.98050413198881,0,0,0.0,0.48991394982127046,0.0,0.47289224497038057,0.0,0.0
full_nl_seed2,lstm,CftsWachter,26,1,1008.6829326839761,48.32577793540605,0.288,0.0,0.0,0.7802566657530435,0.22316008712270904,0,0,0.0,0.3584123036881299,0.0,0.39212338210434733,0.0,0.0
full_nl_seed2,lstm,CftsWachter,27,1,1998.79115160913,76.8770049060622,0.0,0.0,0.0,0.7792381155368878,0.997087070358241,0,0,0.0,0.3740819689861713,0.0,0.32401303104664964,0.0,0.0
full_nl_seed2,lstm,CftsWachter,28,1,774.3266461800282,42.76602857286008,0.004,0.0,0.0,0.8343727019042637,0.9559238634044742,0,0,0.0,0.260744683097351,0.0,0.4617970248999613,0.0,0.0
full_nl_seed2,lstm,CftsWachter,29,1,1833.5230523937107,73.07524325496698,0.006,0.0,0.0,0.6764579183035989,0.9732418406553053,0,0,0.0,0.3021458458988026,0.0,0.5523868708356471,0.0,0.0
full_nl_seed2,lstm,CftsWachter,30,1,2123.0193380156215,81.12272777688933,0.001,0.0,0.0,0.7041047115380364,0.9667631465671895,0,0,0.0,0.5213790237462977,0.0,0.5791291071084953,0.0,0.0
full_nl_seed2,lstm,CftsWachter,31,1,1488.4080996107075,63.422248143317184,0.003,0.0,0.0,0.7331572907601815,0.999996834748073,0,0,0.0,0.311333322071264,0.0,0.40049402419028507,0.0,0.0
full_nl_seed2,lstm,CftsWachter,32,1,319.00421022352833,20.763107792784645,0.385,0.0,0.0,1.2392113503408417,0.34455935338291294,0,0,0.0,0.37598600291550777,0.0,0.7268781473516667,0.0,0.0
full_nl_seed2,lstm,CftsWachter,33,1,1038.0737594708394,48.938228004979,0.004,0.0,0.0,0.8929376925501052,0.943219042492563,0,0,0.0,0.2379320738543959,0.0,0.6054827376188835,0.0,0.0
full_nl_seed2,lstm,CftsWachter,34,1,2042.8675373529413,78.94339374146799,0.003,0.0,0.0,0.6569396785518894,0.9895678874695644,0,0,0.0,0.4584733075145415,0.0,0.5683183985269066,0.0,0.0
full_nl_seed2,lstm,CftsWachter,35,1,361.70009756359605,23.34924032280466,0.394,0.0,0.0,1.0883725215984936,0.3509750412276856,0,0,0.0,0.5028728762033785,0.0,0.1539504622200383,0.0,0.0
full_nl_seed2,lstm,CftsWachter,36,1,1148.5331277667865,48.36629393395121,0.144,0.0,0.0,1.0608911965060726,0.2068492098492444,0,0,0.0,0.49377610215417456,0.0,0.3391437184255069,0.0,0.0
full_nl_seed2,lstm,CftsWachter,37,1,725.9757096914119,36.321592213703916,0.264,0.0,0.0,0.9260435967555855,0.23997717939664803,0,0,0.0,0.3018507302878355,0.0,0.5343695328187923,0.0,0.0
full_nl_seed2,lstm,CftsWachter,38,1,1399.8050734816998,60.81806719678372,0.005,0.0,0.0,0.7670918201155718,0.9922713331283801,0,0,0.0,0.3439141986804295,0.0,0.3414980031973958,0.0,0.0
full_nl_seed2,lstm,CftsWachter,39,1,855.4023934978763,40.55353067958231,0.217,0.0,0.0,0.8715842530821829,0.2511981599380383,0,0,0.0,0.3594560753703298,0.0,0.5713919057378625,0.0,0.0
full_nl_seed2,lstm,CftsWachter,40,1,457.47784804203474,28.467036971613794,0.325,0.0,0.0,1.048595237399495,0.3486587175078036,0,0,0.0,0.29762480101513566,0.0,0.5871191695162962,0.0,0.0
full_nl_seed2,lstm,CftsWachter,41,1,308.57196570336436,21.084779985800015,0.523,0.0,0.11,1.194073440983157,0.3876537893575643,0,0,0.0,0.334582470130525,0.0,0.7345058400150539,0.0,0.0
full_nl_seed2,lstm,CftsWachter,42,1,2131.4718655311945,81.00867294935956,0.003,0.0,0.0,0.6747561104236974,0.9353676203194818,0,0,0.0,0.29367292821577495,0.0,0.6604648023583638,0.0,0.0
full_nl_seed2,lstm,CftsWachter,43,1,964.6723201802916,44.25262206279904,0.084,0.0,0.0,1.4619109992469412,0.284025317476242,0,0,0.0,0.6306943576877225,0.0,0.6461867881695317,0.0,0.0
full_nl_seed2,lstm,CftsWachter,44,1,502.3447145047101,28.73440968998897,0.008,0.0,0.0,1.174711529378065,0.8671721900052582,0,0,0.0,0.44142347879736243,0.0,0.610576350440509,0.0,0.0
full_nl_seed2,lstm,CftsWachter,45,1,1667.8174610706444,68.63496642645512,0.001,0.0,0.0,0.682640220783953,0.9414474769233836,0,0,0.0,0.23843472198707608,0.0,0.6577325564147258,0.0,0.0
full_nl_seed2,lstm,CftsWachter,46,1,228.991282439799,16.011651819388415,0.479,0.0,0.01,1.1668527526349382,0.3921929037115329,0,0,0.0,0.5252240354959541,0.0,0.4333652930683666,0.0,0.0
full_nl_seed2,lstm,CftsWachter,47,1,2187.2838082648695,82.7580261270472,0.002,0.0,0.0,0.6706842073931247,0.9460624194614549,0,0,0.0,0.4399204136681837,0.0,0.6263621544970696,0.0,0.0
full_nl_seed2,lstm,CftsWachter,48,1,845.4476500302743,43.36859329638731,0.011,0.0,0.0,0.953855221515601,0.9937033395004987,0,0,0.0,0.3806547733447386,0.0,0.4299847291298545,0.0,0.0
full_nl_seed2,lstm,CftsWachter,49,1,2115.8414098582134,80.58098691203708,0.001,0.0,0.0,0.6686463530872674,0.981722283381698,0,0,0.0,0.2910482236591967,0.0,0.7003163655117901,0.0,0.0
full_nl_seed2,lstm,CftsWachter,50,1,2276.497210950155,84.68218104877059,0.001,0.0,0.0,0.6742490283174153,0.9502449092971047,0,0,0.0,0.2627770935742355,0.0,0.2650715645010937,0.0,0.0
full_nl_seed2,lstm,CftsWachter,51,1,1534.7463930311912,63.17289901607948,0.03,0.0,0.0,0.6795203359109052,0.3148732775724688,0,0,0.0,0.24122948086169857,0.0,0.49022852898479374,0.0,0.0
full_nl_seed2,lstm,CftsWachter,52,1,903.5444155168691,45.11940909658768,0.044,0.0,0.0,0.896721140419566,0.4049079216702955,0,0,0.0,0.45097607796488576,0.0,0.6586722065558644,0.0,0.0
full_nl_seed2,lstm,CftsWachter,53,1,2023.9717183126431,78.39024565354357,0.004,0.0,0.0,0.655677989203389,0.9914167789656495,0,0,0.0,0.46212851769271046,0.0,0.5630971491099716,0.0,0.0
full_nl_seed2,lstm,CftsWachter,54,1,1784.619744565252,72.61928499257513,0.001,0.0,0.0,0.7043536790953117,0.9947322121567883,0,0,0.0,0.2028599875351705,0.0,0.4900141949843284,0.0,0.0
full_nl_seed2,lstm,CftsWachter,55,1,1117.712227981891,51.34545348959472,0.036,0.0,0.0,0.822332117488637,0.40896334319107924,0,0,0.0,0.4298758529083355,0.0,0.22841263963783295,0.0,0.0
full_nl_seed2,lstm,CftsWachter,56,1,1214.0825967055289,54.87011057485655,0.003,0.0,0.0,0.8224099731621424,0.9966360937570926,0,0,0.0,0.3924131089397106,0.0,0.639146630024787,0.0,0.0
full_nl_seed2,lstm,CftsWachter,57,1,2084.8210209722033,79.95945864192964,0.005,0.0,0.0,0.6773150937721963,0.9315439162224293,0,0,0.0,0.3700617039786195,0.0,0.21298373738881243,0.0,0.0
full_nl_seed2,lstm,CftsWachter,58,1,712.7702180708742,36.75284326288,0.303,0.0,0.0,0.9237523423281577,0.26159477474349613,0,0,0.0,0.22935762484442418,0.0,0.5680677428663543,0.0,0.0
full_nl_seed2,lstm,CftsWachter,59,1,1123.694895299686,52.286603386889695,0.0,0.0,0.0,0.866930289251607,0.9385415464822584,0,0,0.0,0.334192332666344,0.0,0.32818384620041674,0.0,0.0
full_nl_seed2,lstm,CftsWachter,60,1,434.74660121406333,27.22778006251407,0.391,0.0,0.0,1.1394322260140188,0.29639535573805237,0,0,0.0,0.5039127089227163,0.0,0.47995835588897273,0.0,0.0
full_nl_seed2,lstm,CftsWachter,61,1,621.4320359111788,34.32095346890457,0.05,0.0,0.0,1.2743499606793292,0.43722207889517467,0,0,0.0,0.7580179886753049,0.0,0.7715597887046779,0.0,0.0
full_nl_seed2,lstm,CftsWachter,62,1,1033.8520824010918,46.11712699221616,0.041,0.0,0.0,1.424416250931072,0.3430497291701517,0,0,0.0,0.5445053855769101,0.0,0.30177921613419334,0.0,0.0
full_nl_seed2,lstm,CftsWachter,63,1,278.4140735676885,19.003889439894387,0.469,0.0,0.03,1.2032447491284164,0.35263960296662944,0,0,0.0,0.3389266709991444,0.0,0.7559087154623708,0.0,0.0
full_nl_seed2,lstm,CftsWachter,64,1,259.736003587378,17.777934570502996,0.506,0.0,0.05,1.3024422103848352,0.36223191599437043,0,0,0.0,0.5648694614864428,0.0,0.2582434688422242,0.0,0.0
full_nl_seed2,lstm,CftsWachter,65,1,839.0812696791977,42.38669877959488,0.048,0.0,0.0,0.8559383342748483,0.3979524593407971,0,0,0.0,0.30713989409372444,0.0,0.6028369597844767,0.0,0.0
full_nl_seed2,lstm,CftsWachter,66,1,2040.2754127433093,78.86743090436738,0.002,0.0,0.0,0.6653143358150194,0.9740121837978688,0,0,0.0,0.25567597371376377,0.0,0.49124202590249755,0.0,0.0
full_nl_seed2,lstm,CftsWachter,67,1,206.69060370593743,16.409422546258426,0.533,0.0,0.06,1.2292391963940172,0.4491782969855668,0,0,0.0,0.3672844801140232,0.0,0.8131572391842715,0.0,0.0
full_nl_seed2,lstm,CftsWachter,68,1,2035.07450132696,78.76733334610778,0.005,0.0,0.0,0.6848173696880098,0.9882854468582006,0,0,0.0,0.17146870369874898,0.0,0.36505155802527406,0.0,0.0
full_nl_seed2,lstm,CftsWachter,69,1,1129.2688548652204,50.13774002823245,0.196,0.0,0.0,0.7579502631976204,0.22328444349532744,0,0,0.0,0.2829756546877672,0.0,0.28734299155250476,0.0,0.0
full_nl_seed2,lstm,CftsWachter,70,1,1814.5339539935148,72.38635198240675,0.001,0.0,0.0,0.6858675352681899,0.9732589237551951,0,0,0.0,0.5909272982751952,0.0,0.2615819050103352,0.0,0.0
full_nl_seed2,lstm,CftsWachter,71,1,772.1019676943606,37.111150303173865,0.208,0.0,0.0,1.0897252930054375,0.23032155978097474,0,0,0.0,0.22551470608318497,0.0,0.26478411687744824,0.0,0.0
full_nl_seed2,lstm,CftsWachter,72,1,2168.691639165304,82.22356491806988,0.002,0.0,0.0,0.6413418594115787,0.9584650947046244,0,0,0.0,0.26739758161353716,0.0,0.6334073623491286,0.0,0.0
full_nl_seed2,lstm,CftsWachter,73,1,2072.418273387565,79.64026756009521,0.002,0.0,0.0,0.6575364012921681,0.9970251101089547,0,0,0.0,0.626812466944896,0.0,0.4698795236957142,0.0,0.0
full_nl_seed2,lstm,CftsWachter,74,1,1881.2926993245435,73.11044706225262,0.0,0.0,0.0,0.8983680953481082,0.9894211840197957,0,0,0.0,0.38796770010255166,0.0,0.5195392048501756,0.0,0.0
full_nl_seed2,lstm,CftsWachter,75,1,1221.5726956930253,53.91643793959202,0.0,0.0,0.0,1.1618806739278134,0.9924892160960755,0,0,0.0,0.20923752291690836,0.0,0.45358346466041716,0.0,0.0
full_nl_seed2,lstm,CftsWachter,76,1,2006.1039496272456,78.02677776192624,0.001,0.0,0.0,0.6488887722621831,0.9854336658918927,0,0,0.0,0.29101328694512235,0.0,0.5290248113938457,0.0,0.0
full_nl_seed2,lstm,CftsWachter,77,1,407.5514235478206,24.22016528439154,0.361,0.0,0.01,1.080011610347437,0.3016080172291271,0,0,0.0,0.3331313257840874,0.0,0.6652742831533798,0.0,0.0
full_nl_seed2,lstm,CftsWachter,78,1,368.8296100395254,22.122475685571484,0.442,0.0,0.0,1.3489887495797066,0.2835633445299141,0,0,0.0,0.6101610526120461,0.0,0.636111984847435,0.0,0.0
full_nl_seed2,lstm,CftsWachter,79,1,1047.4846499252676,50.00015458131642,0.006,0.0,0.0,0.8861457651734832,0.9694924561443391,0,0,0.0,0.39826210969954107,0.0,0.6657771715369484,0.0,0.0
full_nl_seed2,lstm,CftsWachter,80,1,631.1648398487383,31.293879318981194,0.285,0.0,0.0,1.2211847359740613,0.23601846759663378,0,0,0.0,0.38582098736831394,0.0,0.3081393848896479,0.0,0.0
full_nl_seed2,lstm,CftsWachter,81,1,1199.7866181155562,52.08314871381198,0.003,0.0,0.0,1.2706700493244856,0.9541014265234956,0,0,0.0,0.8974996823257133,0.0,0.8564342011715277,0.0,0.0
full_nl_seed2,lstm,CftsWachter,82,1,900.6412283164752,43.0554934807034,0.236,0.0,0.0,0.8342070409726807,0.24269361524222668,0,0,0.0,0.1990353810643906,0.0,0.362315451955634,0.0,0.0
full_nl_seed2,lstm,CftsWachter,83,1,1104.48139477227,49.6436327205463,0.157,0.0,0.0,0.7733426190158179,0.25163616689655116,0,0,0.0,0.3493582980091021,0.0,0.4552599007590242,0.0,0.0
full_nl_seed2,lstm,CftsWachter,84,1,866.0968897464548,42.223171343694624,0.252,0.0,0.0,1.118309685869278,0.22626587995077324,0,0,0.0,0.27177658018349005,0.0,0.42757350485120543,0.0,0.0
full_nl_seed2,lstm,CftsWachter,85,1,2082.340694841098,78.3043887828481,0.002,0.0,0.0,0.8778177249431189,0.9950861441132627,0,0,0.0,0.7952129827975506,0.0,0.3618256577524941,0.0,0.0
full_nl_seed2,lstm,CftsWachter,86,1,2254.1590783982765,84.04974358174397,0.004,0.0,0.0,0.6766043849350268,0.9702221652620571,0,0,0.0,0.518250362609735,0.0,0.3338239901038745,0.0,0.0
full_nl_seed2,lstm,CftsWachter,87,1,1584.6198234264966,66.28142766092772,0.005,0.0,0.0,0.7264226525392987,0.9959461030909418,0,0,0.0,0.34802851706073157,0.0,0.561752450929399,0.0,0.0
full_nl_seed2,lstm,CftsWachter,88,1,738.2377027329662,34.14342235688416,0.152,0.0,0.0,1.5989418965090179,0.22560841399437684,0,0,0.0,0.38968041684390403,0.0,0.41047708528017496,0.0,0.0
full_nl_seed2,lstm,CftsWachter,89,1,777.5432319511657,38.62230671767036,0.258,0.0,0.0,0.961428883805039,0.25354207399052864,0,0,0.0,0.4264884714647438,0.0,0.595951594140393,0.0,0.0
full_nl_seed2,lstm,CftsWachter,90,1,1538.8907378617494,65.16984741794003,0.003,0.0,0.0,0.7291803821049353,0.9815626959170899,0,0,0.0,0.3394198719885497,0.0,0.5246360735004606,0.0,0.0
full_nl_seed2,lstm,CftsWachter,91,1,2147.412525783155,81.57045028431182,0.001,0.0,0.0,0.6489095105267422,0.9719127414023746,0,0,0.0,0.21735805143927356,0.0,0.6467211058228369,0.0,0.0
full_nl_seed2,lstm,CftsWachter,92,1,971.435562199601,44.57746402123778,0.205,0.0,0.0,0.8095981282349923,0.23187150811878346,0,0,0.0,0.29850113629161,0.0,0.5220200201740367,0.0,0.0
full_nl_seed2,lstm,CftsWachter,93,1,468.0892802937801,27.173095471223924,0.347,0.0,0.0,1.134159796177736,0.3085294900307642,0,0,0.0,0.5949713683936304,0.0,0.6309803616232138,0.0,0.0
full_nl_seed2,lstm,CftsWachter,94,1,1352.5775848826509,57.371430884685346,0.006,0.0,0.0,1.0774947619208008,0.9769894033222704,0,0,0.0,0.44222506712425647,0.0,0.502823185335574,0.0,0.0
full_nl_seed2,lstm,CftsWachter,95,1,1543.162367013009,63.617558124842105,0.029,0.0,0.0,0.8237774242295302,0.3592099746611566,0,0,0.0,0.5153338316610201,0.0,0.6203532234833437,0.0,0.0
full_nl_seed2,lstm,CftsWachter,96,1,818.5765166289746,41.511505716704875,0.008,0.0,0.0,1.002103994250857,0.9989199239978875,0,0,0.0,0.43581664717096974,0.0,0.5466406950424505,0.0,0.0
full_nl_seed2,lstm,CftsWachter,97,1,1974.2148836109939,76.95525397117557,0.002,0.0,0.0,0.671119247934981,0.9625603325772825,0,0,0.0,0.39051764529673083,0.0,0.31194311851526335,0.0,0.0
full_nl_seed2,lstm,CftsWachter,98,1,757.3485910520285,39.75154009975316,0.176,0.0,0.0,0.8655566538431063,0.2965930576094559,0,0,0.0,0.3531817885083127,0.0,0.6298522458202378,0.0,0.0
full_nl_seed2,lstm,CftsWachter,99,1,1350.6348679284001,59.17234645691534,0.004,0.0,0.0,0.7759718373690445,0.9736993071205977,0,0,0.0,0.27410336130806384,0.0,0.6034088433505658,0.0,0.0
full_nl_seed2,lstm,PearlCARLA,0,0,7.058413600385255e-05,4.235890122720971e-06,1.0,1.0,1.0,1.2745249319688303,0.9698444099012424,99,1,nan,nan,nan,nan,0.0,0.0
full_nl_seed2,lstm,PearlCARLA,1,0,0.00035982765310997415,4.668689076128934e-05,1.0,1.0,1.0,1.2274681993570942,0.9433668677834037,99,1,nan,nan,nan,nan,0.0,0.0
full_nl_seed2,lstm,PearlCARLA,2,0,0.00043792725596128603,7.349557944120053e-05,1.0,1.0,1.0,1.298363566233501,0.9902179901919812,99,1,nan,nan,nan,nan,0.0,0.0
full_nl_seed2,lstm,PearlCARLA,3,0,0.00011788716913763587,1.3324087788411902e-05,1.0,1.0,1.0,1.1880419847708092,0.9951909832565401,99,1,nan,nan,nan,nan,0.0,0.0
full_nl_seed2,lstm,PearlCARLA,4,0,0.00012385794101191314,1.4081549205873597e-05,1.0,1.0,1.0,1.2536537520262574,0.9903342353454656,99,1,nan,nan,nan,nan,0.0,0.0
full_nl_seed2,lstm,PearlCARLA,5,0,0.0001377729064671097,1.4943869450486715e-05,1.0,1.0,1.0,1.2008340123495398,0.9933610744431578,99,1,nan,nan,nan,nan,0.0,0.0
full_nl_seed2,lstm,PearlCARLA,6,0,0.00016041105758988626,2.3035419254424718e-05,1.0,1.0,1.0,1.2647839582101839,0.97699180292311,99,1,nan,nan,nan,nan,0.0,0.0
full_nl_seed2,lstm,PearlCARLA,7,0,0.00021904470359564165,3.1934646728639036e-05,1.0,1.0,1.0,1.2868243133162163,0.9637629807830878,99,1,nan,nan,nan,nan,0.0,0.0
full_nl_seed2,lstm,PearlCARLA,8,0,0.00010052285749322445,8.504680259923085e-06,1.0,1.0,1.0,1.178586429741703,0.9697396069374975,99,1,nan,nan,nan,nan,0.0,0.0
full_nl_seed2,lstm,PearlCARLA,9,0,0.0012108235935405739,0.0003284609292480385,1.0,1.0,1.0,1.3368441736874475,0.9777110227387475,99,1,nan,nan,nan,nan,0.0,0.0
full_nl_seed2,lstm,PearlCARLA,10,0,0.00026898649167804,3.938703649485401e-05,1.0,1.0,1.0,1.2890739883349505,0.987832547413537,99,1,nan,nan,nan,nan,0.0,0.0
full_nl_seed2,lstm,PearlCARLA,11,0,0.00023715285710166657,3.558233867253202e-05,1.0,1.0,1.0,1.209155637324903,0.9500509836222804,99,1,nan,nan,nan,nan,0.0,0.0
full_nl_seed2,lstm,PearlCARLA,12,0,0.00012207773824397371,1.4791345055942723e-05,1.0,1.0,1.0,1.2810967043649704,0.9706499980678126,99,1,nan,nan,nan,nan,0.0,0.0
full_nl_seed2,lstm,PearlCARLA,13,0,0.00013804972192394717,1.7559336161619776e-05,1.0,1.0,1.0,1.1910497960703499,0.9847792401839516,99,1,nan,nan,nan,nan,0.0,0.0
full_nl_seed2,lstm,PearlCARLA,14,0,0.0003165127334084127,5.8351323113801825e-05,1.0,1.0,1.0,1.2978869746172348,0.9598613700736941,99,1,nan,nan,nan,nan,0.0,0.0
full_nl_seed2,lstm,PearlCARLA,15,0,9.749546389019315e-05,7.656261014483962e-06,1.0,1.0,1.0,1.1686858423824564,0.9666720683552101,99,1,nan,nan,nan,nan,0.0,0.0
full_nl_seed2,lstm,PearlCARLA,16,0,0.0002820192269490664,4.418648640690414e-05,1.0,1.0,1.0,1.2540992989582205,0.9995735484278347,99,1,nan,nan,nan,nan,0.0,0.0
full_nl_seed2,lstm,PearlCARLA,17,0,8.332929758899472e-05,5.313757535724731e-06,1.0,1.0,1.0,1.2503778574137159,0.9944282746628538,99,1,nan,nan,nan,nan,0.0,0.0
full_nl_seed2,lstm,PearlCARLA,18,0,7.194993003892605e-05,4.681382265758805e-06,1.0,1.0,1.0,1.2832212169446886,0.9797990784849234,99,1,nan,nan,nan,nan,0.0,0.0
full_nl_seed2,lstm,PearlCARLA,19,0,6.56184880361353e-05,3.688845803930761e-06,1.0,1.0,1.0,1.1639003331117213,0.9693723878888691,99,1,nan,nan,nan,nan,0.0,0.0
full_nl_seed2,lstm,PearlCARLA,20,0,0.0008498117394074578,0.0003233818715893333,1.0,1.0,1.0,1.1315666104834963,0.9864127783961755,99,1,nan,nan,nan,nan,0.0,0.0
full_nl_seed2,lstm,PearlCARLA,21,0,6.916610489234682e-05,4.329242693794693e-06,1.0,1.0,1.0,1.1879283768338804,0.9831052769028246,99,1,nan,nan,nan,nan,0.0,0.0
full_nl_seed2,lstm,PearlCARLA,22,0,0.0001367033641927664,2.252191047376305e-05,1.0,1.0,1.0,1.3033064888247718,0.9949376613120547,99,1,nan,nan,nan,nan,0.0,0.0
full_nl_seed2,lstm,PearlCARLA,23,0,9.192181414885165e-05,7.0422564759118065e-06,1.0,1.0,1.0,1.154318443191524,0.9907625366012798,99,1,nan,nan,nan,nan,0.0,0.0
full_nl_seed2,lstm,PearlCARLA,24,0,8.352925439901113e-05,6.484404648627868e-06,1.0,1.0,1.0,1.2328842081800868,0.9753479026736572,99,1,nan,nan,nan,nan,0.0,0.0
full_nl_seed2,lstm,PearlCARLA,25,0,6.252480735617974e-05,3.710829054033119e-06,1.0,1.0,1.0,1.2544263874764194,0.956935572446169,99,1,nan,nan,nan,nan,0.0,0.0
full_nl_seed2,lstm,PearlCARLA,26,0,9.147090733054009e-05,1.0369276186706179e-05,1.0,1.0,1.0,1.214107713464239,0.9957313006666447,99,1,nan,nan,nan,nan,0.0,0.0
full_nl_seed2,lstm,PearlCARLA,27,0,0.00024657990564606836,3.804039375893038e-05,1.0,1.0,1.0,1.2124815349129352,0.971005046003805,99,1,nan,nan,nan,nan,0.0,0.0
full_nl_seed2,lstm,PearlCARLA,28,0,7.480879942701676e-05,4.986292772712818e-06,1.0,1.0,1.0,1.140863986483613,0.9577055049501638,99,1,nan,nan,nan,nan,0.0,0.0
full_nl_seed2,lstm,PearlCARLA,29,0,7.055889312083605e-05,5.1453082434200615e-06,1.0,1.0,1.0,1.231546924194581,0.966274656874266,99,1,nan,nan,nan,nan,0.0,0.0
full_nl_seed2,lstm,PearlCARLA,30,0,0.00022297578779430054,3.1600766123980874e-05,1.0,1.0,1.0,1.1832735381567898,0.9709584782964144,99,1,nan,nan,nan,nan,0.0,0.0
full_nl_seed2,lstm,PearlCARLA,31,0,0.0003180849950171387,5.6284825084492765e-05,1.0,1.0,1.0,1.3205975314911886,0.9779280813934618,99,1,nan,nan,nan,nan,0.0,0.0
full_nl_seed2,lstm,PearlCARLA,32,0,6.67321805861397e-05,3.921383556115734e-06,1.0,1.0,1.0,1.217699625396589,0.999131105532568,99,1,nan,nan,nan,nan,0.0,0.0
full_nl_seed2,lstm,PearlCARLA,33,0,0.00020948274411664166,3.05310624044613e-05,1.0,1.0,1.0,1.2656711760918078,0.9739240823722198,99,1,nan,nan,nan,nan,0.0,0.0
full_nl_seed2,lstm,PearlCARLA,34,0,0.00010890549620451787,1.274559703580648e-05,1.0,1.0,1.0,1.239153493451012,0.973491491830508,99,1,nan,nan,nan,nan,0.0,0.0
full_nl_seed2,lstm,PearlCARLA,35,0,0.0001169589545643281,1.0954033401482064e-05,1.0,1.0,1.0,1.2414505010529395,0.9894282135677702,99,1,nan,nan,nan,nan,0.0,0.0
full_nl_seed2,lstm,PearlCARLA,36,0,5.91083833438831e-05,3.1795142843391206e-06,1.0,1.0,1.0,1.27663568279135,0.974224778134022,99,1,nan,nan,nan,nan,0.0,0.0
full_nl_seed2,lstm,PearlCARLA,37,0,8.242563576650857e-05,5.914344101752995e-06,1.0,1.0,1.0,1.2359458212884964,0.9191684885887357,99,1,nan,nan,nan,nan,0.0,0.0
full_nl_seed2,lstm,PearlCARLA,38,0,0.0001499939437955792,2.0645720837963006e-05,1.0,1.0,1.0,1.2736662354281896,0.9454876255460034,99,1,nan,nan,nan,nan,0.0,0.0
full_nl_seed2,lstm,PearlCARLA,39,0,0.047786378526767335,0.008538958020104234,0.987,0.3,0.91,1.2249884788065946,0.9869971065561506,74,0,0.0,0.5939189758204773,1.0,0.9999998637447918,0.0,0.0
full_nl_seed2,lstm,PearlCARLA,40,0,0.00019590822310655565,3.0479669721719997e-05,1.0,1.0,1.0,1.2744334250027909,0.9669879251800775,99,1,nan,nan,nan,nan,0.0,0.0
full_nl_seed2,lstm,PearlCARLA,41,0,9.590415581209235e-05,8.325382997331214e-06,1.0,1.0,1.0,1.2660786060530813,0.9669680019819376,99,1,nan,nan,nan,nan,0.0,0.0
full_nl_seed2,lstm,PearlCARLA,42,0,0.00013677226997042173,1.9878717296775713e-05,1.0,1.0,1.0,1.2797555695140428,0.9715940584788946,99,1,nan,nan,nan,nan,0.0,0.0
full_nl_seed2,lstm,PearlCARLA,43,0,8.341802923234574e-05,7.5184058671735554e-06,1.0,1.0,1.0,1.1200459401247258,0.9700936701404238,99,1,nan,nan,nan,nan,0.0,0.0
full_nl_seed2,lstm,PearlCARLA,44,0,0.00014073259115192924,2.0893587413304215e-05,1.0,1.0,1.0,1.290622444545012,0.9893725239382856,99,1,nan,nan,nan,nan,0.0,0.0
full_nl_seed2,lstm,PearlCARLA,45,0,8.396586856461875e-05,5.926387028529853e-06,1.0,1.0,1.0,1.1879432812382889,0.9665428359165806,99,1,nan,nan,nan,nan,0.0,0.0
full_nl_seed2,lstm,PearlCARLA,46,0,0.0001501910294089727,1.7491864720832786e-05,1.0,1.0,1.0,1.2678156477022247,0.9880981661968332,99,1,nan,nan,nan,nan,0.0,0.0
full_nl_seed2,lstm,PearlCARLA,47,0,0.00010527973417880088,1.2689074400146525e-05,1.0,1.0,1.0,1.2921544205421218,0.9449529323841841,99,1,nan,nan,nan,nan,0.0,0.0
full_nl_seed2,lstm,PearlCARLA,48,0,0.004147858809318293,0.001152203835810437,1.0,1.0,1.0,1.358516241217893,0.9762232375963747,99,1,nan,nan,nan,nan,0.0,0.0
full_nl_seed2,lstm,PearlCARLA,49,0,6.399696790210241e-05,3.689728611351001e-06,1.0,1.0,1.0,1.2195653893030156,0.9914381223804871,99,1,nan,nan,nan,nan,0.0,0.0
full_nl_seed2,lstm,PearlCARLA,50,0,9.119883216106794e-05,7.931561896912832e-06,1.0,1.0,1.0,1.261001420210228,0.941405384921487,99,1,nan,nan,nan,nan,0.0,0.0
full_nl_seed2,lstm,PearlCARLA,51,0,0.00023100548321325787,3.9226309036773805e-05,1.0,1.0,1.0,1.1467840894379953,0.9738525914401943,99,1,nan,nan,nan,nan,0.0,0.0
full_nl_seed2,lstm,PearlCARLA,52,0,0.00013569134285520588,1.3698526085876456e-05,1.0,1.0,1.0,1.2073596357718541,0.9941844423700043,99,1,nan,nan,nan,nan,0.0,0.0
full_nl_seed2,lstm,PearlCARLA,53,0,8.94713347653355e-05,8.11152527025752e-06,1.0,1.0,1.0,1.2304937234464703,0.9735896206635614,99,1,nan,nan,nan,nan,0.0,0.0
full_nl_seed2,lstm,PearlCARLA,54,0,7.779114325771885e-05,4.836365695929733e-06,1.0,1.0,1.0,1.1947104593850706,0.9918869803553271,99,1,nan,nan,nan,nan,0.0,0.0
full_nl_seed2,lstm,PearlCARLA,55,0,0.0010718997765604091,0.0002308658552550586,1.0,1.0,1.0,1.246140813266571,0.9893735314639076,99,1,nan,nan,nan,nan,0.0,0.0
full_nl_seed2,lstm,PearlCARLA,56,0,0.00040084465681263295,5.969097503557032e-05,1.0,1.0,1.0,1.235340551295638,0.9524106319374137,99,1,nan,nan,nan,nan,0.0,0.0
full_nl_seed2,lstm,PearlCARLA,57,0,0.00010481580991425314,8.752378042299042e-06,1.0,1.0,1.0,1.2489160255784153,0.9974356958254704,99,1,nan,nan,nan,nan,0.0,0.0
full_nl_seed2,lstm,PearlCARLA,58,0,8.105333017342092e-05,5.309468271641497e-06,1.0,1.0,1.0,1.1900502290591444,0.9919954554458518,99,1,nan,nan,nan,nan,0.0,0.0
full_nl_seed2,lstm,PearlCARLA,59,0,6.748699164740076e-05,3.996598730514232e-06,1.0,1.0,1.0,1.1791377244963248,0.988312054709328,99,1,nan,nan,nan,nan,0.0,0.0
full_nl_seed2,lstm,PearlCARLA,60,0,0.00025869759749411235,4.878939758808735e-05,1.0,1.0,1.0,1.2948821793190135,0.9785749961567078,99,1,nan,nan,nan,nan,0.0,0.0
full_nl_seed2,lstm,PearlCARLA,61,0,0.0001677847480432218,3.1638898491910414e-05,1.0,1.0,1.0,1.2028703871265831,0.9925291288940794,99,1,nan,nan,nan,nan,0.0,0.0
full_nl_seed2,lstm,PearlCARLA,62,0,0.00017775112132454012,3.049371206679877e-05,1.0,1.0,1.0,1.2794447341561683,0.9756385155877707,99,1,nan,nan,nan,nan,0.0,0.0
full_nl_seed2,lstm,PearlCARLA,63,0,6.557746842315252e-05,3.7335417483927223e-06,1.0,1.0,1.0,1.1834869766639884,0.9822547850505385,99,1,nan,nan,nan,nan,0.0,0.0
full_nl_seed2,lstm,PearlCARLA,64,0,8.042323915420733e-05,5.53675638557112e-06,1.0,1.0,1.0,1.1984812668265459,0.9799477647519587,99,1,nan,nan,nan,nan,0.0,0.0
full_nl_seed2,lstm,PearlCARLA,65,0,0.00010613849020602115,9.234876077873686e-06,1.0,1.0,1.0,1.2423115344807272,0.9833913894557476,99,1,nan,nan,nan,nan,0.0,0.0
full_nl_seed2,lstm,PearlCARLA,66,0,0.0001252585856688841,1.4588264047685008e-05,1.0,1.0,1.0,1.2748106433442719,0.9770809018800439,99,1,nan,nan,nan,nan,0.0,0.0
full_nl_seed2,lstm,PearlCARLA,67,0,0.00017362496335058056,2.6333549585921965e-05,1.0,1.0,1.0,1.3109586441891214,0.9783817818584953,99,1,nan,nan,nan,nan,0.0,0.0
full_nl_seed2,lstm,PearlCARLA,68,0,0.00017397424507586143,2.6671051950445572e-05,1.0,1.0,1.0,1.2717687716509374,0.9960976636784352,99,1,nan,nan,nan,nan,0.0,0.0
full_nl_seed2,lstm,PearlCARLA,69,0,7.634274250360989e-05,4.748762011756575e-06,1.0,1.0,1.0,1.1877152002017415,0.9846059052967691,99,1,nan,nan,nan,nan,0.0,0.0
full_nl_seed2,lstm,PearlCARLA,70,0,0.00021142234928197114,3.969761570545873e-05,1.0,1.0,1.0,1.1884906429968118,0.9968108179204108,99,1,nan,nan,nan,nan,0.0,0.0
full_nl_seed2,lstm,PearlCARLA,71,0,6.234234319423384e-05,3.677547571256914e-06,1.0,1.0,1.0,1.2760305489274992,0.9617276635753653,99,1,nan,nan,nan,nan,0.0,0.0
full_nl_seed2,lstm,PearlCARLA,72,0,7.719582265235288e-05,5.984220449445777e-06,1.0,1.0,1.0,1.1963288111011652,0.9448878126704566,99,1,nan,nan,nan,nan,0.0,0.0
full_nl_seed2,lstm,PearlCARLA,73,0,0.00010362544338331572,9.320061294769786e-06,1.0,1.0,1.0,1.2210812478895898,0.9901596604991107,99,1,nan,nan,nan,nan,0.0,0.0
full_nl_seed2,lstm,PearlCARLA,74,0,6.519275505699799e-05,3.6448958438350973e-06,1.0,1.0,1.0,1.2882538430047763,0.9937127215017324,99,1,nan,nan,nan,nan,0.0,0.0
full_nl_seed2,lstm,PearlCARLA,75,0,6.548737828573946e-05,3.8102291773081656e-06,1.0,1.0,1.0,1.2711612359367006,0.9909335338767861,99,1,nan,nan,nan,nan,0.0,0.0
full_nl_seed2,lstm,PearlCARLA,76,0,0.0006724793070014886,0.00013583658755039217,1.0,1.0,1.0,1.3261997249890474,0.9919462961031154,99,1,nan,nan,nan,nan,0.0,0.0
full_nl_seed2,lstm,PearlCARLA,77,0,7.016928228224459e-05,4.41298315981336e-06,1.0,1.0,1.0,1.204064510585989,0.9464052828056001,99,1,nan,nan,nan,nan,0.0,0.0
full_nl_seed2,lstm,PearlCARLA,78,0,7.180543610679638e-05,4.672072787144482e-06,1.0,1.0,1.0,1.2216269489361349,0.9820136483205135,99,1,nan,nan,nan,nan,0.0,0.0
full_nl_seed2,lstm,PearlCARLA,79,0,0.00015276518515535895,1.5049743239778983e-05,1.0,1.0,1.0,1.2652580275423582,0.9904010759141444,99,1,nan,nan,nan,nan,0.0,0.0
full_nl_seed2,lstm,PearlCARLA,80,0,9.539673852584137e-05,1.0160879620030359e-05,1.0,1.0,1.0,1.2192893139637784,0.974837477992207,99,1,nan,nan,nan,nan,0.0,0.0
full_nl_seed2,lstm,PearlCARLA,81,0,9.283360810861041e-05,9.993921273044183e-06,1.0,1.0,1.0,1.2144496464454595,0.983858414760723,99,1,nan,nan,nan,nan,0.0,0.0
full_nl_seed2,lstm,PearlCARLA,82,0,7.62516297730647e-05,4.963045351115022e-06,1.0,1.0,1.0,1.1938696364038393,0.9391835275584054,99,1,nan,nan,nan,nan,0.0,0.0
full_nl_seed2,lstm,PearlCARLA,83,0,0.00044841726067499504,9.208858831234355e-05,1.0,1.0,1.0,1.273719549386988,0.9314821654351342,99,1,nan,nan,nan,nan,0.0,0.0
full_nl_seed2,lstm,PearlCARLA,84,0,6.45891388166551e-05,3.6065927557568087e-06,1.0,1.0,1.0,1.2610381902389591,0.9783236355345268,99,1,nan,nan,nan,nan,0.0,0.0
full_nl_seed2,lstm,PearlCARLA,85,0,0.00016200028118691732,2.6977605869856786e-05,1.0,1.0,1.0,1.3459965143050636,0.9712803116648274,99,1,nan,nan,nan,nan,0.0,0.0
full_nl_seed2,lstm,PearlCARLA,86,0,7.953146932381059e-05,6.565612239397852e-06,1.0,1.0,1.0,1.2209167512213623,0.992764456416126,99,1,nan,nan,nan,nan,0.0,0.0
full_nl_seed2,lstm,PearlCARLA,87,0,0.0002444587016274722,4.437104891552296e-05,1.0,1.0,1.0,1.2434559019475302,0.9865040661789366,99,1,nan,nan,nan,nan,0.0,0.0
full_nl_seed2,lstm,PearlCARLA,88,0,5.6441209587083756e-05,3.0294577650632e-06,1.0,1.0,1.0,1.3568792556641451,0.9656017285051176,99,1,nan,nan,nan,nan,0.0,0.0
full_nl_seed2,lstm,PearlCARLA,89,0,6.565918256156225e-05,3.8094020244004963e-06,1.0,1.0,1.0,1.2040329690726552,0.9670770582241334,99,1,nan,nan,nan,nan,0.0,0.0
full_nl_seed2,lstm,PearlCARLA,90,0,7.601783891700818e-05,5.149002957418013e-06,1.0,1.0,1.0,1.1748732165850873,0.9823762035906457,99,1,nan,nan,nan,nan,0.0,0.0
full_nl_seed2,lstm,PearlCARLA,91,0,0.00011221932922813238,1.0592919281600564e-05,1.0,1.0,1.0,1.2141988281819416,0.9035831131091476,99,1,nan,nan,nan,nan,0.0,0.0
full_nl_seed2,lstm,PearlCARLA,92,0,7.960604686614711e-05,5.419021272229781e-06,1.0,1.0,1.0,1.2515731743739136,0.9847437833378943,99,1,nan,nan,nan,nan,0.0,0.0
full_nl_seed2,lstm,PearlCARLA,93,0,0.00016542467122535086,2.3791954839339634e-05,1.0,1.0,1.0,1.2025903230460049,0.989481051048147,99,1,nan,nan,nan,nan,0.0,0.0
full_nl_seed2,lstm,PearlCARLA,94,0,6.560621987723465e-05,3.6583491661043282e-06,1.0,1.0,1.0,1.2470886848077507,0.9947804528655988,99,1,nan,nan,nan,nan,0.0,0.0
full_nl_seed2,lstm,PearlCARLA,95,0,9.905517251959737e-05,9.739187715141248e-06,1.0,1.0,1.0,1.2080510914415619,0.9921571024277357,99,1,nan,nan,nan,nan,0.0,0.0
full_nl_seed2,lstm,PearlCARLA,96,0,0.0002158021306151892,3.6288913017737974e-05,1.0,1.0,1.0,1.2550737255362794,0.9863320634866038,99,1,nan,nan,nan,nan,0.0,0.0
full_nl_seed2,lstm,PearlCARLA,97,0,0.00019733338557607937,3.469580845509706e-05,1.0,1.0,1.0,1.264536173770862,0.9776418735226825,99,1,nan,nan,nan,nan,0.0,0.0
full_nl_seed2,lstm,PearlCARLA,98,0,0.00010285015805324219,1.0045553441020361e-05,1.0,1.0,1.0,1.3043755567613198,0.9857207600806082,99,1,nan,nan,nan,nan,0.0,0.0
full_nl_seed2,lstm,PearlCARLA,99,0,0.0002699810082645755,4.66275489943055e-05,1.0,1.0,1.0,1.1955330468399095,0.9652087612177104,99,1,nan,nan,nan,nan,0.0,0.0
full_nl_seed2,lstm,TSCausal,0,1,2196.4973505721646,121.13245584271588,0.002,0.0,0.0,1.210446795373549,0.0673749317053118,0,0,0.0,0.11308693548430769,0.0,0.08933647151486723,0.0,0.0
full_nl_seed2,lstm,TSCausal,1,1,2547.950035421752,144.82229699311753,0.002,0.0,0.0,1.2187363429464677,0.05771874369959379,0,0,0.0,0.08608330483476656,0.0,0.08644270665383817,0.0,0.0
full_nl_seed2,lstm,TSCausal,2,0,2568.797687935482,149.4494580066543,0.002,0.0,0.0,1.1833171748098623,0.05984796606363342,0,0,0.0,0.08467671860841526,0.0,0.08444860214441469,0.0,0.0
full_nl_seed2,lstm,TSCausal,3,0,2234.61393731185,110.78099949881086,0.001,0.0,0.0,1.2441880530784069,0.0650384477652546,0,0,0.0,0.11958648421257434,0.0,0.11170141925286164,0.0,0.0
full_nl_seed2,lstm,TSCausal,4,0,2531.8412567721116,135.6673001642038,0.001,0.0,0.0,1.1661155651001278,0.060438367697731005,0,0,0.0,0.08685264734038468,0.0,0.0837291336810841,0.0,0.0
full_nl_seed2,lstm,TSCausal,5,0,2201.4859890895823,110.30771112700789,0.002,0.0,0.0,1.2097559120417005,0.0651533381323094,0,0,0.0,0.10953190868974999,0.0,0.10804293447812735,0.0,0.0
full_nl_seed2,lstm,TSCausal,6,1,2425.212462053364,137.98500394510714,0.001,0.0,0.0,1.0964077592932713,0.06366546177016906,0,0,0.0,0.10449575854532166,0.0,0.10484975013402621,0.0,0.0
full_nl_seed2,lstm,TSCausal,7,0,2366.0382021472997,116.78186838610533,0.003,0.0,0.0,1.1247145986585703,0.06267506343845412,0,0,0.0,0.11281283665423525,0.0,0.10682914013766118,0.0,0.0
full_nl_seed2,lstm,TSCausal,8,0,2262.5316058909093,127.02989061440441,0.003,0.0,0.0,1.1771379485148055,0.06396198700180666,0,0,0.0,0.09963482726721441,0.0,0.09866283789417585,0.0,0.0
full_nl_seed2,lstm,TSCausal,9,1,2341.926717592056,115.80729524467124,0.001,0.0,0.0,1.1013195043946156,0.06583137696099865,0,0,0.0,0.10313127918931653,0.0,0.09636124385047398,0.0,0.0
full_nl_seed2,lstm,TSCausal,10,1,2411.4848483457636,120.63263848113654,0.001,0.0,0.0,1.1173404331949859,0.06618101613242044,0,0,0.0,0.12439342154586937,0.0,0.11375926419734517,0.0,0.0
full_nl_seed2,lstm,TSCausal,11,0,2295.3383735657717,126.07792844742525,0.001,0.0,0.0,1.2097635322340268,0.061190960577915524,0,0,0.0,0.09899724365687894,0.0,0.10809198282842052,0.0,0.0
full_nl_seed2,lstm,TSCausal,12,1,2554.98561312374,131.07653923009227,0.002,0.0,0.0,1.095097070653121,0.060819397438179504,0,0,0.0,0.07729867184263824,0.0,0.08292743334317237,0.0,0.0
full_nl_seed2,lstm,TSCausal,13,1,2248.794309283582,121.72992024442055,0.002,0.0,0.0,1.1897855795645491,0.0644844695529858,0,0,0.0,0.09265470676908374,0.0,0.08019655924637416,0.0,0.0
full_nl_seed2,lstm,TSCausal,14,0,2280.226959802425,120.3354389513273,0.002,0.0,0.0,1.1419757809050983,0.06177403262894138,0,0,0.0,0.11171925853598576,0.0,0.1025619170370619,0.0,0.0
full_nl_seed2,lstm,TSCausal,15,1,2323.6682699136572,132.17087992138664,0.0,0.0,0.0,1.2261506818499532,0.058937333617248816,0,0,0.0,0.0903998205911594,0.0,0.1002793538868859,0.0,0.0
full_nl_seed2,lstm,TSCausal,16,1,2653.6744702556316,167.50755748365748,0.003,0.0,0.0,1.182901638272543,0.05599612503093792,0,0,0.0,0.07672887434494273,0.0,0.07345306317055923,0.0,0.0
full_nl_seed2,lstm,TSCausal,17,1,2470.928104346211,126.25605401133515,0.002,0.0,0.0,1.1369123248424333,0.06323207666747103,0,0,0.0,0.087902813142405,0.0,0.09048033738285317,0.0,0.0
full_nl_seed2,lstm,TSCausal,18,1,2343.0638520625416,119.60020026232169,0.002,0.0,0.0,1.2416396399817577,0.06587241628267178,0,0,0.0,0.12130441821781662,0.0,0.12445209230347633,0.0,0.0
full_nl_seed2,lstm,TSCausal,19,1,2267.979323012863,108.10058582004969,0.002,0.0,0.0,1.1272710462271487,0.06733871252982782,0,0,0.0,0.11270289892923968,0.0,0.11268058485954348,0.0,0.0
full_nl_seed2,lstm,TSCausal,20,0,2324.6123576680156,124.05469187959264,0.002,0.0,0.0,1.2706438191782425,0.06100598176020797,0,0,0.0,0.08501648330534564,0.0,0.08271259158687383,0.0,0.0
full_nl_seed2,lstm,TSCausal,21,1,2494.0935095087652,129.14321247117795,0.0,0.0,0.0,1.088846158377365,0.06695247815219128,0,0,0.0,0.11417758479628942,0.0,0.11650642710596684,0.0,0.0
full_nl_seed2,lstm,TSCausal,22,0,2444.3815851483264,135.246710653906,0.003,0.0,0.0,1.1345854918043976,0.06252771188525594,0,0,0.0,0.10413686666876058,0.0,0.0913150543179688,0.0,0.0
full_nl_seed2,lstm,TSCausal,23,0,2320.7687411320067,121.96663918362273,0.0,0.0,0.0,1.1402871307073088,0.06476479312539143,0,0,0.0,0.10315702836593206,0.0,0.10365159484554393,0.0,0.0
full_nl_seed2,lstm,TSCausal,24,0,2234.8837433931603,123.09506674162446,0.0,0.0,0.0,1.1628339870205289,0.06825471457902113,0,0,0.0,0.10001771251316269,0.0,0.10179211136119148,0.0,0.0
full_nl_seed2,lstm,TSCausal,25,1,2458.7884814723734,137.50421637398432,0.001,0.0,0.0,1.139356835063994,0.06187490428974082,0,0,0.0,0.10517533861158032,0.0,0.1052204903185392,0.0,0.0
full_nl_seed2,lstm,TSCausal,26,1,2496.7677585211836,134.45725538179565,0.0,0.0,0.0,1.1762846180906699,0.06026056193089935,0,0,0.0,0.08383501589236195,0.0,0.08848832596141507,0.0,0.0
full_nl_seed2,lstm,TSCausal,27,1,2509.8388020255093,135.6972434449028,0.003,0.0,0.0,1.225371985068815,0.05891904613543854,0,0,0.0,0.08164936704397101,0.0,0.07654495812707361,0.0,0.0
full_nl_seed2,lstm,TSCausal,28,1,2413.3430920996116,152.3878404996755,0.003,0.0,0.0,1.2241485616495538,0.059556917103602294,0,0,0.0,0.09164176747118519,0.0,0.086596599769993,0.0,0.0
full_nl_seed2,lstm,TSCausal,29,1,2368.890693505128,120.4886167132612,0.003,0.0,0.0,1.190283150276667,0.06417961587258751,0,0,0.0,0.0940754740263007,0.0,0.09960391067257479,0.0,0.0
full_nl_seed2,lstm,TSCausal,30,0,2288.124379973966,115.61860280719937,0.002,0.0,0.0,1.1764075362863005,0.06729730876689194,0,0,0.0,0.09853619213599381,0.0,0.1160529717524645,0.0,0.0
full_nl_seed2,lstm,TSCausal,31,1,2311.5584090461643,122.35936628194112,0.002,0.0,0.0,1.1585351155083237,0.06398529728587947,0,0,0.0,0.10511145447441492,0.0,0.1022512916714186,0.0,0.0
full_nl_seed2,lstm,TSCausal,32,1,2602.469976680553,126.64471758305922,0.002,0.0,0.0,1.062920359157235,0.06330524834943914,0,0,0.0,0.11325804131002157,0.0,0.11613656422153065,0.0,0.0
full_nl_seed2,lstm,TSCausal,33,1,2323.3069323109407,122.50825981818424,0.001,0.0,0.0,1.2040029544830115,0.06438576652854149,0,0,0.0,0.09557764518685001,0.0,0.10655213320589042,0.0,0.0
full_nl_seed2,lstm,TSCausal,34,0,2359.1748803551072,121.24033694620093,0.002,0.0,0.0,1.061760026920017,0.06440531410066976,0,0,0.0,0.09478512748818861,0.0,0.09038118800407903,0.0,0.0
full_nl_seed2,lstm,TSCausal,35,1,2318.4713104503585,117.840598851666,0.002,0.0,0.0,1.0754375123098503,0.07172720190792145,0,0,0.0,0.14046003650540018,0.0,0.13994978306442968,0.0,0.0
full_nl_seed2,lstm,TSCausal,36,1,2375.4096362191985,128.6669271943073,0.003,0.0,0.0,1.1842816300440946,0.06273280850523463,0,0,0.0,0.0940453192242988,0.0,0.08891502182947901,0.0,0.0
full_nl_seed2,lstm,TSCausal,37,1,2250.734398258965,118.03436424924658,0.001,0.0,0.0,1.1809109255348567,0.06730571973459275,0,0,0.0,0.10054875635614585,0.0,0.10475195248190174,0.0,0.0
full_nl_seed2,lstm,TSCausal,38,0,2487.922869020738,140.85935688893647,0.003,0.0,0.0,1.264161273125095,0.05570670463272226,0,0,0.0,0.08421463593602278,0.0,0.08314561505697345,0.0,0.0
full_nl_seed2,lstm,TSCausal,39,0,2485.8818055831225,153.05791664640003,0.002,0.0,0.0,1.2636396932457772,0.05514834382153715,0,0,0.0,0.07742695129300159,0.0,0.07054362104880733,0.0,0.0
full_nl_seed2,lstm,TSCausal,40,0,2318.121705126375,130.80718794670096,0.002,0.0,0.0,1.2150174073124396,0.06030706727418336,0,0,0.0,0.09770864117177043,0.0,0.09495977865242965,0.0,0.0
full_nl_seed2,lstm,TSCausal,41,0,2295.6128891079643,114.41659226225445,0.001,0.0,0.0,1.1536749495102097,0.06562798403742184,0,0,0.0,0.11161892871727536,0.0,0.10346986213075791,0.0,0.0
full_nl_seed2,lstm,TSCausal,42,1,2431.341104062919,143.71220353554872,0.001,0.0,0.0,1.2155474828608992,0.06047994794468724,0,0,0.0,0.10708200224779676,0.0,0.10479035824378864,0.0,0.0
full_nl_seed2,lstm,TSCausal,43,1,2503.745476097899,125.906882502946,0.0,0.0,0.0,1.2182330491486457,0.06352532766293001,0,0,0.0,0.10066873727606009,0.0,0.10010872986726815,0.0,0.0
full_nl_seed2,lstm,TSCausal,44,1,2415.697459818427,136.73616291568143,0.004,0.0,0.0,1.125839789291651,0.06057389933497539,0,0,0.0,0.08327394720981866,0.0,0.08298119470929867,0.0,0.0
full_nl_seed2,lstm,TSCausal,45,1,2508.0292908587953,130.11843052065015,0.002,0.0,0.0,1.0527177732258681,0.06397934592360884,0,0,0.0,0.09726799527055331,0.0,0.09690481187846828,0.0,0.0
full_nl_seed2,lstm,TSCausal,46,1,2609.3148801960892,130.51542775925657,0.0,0.0,0.0,1.1577370323290694,0.059602353234746316,0,0,0.0,0.07487491239157333,0.0,0.08465784918728801,0.0,0.0
full_nl_seed2,lstm,TSCausal,47,0,2584.8188112911803,139.97106241096745,0.002,0.0,0.0,1.135324363847565,0.05802949060651247,0,0,0.0,0.08381312643056327,0.0,0.08749349996625237,0.0,0.0
full_nl_seed2,lstm,TSCausal,48,0,2353.3051696590246,124.00245800287433,0.0,0.0,0.0,1.1321733341121785,0.06609244075381318,0,0,0.0,0.09798976735140448,0.0,0.11117155931058255,0.0,0.0
full_nl_seed2,lstm,TSCausal,49,0,2698.8186903049127,153.7508251397167,0.001,0.0,0.0,1.1538898854850015,0.05835400125391467,0,0,0.0,0.06778187038476909,0.0,0.06943925941899674,0.0,0.0
full_nl_seed2,lstm,TSCausal,50,0,2406.8553914348,129.09937745370044,0.002,0.0,0.0,1.1928479030373027,0.06378846748978208,0,0,0.0,0.09935946766977372,0.0,0.09939269640792371,0.0,0.0
full_nl_seed2,lstm,TSCausal,51,1,2555.373099728257,137.9132215711669,0.002,0.0,0.0,1.1910912051048244,0.060189379350882304,0,0,0.0,0.09575945026677653,0.0,0.0967781776550706,0.0,0.0
full_nl_seed2,lstm,TSCausal,52,0,2620.6773611396566,135.6353871608679,0.001,0.0,0.0,1.14557807176259,0.0613163883534684,0,0,0.0,0.0792079628133597,0.0,0.07973959253596222,0.0,0.0
full_nl_seed2,lstm,TSCausal,53,1,2599.4232770447643,150.87361228294748,0.003,0.0,0.0,1.1598381019776653,0.05988471881236617,0,0,0.0,0.08577800039514635,0.0,0.09320883048496219,0.0,0.0
full_nl_seed2,lstm,TSCausal,54,0,2476.6692108074785,127.78487040485095,0.001,0.0,0.0,1.166506267426476,0.06039316438891316,0,0,0.0,0.08610676553281814,0.0,0.08607534886345043,0.0,0.0
full_nl_seed2,lstm,TSCausal,55,0,2257.89081604385,113.1779951601877,0.001,0.0,0.0,1.1497314330455806,0.06532829554383522,0,0,0.0,0.12719354678107445,0.0,0.12705041862723238,0.0,0.0
full_nl_seed2,lstm,TSCausal,56,0,2332.3343478452707,120.78268610511486,0.001,0.0,0.0,1.1203220879667508,0.06087429296715822,0,0,0.0,0.08095640025812516,0.0,0.09301306591714437,0.0,0.0
full_nl_seed2,lstm,TSCausal,57,0,2488.8858202295296,135.59618667198333,0.002,0.0,0.0,1.0742361167972005,0.06398702941839081,0,0,0.0,0.08702620157379598,0.0,0.08918551236311609,0.0,0.0
full_nl_seed2,lstm,TSCausal,58,1,2747.2668999399943,148.39144278032566,0.003,0.0,0.0,1.151384879877103,0.057423451821834864,0,0,0.0,0.07029920912730357,0.0,0.08958301376354628,0.0,0.0
full_nl_seed2,lstm,TSCausal,59,0,2403.663693866145,121.61368613696867,0.0,0.0,0.0,1.1270034284828168,0.06564743575582739,0,0,0.0,0.1065738005332387,0.0,0.09909943834510296,0.0,0.0
full_nl_seed2,lstm,TSCausal,60,1,2153.436645462487,119.30889534309891,0.002,0.0,0.0,1.2641481836598312,0.0636859595539702,0,0,0.0,0.08891944734576797,0.0,0.0830305242113018,0.0,0.0
full_nl_seed2,lstm,TSCausal,61,1,2315.6574144899214,115.85123610373942,0.0,0.0,0.0,1.149429761009463,0.06601370952095555,0,0,0.0,0.12311689252586157,0.0,0.1155961147028252,0.0,0.0
full_nl_seed2,lstm,TSCausal,62,0,2269.1881337747573,114.91299620670208,0.002,0.0,0.0,1.2957494861972594,0.06445892625095122,0,0,0.0,0.11427792790068607,0.0,0.1046282409048185,0.0,0.0
full_nl_seed2,lstm,TSCausal,63,0,2552.5796769918024,150.8993671548803,0.002,0.0,0.0,1.2323615118009643,0.056583663811359965,0,0,0.0,0.07873352765720393,0.0,0.08051062093558249,0.0,0.0
full_nl_seed2,lstm,TSCausal,64,1,2420.85953357408,128.43345653486412,0.0,0.0,0.0,1.1534391548963694,0.06039239468981612,0,0,0.0,0.08341589746067417,0.0,0.10075318185429204,0.0,0.0
full_nl_seed2,lstm,TSCausal,65,1,2291.660409527247,120.27494907794836,0.003,0.0,0.0,1.1803122937016017,0.06369570975081783,0,0,0.0,0.1116236948103392,0.0,0.10974472548872578,0.0,0.0
full_nl_seed2,lstm,TSCausal,66,1,2623.6356997489784,143.25628421405764,0.002,0.0,0.0,1.2154875410198556,0.057683331478871946,0,0,0.0,0.07403043251395049,0.0,0.06951879141938117,0.0,0.0
full_nl_seed2,lstm,TSCausal,67,1,2633.591872667016,141.53198000736066,0.003,0.0,0.0,1.157422008161612,0.06068491274806301,0,0,0.0,0.10171827634918341,0.0,0.10618101287989777,0.0,0.0
full_nl_seed2,lstm,TSCausal,68,0,2525.5181497765834,148.2070120589178,0.002,0.0,0.0,1.2346874772352976,0.057945707249267564,0,0,0.0,0.07848180666209684,0.0,0.07775041135000917,0.0,0.0
full_nl_seed2,lstm,TSCausal,69,1,2383.7786899773273,126.96404942767828,0.003,0.0,0.0,1.185958907672432,0.061039133758876,0,0,0.0,0.10640005248738921,0.0,0.09441397744570737,0.0,0.0
full_nl_seed2,lstm,TSCausal,70,1,2499.0544535947247,125.34668682122994,0.003,0.0,0.0,1.1520427359085037,0.06313478840279795,0,0,0.0,0.0968173435863459,0.0,0.09059724446993438,0.0,0.0
full_nl_seed2,lstm,TSCausal,71,0,1989.406535222907,98.69462681223483,0.002,0.0,0.0,1.21072621449843,0.0699220579956075,0,0,0.0,0.12435839774297165,0.0,0.10603016345797989,0.0,0.0
full_nl_seed2,lstm,TSCausal,72,0,2425.318096046441,132.9498701069228,0.003,0.0,0.0,1.1379840225388251,0.0633227082376353,0,0,0.0,0.09629257942019583,0.0,0.10099582316573355,0.0,0.0
full_nl_seed2,lstm,TSCausal,73,0,2351.3970833099584,122.50766778156454,0.002,0.0,0.0,1.110165004561402,0.06434533449672632,0,0,0.0,0.10057606823557878,0.0,0.09418036059631678,0.0,0.0
full_nl_seed2,lstm,TSCausal,74,1,2353.8939511790627,125.47130839888928,0.002,0.0,0.0,1.2567723654354197,0.0626056067279928,0,0,0.0,0.09348356642443491,0.0,0.09444907393191224,0.0,0.0
full_nl_seed2,lstm,TSCausal,75,1,2313.703541723039,126.11953140768735,0.002,0.0,0.0,1.2277644042469043,0.06195593077406533,0,0,0.0,0.08794178906776867,0.0,0.09051532158536439,0.0,0.0
full_nl_seed2,lstm,TSCausal,76,0,2448.280572661479,121.95644536605174,0.002,0.0,0.0,1.1849228656424335,0.06298645433863416,0,0,0.0,0.09802664232419012,0.0,0.09706128502869096,0.0,0.0
full_nl_seed2,lstm,TSCausal,77,0,2419.5512729487446,132.95142796736835,0.002,0.0,0.0,1.1453662606668549,0.06439662808839311,0,0,0.0,0.08324638658541775,0.0,0.09169958874101998,0.0,0.0
full_nl_seed2,lstm,TSCausal,78,1,2333.681928115893,120.14280559979078,0.002,0.0,0.0,1.0986096291771894,0.06532709551109585,0,0,0.0,0.10215883374798466,0.0,0.1021759925960178,0.0,0.0
full_nl_seed2,lstm,TSCausal,79,1,2325.4374070394388,110.98694083025663,0.001,0.0,0.0,1.0952345520980533,0.07122680855733404,0,0,0.0,0.10523982744668288,0.0,0.11320394704895857,0.0,0.0
full_nl_seed2,lstm,TSCausal,80,1,2516.5767703280367,128.33411723292633,0.001,0.0,0.0,1.1533635926962196,0.06457082114127544,0,0,0.0,0.09097773590749345,0.0,0.09195513743750623,0.0,0.0
full_nl_seed2,lstm,TSCausal,81,0,2307.6836565014364,122.10619235108702,0.0,0.0,0.0,1.205018079728124,0.0631311607972089,0,0,0.0,0.09336420824051736,0.0,0.09048660574650369,0.0,0.0
full_nl_seed2,lstm,TSCausal,82,1,2297.1114861083124,115.0568959122159,0.001,0.0,0.0,1.122770021316496,0.06121759409446658,0,0,0.0,0.09217683823443268,0.0,0.07906477752315345,0.0,0.0
full_nl_seed2,lstm,TSCausal,83,0,2394.5275161077543,124.50313848980893,0.001,0.0,0.0,1.2038774642085899,0.061149768823756105,0,0,0.0,0.10089617250786055,0.0,0.10135498165937955,0.0,0.0
full_nl_seed2,lstm,TSCausal,84,1,2326.510602102886,140.09325427225565,0.002,0.0,0.0,1.2957344227297847,0.05770573153023001,0,0,0.0,0.09705854322936554,0.0,0.09690529430167048,0.0,0.0
full_nl_seed2,lstm,TSCausal,85,1,2262.2125355787894,121.54574639875771,0.002,0.0,0.0,1.2291694461043645,0.06332209801523354,0,0,0.0,0.08630359931606853,0.0,0.09085764194656591,0.0,0.0
full_nl_seed2,lstm,TSCausal,86,0,2206.411456893552,113.92410913397217,0.001,0.0,0.0,1.2309159290258203,0.06250383880395263,0,0,0.0,0.10503375634540145,0.0,0.10920215375847049,0.0,0.0
full_nl_seed2,lstm,TSCausal,87,0,2447.913738946837,129.93653786871684,0.002,0.0,0.0,1.1724828850094908,0.06307173630711778,0,0,0.0,0.10991280495258718,0.0,0.09234621451341811,0.0,0.0
full_nl_seed2,lstm,TSCausal,88,1,2350.587934203383,144.60479818011646,0.002,0.0,0.0,1.363847594900641,0.05693632779270481,0,0,0.0,0.07626538046845627,0.0,0.09319145839488883,0.0,0.0
full_nl_seed2,lstm,TSCausal,89,1,2407.092786726628,127.75083831152132,0.0,0.0,0.0,1.111182862223995,0.06109944115704853,0,0,0.0,0.09948024114889412,0.0,0.09946476911189191,0.0,0.0
full_nl_seed2,lstm,TSCausal,90,0,2392.8246181197756,124.23697280688604,0.0,0.0,0.0,1.1505304638304301,0.061824695566892136,0,0,0.0,0.09285977396253137,0.0,0.0918530572119929,0.0,0.0
full_nl_seed2,lstm,TSCausal,91,0,2479.294029034641,130.46311135877144,0.0,0.0,0.0,1.1926975921819598,0.06218920730795977,0,0,0.0,0.08867630402820195,0.0,0.08707692907351933,0.0,0.0
full_nl_seed2,lstm,TSCausal,92,0,2411.930983175281,133.62771224520608,0.001,0.0,0.0,1.2286459364157254,0.05972210515076643,0,0,0.0,0.0911347019119377,0.0,0.08954193516065923,0.0,0.0
full_nl_seed2,lstm,TSCausal,93,1,2433.385878380982,126.84395507697947,0.0,0.0,0.0,1.193383283499421,0.06274328563627293,0,0,0.0,0.10502654364393307,0.0,0.09762042033075657,0.0,0.0
full_nl_seed2,lstm,TSCausal,94,1,2319.634197724664,125.74215278945653,0.002,0.0,0.0,1.287355401935248,0.05993605785372298,0,0,0.0,0.09536055482100622,0.0,0.09481839202896553,0.0,0.0
full_nl_seed2,lstm,TSCausal,95,1,2546.945447692179,125.43202071761799,0.0,0.0,0.0,1.1166489070887446,0.061500731885561946,0,0,0.0,0.09073239807443949,0.0,0.07979573823184534,0.0,0.0
full_nl_seed2,lstm,TSCausal,96,1,2444.43160176791,133.18467814172095,0.001,0.0,0.0,1.1374693741519448,0.061647223128964444,0,0,0.0,0.08541778541277643,0.0,0.0852163296192265,0.0,0.0
full_nl_seed2,lstm,TSCausal,97,0,2567.939345928232,131.64217690904513,0.002,0.0,0.0,1.1062647852762648,0.06027092412750145,0,0,0.0,0.08908639202564901,0.0,0.10563197974966529,0.0,0.0
full_nl_seed2,lstm,TSCausal,98,0,2294.6397163961074,122.99349928111027,0.001,0.0,0.0,1.2000974586604376,0.05962387757682086,0,0,0.0,0.09333237585474688,0.0,0.09896112714192999,0.0,0.0
full_nl_seed2,lstm,TSCausal,99,1,2361.8556193491627,120.22451699773336,0.002,0.0,0.0,1.138984013247446,0.06459565385660727,0,0,0.0,0.10697355389465622,0.0,0.09321371932169427,0.0,0.0
