benchmark,classifier,method,instance,validity,no_cf_found,proximity_l1,proximity_l2,sparsity,sparsity_channels,sparsity_timepoints,trsi,scm_noise_plausibility,intervention_t,vacuous,do_complexity,cf_faith_rollout_hard,cf_faith_rollout_soft,cf_faith_pearl_hard,cf_faith_pearl_soft,cf_faith_rollout_hard_valid,cf_faith_pearl_hard_valid,cf_faith_rollout_hard_given_valid,cf_faith_pearl_hard_given_valid
full_spring,lstm,CftsCOMTE,0,1,0,1399.7810930605333,122.86587513075767,0.7,0.7,0.0,0.05416016081774521,0.9013277230437633,0,0,100,0.0,0.07133853615291849,0.0,0.2151054827215717,0.0,0.0,0.0,0.0
full_spring,lstm,CftsCOMTE,1,1,0,749.7567776546409,84.82293850396387,0.8,0.8,0.0,0.0617898018708609,0.873137686687056,0,0,100,0.0,0.12131295358538685,0.0,0.4927858827080242,0.0,0.0,0.0,0.0
full_spring,lstm,CftsCOMTE,2,1,0,1414.5984274922196,98.65927676896237,0.7,0.7,0.0,0.0621585501575172,0.9283440335212032,0,0,100,0.0,0.15360710308383183,0.0,0.6068699841264005,0.0,0.0,0.0,0.0
full_spring,lstm,CftsCOMTE,3,1,0,222.37109389045426,18.472186224105968,0.8,0.8,0.0,0.1614254657555138,0.9550226007093667,0,0,100,0.0,0.28792059082333527,0.0,0.7286868261228474,0.0,0.0,0.0,0.0
full_spring,lstm,CftsCOMTE,4,1,0,4388.137919595287,325.83627882846594,0.8,0.8,0.0,0.014801553729962993,0.7196585121346905,0,0,100,0.0,0.04405480655993222,0.0,0.13596199323103417,0.0,0.0,0.0,0.0
full_spring,lstm,CftsCOMTE,5,1,0,2192.508553520738,196.00074328356618,0.8,0.8,0.0,0.024413962774991745,0.7189374538353703,0,0,100,0.0,0.039679636914422826,0.0,0.0752481443453951,0.0,0.0,0.0,0.0
full_spring,lstm,CftsCOMTE,6,1,0,4131.11375205448,320.7577957873721,0.8,0.8,0.0,0.018146354041744417,0.6283932995846293,0,0,100,0.0,0.04343795858452526,0.0,0.07683819166703608,0.0,0.0,0.0,0.0
full_spring,lstm,CftsCOMTE,7,1,0,437.5147467295981,49.429871705148265,0.9,0.9,0.0,0.0562062375005884,0.8350783500380673,0,0,100,0.0,0.28185368017066287,0.0,0.6335378039327891,0.0,0.0,0.0,0.0
full_spring,lstm,CftsCOMTE,8,1,0,3095.125966314405,249.73374657645095,0.7,0.7,0.0,0.032813688333044835,0.850826832737123,0,0,100,0.0,0.1851285270115012,0.0,0.07136828092929583,0.0,0.0,0.0,0.0
full_spring,lstm,CftsCOMTE,9,1,0,3790.5451153545173,274.3662544882907,0.7,0.7,0.0,0.02253727373629564,0.8300083532260235,0,0,100,0.0,0.05634475358442557,0.0,0.08966491183759491,0.0,0.0,0.0,0.0
full_spring,lstm,CftsCOMTE,10,1,0,507.99329606926403,66.52597125524686,0.9,0.9,0.0,0.04439576803803847,0.8701924268443362,0,0,100,0.0,0.1506393650848294,0.0,0.5637203913307189,0.0,0.0,0.0,0.0
full_spring,lstm,CftsCOMTE,11,1,0,3126.465637403479,231.5427851101801,0.7,0.7,0.0,0.03530177150874344,0.8924988908439727,0,0,100,0.0,0.06043088909760021,0.0,0.1841853080925277,0.0,0.0,0.0,0.0
full_spring,lstm,CftsCOMTE,12,1,0,2212.2605517820116,195.3032387323549,0.8,0.8,0.0,0.03604195630466865,0.6012099675898102,0,0,100,0.0,0.05540169417677458,0.0,0.08274658551319657,0.0,0.0,0.0,0.0
full_spring,lstm,CftsCOMTE,13,1,0,2800.103717777887,228.26208771404893,0.7,0.7,0.0,0.03863545821053728,0.8228247194774786,0,0,100,0.0,0.15697635067118368,0.0,0.10110206619717838,0.0,0.0,0.0,0.0
full_spring,lstm,CftsCOMTE,14,1,0,635.6642638031394,68.80079532697142,0.9,0.9,0.0,0.039245644848880885,0.8069609914590122,0,0,100,0.0,0.1248762913593401,0.0,0.5651514400774613,0.0,0.0,0.0,0.0
full_spring,lstm,CftsCOMTE,15,1,0,843.8372417318345,94.2004744046165,0.8,0.8,0.0,0.05782198990393985,0.9079798691179444,0,0,100,0.0,0.0845834299528702,0.0,0.5225629733884997,0.0,0.0,0.0,0.0
full_spring,lstm,CftsCOMTE,16,1,0,1473.2038189253963,110.6050332036392,0.8,0.8,0.0,0.02390945861549622,0.7568436151409546,0,0,100,0.0,0.036117373246081226,0.0,0.15028892959365414,0.0,0.0,0.0,0.0
full_spring,lstm,CftsCOMTE,17,1,0,5136.767795591551,372.18357206828193,0.7,0.7,0.0,0.017095563730923503,0.7996554297110129,0,0,100,0.0,0.017898261585414226,0.0,0.11556880957695688,0.0,0.0,0.0,0.0
full_spring,lstm,CftsCOMTE,18,1,0,1002.5423452991889,85.88657584024607,0.8,0.8,0.0,0.04701095138566082,0.8540315070559815,0,0,100,0.0,0.21876178267195134,0.0,0.3307242821642858,0.0,0.0,0.0,0.0
full_spring,lstm,CftsCOMTE,19,1,0,2690.8073035457783,214.69396836909095,0.8,0.8,0.0,0.025984654117222495,0.688377970581288,0,0,100,0.0,0.1450234783630335,0.0,0.19910617250651672,0.0,0.0,0.0,0.0
full_spring,lstm,CftsCOMTE,20,1,0,637.4670981860843,83.2040328964033,0.9,0.9,0.0,0.03479113608125348,0.8591791733034078,0,0,100,0.0,0.24678616513332427,0.0,0.46581143734666935,0.0,0.0,0.0,0.0
full_spring,lstm,CftsCOMTE,21,1,0,658.884937917818,78.3620510002687,0.9,0.9,0.0,0.05541921794424404,0.7099071365679168,0,0,100,0.0,0.06717250639750998,0.0,0.4273701120569567,0.0,0.0,0.0,0.0
full_spring,lstm,CftsCOMTE,22,1,0,710.184668033702,68.33595192063936,0.8,0.8,0.0,0.05071048783803472,0.9262491662205031,0,0,100,0.0,0.17090707295847005,0.0,0.44216266752699007,0.0,0.0,0.0,0.0
full_spring,lstm,CftsCOMTE,23,1,0,855.3578659309093,115.30760915250035,0.9,0.9,0.0,0.04047617842743249,0.7026927570048044,0,0,100,0.0,0.09070686913600493,0.0,0.3540195515494482,0.0,0.0,0.0,0.0
full_spring,lstm,CftsCOMTE,24,1,0,1342.5901287001693,168.93030846165598,0.9,0.9,0.0,0.03388406815143914,0.6013757698450496,0,0,100,0.0,0.041913053363107196,0.0,0.12144103531028445,0.0,0.0,0.0,0.0
full_spring,lstm,CftsCOMTE,25,1,0,541.7437725709232,67.36333985997953,0.9,0.9,0.0,0.03872092298801438,0.8484487920329689,0,0,100,0.0,0.20972916983607734,0.0,0.4834680608683574,0.0,0.0,0.0,0.0
full_spring,lstm,CftsCOMTE,26,1,0,3445.8683702126064,252.6437951379834,0.7,0.7,0.0,0.028283750809335696,0.8607440073176995,0,0,100,0.0,0.024502010301267467,0.0,0.13063493787328856,0.0,0.0,0.0,0.0
full_spring,lstm,CftsCOMTE,27,1,0,634.7607920259074,70.48627802605776,0.9,0.9,0.0,0.03640411663917379,0.806218925609597,0,0,100,0.0,0.024144422761650682,0.0,0.5110450076819856,0.0,0.0,0.0,0.0
full_spring,lstm,CftsCOMTE,28,1,0,476.7998931994223,56.24581502977715,0.9,0.9,0.0,0.04932447067035328,0.8334878634681349,0,0,100,0.0,0.1957629334788527,0.0,0.6138091818583479,0.0,0.0,0.0,0.0
full_spring,lstm,CftsCOMTE,29,1,0,3602.7716578032614,269.27504072452547,0.8,0.8,0.0,0.016113805607712077,0.7602214177876014,0,0,100,0.0,0.0929999716230266,0.0,0.17818073802634257,0.0,0.0,0.0,0.0
full_spring,lstm,CftsCOMTE,30,1,0,1615.1078006968933,125.90685185959101,0.7,0.7,0.0,0.044546320535775716,0.8826473680009363,0,0,100,0.0,0.05950030268273477,0.0,0.2126062197810451,0.0,0.0,0.0,0.0
full_spring,lstm,CftsCOMTE,31,1,0,510.63004150015183,61.01244466715079,0.9,0.9,0.0,0.043641523156541046,0.868883241875669,0,0,100,0.0,0.10023041889041849,0.0,0.5564664321714734,0.0,0.0,0.0,0.0
full_spring,lstm,CftsCOMTE,32,1,0,3954.2550428390405,317.059924375247,0.8,0.8,0.0,0.01940225794328003,0.6202693490962344,0,0,100,0.0,0.07706642172234505,0.0,0.09258990411756307,0.0,0.0,0.0,0.0
full_spring,lstm,CftsCOMTE,33,1,0,620.8418352778534,82.3650451093153,0.9,0.9,0.0,0.06894025729263169,0.7018148762835564,0,0,100,0.0,0.09378164819069568,0.0,0.42666996403132995,0.0,0.0,0.0,0.0
full_spring,lstm,CftsCOMTE,34,1,0,3439.59774924576,233.0599505640541,0.7,0.7,0.0,0.024859210835782432,0.8779549324268631,0,0,100,0.0,0.012860930616173558,0.0,0.1663062269433931,0.0,0.0,0.0,0.0
full_spring,lstm,CftsCOMTE,35,1,0,2046.1964877556509,166.24386170551014,0.7,0.7,0.0,0.04052139198283748,0.8043721294675221,0,0,100,0.0,0.056266600460474867,0.0,0.17445837742514614,0.0,0.0,0.0,0.0
full_spring,lstm,CftsCOMTE,36,1,0,625.6415889793038,87.21215466638179,0.9,0.9,0.0,0.07128239343425004,0.6887992426037994,0,0,100,0.0,0.1230073917945929,0.0,0.4523187398278126,0.0,0.0,0.0,0.0
full_spring,lstm,CftsCOMTE,37,1,0,1266.1779138750626,125.63179074048307,0.8,0.8,0.0,0.028004238383070725,0.8055275382403898,0,0,100,0.0,0.10936451634097596,0.0,0.2685211836350603,0.0,0.0,0.0,0.0
full_spring,lstm,CftsCOMTE,38,1,0,1255.8585543859504,87.70255774133531,0.7,0.7,0.0,0.061327088679936886,0.9638576746646386,0,0,100,0.0,0.1794651594074753,0.0,0.5131375472901369,0.0,0.0,0.0,0.0
full_spring,lstm,CftsCOMTE,39,1,0,551.9463198584227,49.85959671767098,0.8,0.8,0.0,0.08606572612307686,0.9436811060007263,0,0,100,0.0,0.29251834871050025,0.0,0.6798534950439385,0.0,0.0,0.0,0.0
full_spring,lstm,CftsCOMTE,40,1,0,3379.4348128151823,240.02070370396888,0.7,0.7,0.0,0.02829242577931005,0.9631992768516248,0,0,100,0.0,0.08483987005362216,0.0,0.16010158693658885,0.0,0.0,0.0,0.0
full_spring,lstm,CftsCOMTE,41,1,0,541.5745705807481,69.33878581893198,0.9,0.9,0.0,0.04543319541821735,0.8108446555165892,0,0,100,0.0,0.024822094928784653,0.0,0.4913367871843203,0.0,0.0,0.0,0.0
full_spring,lstm,CftsCOMTE,42,1,0,554.1622279238682,64.43734927896087,0.9,0.9,0.0,0.04307968598784716,0.8408800839184113,0,0,100,0.0,0.051586732897291925,0.0,0.4419180717214551,0.0,0.0,0.0,0.0
full_spring,lstm,CftsCOMTE,43,1,0,3096.0006694360427,214.830212533344,0.7,0.7,0.0,0.026728006961265087,0.8736457330725952,0,0,100,0.0,0.024041074685416598,0.0,0.20032815388331485,0.0,0.0,0.0,0.0
full_spring,lstm,CftsCOMTE,44,1,0,351.42492643996536,39.16562588210865,0.9,0.9,0.0,0.05637166627205352,0.8801447940541204,0,0,100,0.0,0.28101138332779174,0.0,0.5880507002089415,0.0,0.0,0.0,0.0
full_spring,lstm,CftsCOMTE,45,1,0,895.7250846760112,104.13790248815835,0.9,0.9,0.0,0.050506012979601965,0.6604056087339332,0,0,100,0.0,0.1604518896200151,0.0,0.40148710829351253,0.0,0.0,0.0,0.0
full_spring,lstm,CftsCOMTE,46,1,0,2486.456387531385,172.74923908852543,0.7,0.7,0.0,0.03490941526960375,0.9257749325220055,0,0,100,0.0,0.1412406140548765,0.0,0.4445509574127991,0.0,0.0,0.0,0.0
full_spring,lstm,CftsCOMTE,47,1,0,488.8941583843693,59.671151336299204,0.9,0.9,0.0,0.06725548414044209,0.7801081651294979,0,0,100,0.0,0.10686786362381154,0.0,0.32868074673163533,0.0,0.0,0.0,0.0
full_spring,lstm,CftsCOMTE,48,1,0,460.9083626006131,56.987320690451654,0.9,0.9,0.0,0.06304061164320163,0.7816230183108311,0,0,100,0.0,0.27105894179261936,0.0,0.5749531802429517,0.0,0.0,0.0,0.0
full_spring,lstm,CftsCOMTE,49,1,0,1363.1536946976926,173.15964218791422,0.9,0.9,0.0,0.025131156498354748,0.6557099142318452,0,0,100,0.0,0.04566352186186527,0.0,0.20451717082124587,0.0,0.0,0.0,0.0
full_spring,lstm,CftsCOMTE,50,1,0,1303.3367598013365,139.85388602698706,0.9,0.9,0.0,0.016195723351750037,0.742973273712364,0,0,100,0.0,0.04423281631635854,0.0,0.20750340203091225,0.0,0.0,0.0,0.0
full_spring,lstm,CftsCOMTE,51,1,0,1989.7356432005313,136.96731394805175,0.7,0.7,0.0,0.030415885785178818,0.9263532282346462,0,0,100,0.0,0.20945193520185476,0.0,0.3178437510217934,0.0,0.0,0.0,0.0
full_spring,lstm,CftsCOMTE,52,1,0,625.6512894728332,77.75180577003998,0.9,0.9,0.0,0.037939226779065416,0.8055864478336524,0,0,100,0.0,0.17384749509045103,0.0,0.5422556969460595,0.0,0.0,0.0,0.0
full_spring,lstm,CftsCOMTE,53,1,0,778.4400738195727,92.34817712460406,0.9,0.9,0.0,0.04154325754908589,0.7594601479333002,0,0,100,0.0,0.05826472717625241,0.0,0.45414691615477976,0.0,0.0,0.0,0.0
full_spring,lstm,CftsCOMTE,54,1,0,1363.2559773091143,144.25566208834107,0.8,0.8,0.0,0.054611612932638574,0.8355028510456719,0,0,100,0.0,0.08995954962444642,0.0,0.2678823812098696,0.0,0.0,0.0,0.0
full_spring,lstm,CftsCOMTE,55,1,0,462.3793609788965,52.702091119906875,0.9,0.9,0.0,0.055245740054014024,0.8007915653179544,0,0,100,0.0,0.3466762965223297,0.0,0.6278148964849909,0.0,0.0,0.0,0.0
full_spring,lstm,CftsCOMTE,56,1,0,6136.794178414413,426.3145632621837,0.7,0.7,0.0,0.018095889672395622,0.8418399711031448,0,0,100,0.0,0.03581030064175452,0.0,0.05543643118857516,0.0,0.0,0.0,0.0
full_spring,lstm,CftsCOMTE,57,1,0,1606.7713468140391,113.78076807362451,0.7,0.7,0.0,0.06227039514489515,0.917315219680545,0,0,100,0.0,0.18894058257553648,0.0,0.2589943548326324,0.0,0.0,0.0,0.0
full_spring,lstm,CftsCOMTE,58,1,0,1380.8242697795167,128.1080442301447,0.8,0.8,0.0,0.03503882213300028,0.8209993859525248,0,0,100,0.0,0.12689081650090692,0.0,0.22608929304016553,0.0,0.0,0.0,0.0
full_spring,lstm,CftsCOMTE,59,1,0,3629.043642220309,290.1901751763718,0.7,0.7,0.0,0.03666125426588061,0.7991344629257549,0,0,100,0.0,0.06437661264960184,0.0,0.0686490415789848,0.0,0.0,0.0,0.0
full_spring,lstm,CftsCOMTE,60,1,0,402.36007468046455,50.97175784757519,0.9,0.9,0.0,0.07643130600359115,0.7982443204156451,0,0,100,0.0,0.15963706059604812,0.0,0.6665279427905536,0.0,0.0,0.0,0.0
full_spring,lstm,CftsCOMTE,61,1,0,709.7668921295328,94.07389565239508,0.9,0.9,0.0,0.051647825285420446,0.7189495744330886,0,0,100,0.0,0.11897310097883836,0.0,0.31705964145299514,0.0,0.0,0.0,0.0
full_spring,lstm,CftsCOMTE,62,1,0,526.980456956034,46.150538400280794,0.8,0.8,0.0,0.07150005696111729,0.9649413730938392,0,0,100,0.0,0.1444255697679828,0.0,0.5244226019263252,0.0,0.0,0.0,0.0
full_spring,lstm,CftsCOMTE,63,1,0,470.83306095469743,59.649978079661395,0.9,0.9,0.0,0.07281199283235945,0.777585577039861,0,0,100,0.0,0.10105238739455603,0.0,0.5325256112762758,0.0,0.0,0.0,0.0
full_spring,lstm,CftsCOMTE,64,1,0,542.7642636603575,49.189676378478204,0.8,0.8,0.0,0.08018399480478677,0.9045270271251151,0,0,100,0.0,0.28078194455053734,0.0,0.6163748858285757,0.0,0.0,0.0,0.0
full_spring,lstm,CftsCOMTE,65,1,0,439.0000026304366,51.620271150019576,0.9,0.9,0.0,0.04957262418936034,0.8462324652909424,0,0,100,0.0,0.06848045174467085,0.0,0.6056326965566065,0.0,0.0,0.0,0.0
full_spring,lstm,CftsCOMTE,66,1,0,441.34514651230415,49.755782795882745,0.9,0.9,0.0,0.04796687989017342,0.8758082147266936,0,0,100,0.0,0.04708056705006792,0.0,0.49936975469968686,0.0,0.0,0.0,0.0
full_spring,lstm,CftsCOMTE,67,1,0,4765.9714730464975,356.7748332098776,0.7,0.7,0.0,0.02142171426759179,0.819617695456421,0,0,100,0.0,0.01800217601169585,0.0,0.030656699536143667,0.0,0.0,0.0,0.0
full_spring,lstm,CftsCOMTE,68,1,0,3406.135955476372,246.05462252871038,0.7,0.7,0.0,0.034104063712878635,0.8786656333270295,0,0,100,0.0,0.1345194964916917,0.0,0.2039936854630841,0.0,0.0,0.0,0.0
full_spring,lstm,CftsCOMTE,69,1,0,1167.3420157929263,132.13861024707984,0.9,0.9,0.0,0.0337990412845305,0.6859810968265448,0,0,100,0.0,0.08454654494348147,0.0,0.29773892198981633,0.0,0.0,0.0,0.0
full_spring,lstm,CftsCOMTE,70,1,0,410.55907262090693,58.206132744386785,0.9,0.9,0.0,0.04849787012298154,0.875703757422206,0,0,100,0.0,0.10544948518653724,0.0,0.657582467743493,0.0,0.0,0.0,0.0
full_spring,lstm,CftsCOMTE,71,1,0,538.1773281081477,74.6179233153354,0.9,0.9,0.0,0.06543906959004597,0.7841623564004814,0,0,100,0.0,0.1134903645820997,0.0,0.415195083505559,0.0,0.0,0.0,0.0
full_spring,lstm,CftsCOMTE,72,1,0,252.7129092877151,30.966215739125687,0.9,0.9,0.0,0.06608841785009753,0.9332685801596402,0,0,100,0.0,0.06014352167183272,0.0,0.7746460218353947,0.0,0.0,0.0,0.0
full_spring,lstm,CftsCOMTE,73,1,0,3595.376316537365,277.24801879174066,0.8,0.8,0.0,0.019369628507889914,0.683777183394461,0,0,100,0.0,0.025423489469910847,0.0,0.1124996629021989,0.0,0.0,0.0,0.0
full_spring,lstm,CftsCOMTE,74,1,0,1687.6167783488168,122.3883877112148,0.7,0.7,0.0,0.04749880183215259,0.9959309835054677,0,0,100,0.0,0.3820343968548388,0.0,0.3647662553345035,0.0,0.0,0.0,0.0
full_spring,lstm,CftsCOMTE,75,1,0,1564.2320472922497,106.98920586782877,0.7,0.7,0.0,0.04981045438853907,0.9823404320260098,0,0,100,0.0,0.4075324738064637,0.0,0.5642916208683595,0.0,0.0,0.0,0.0
full_spring,lstm,CftsCOMTE,76,1,0,2972.2320485545024,211.90856006601527,0.8,0.8,0.0,0.013883725697863145,0.8839021203479605,0,0,100,0.0,0.3686788566995713,0.0,0.660728630123944,0.0,0.0,0.0,0.0
full_spring,lstm,CftsCOMTE,77,1,0,1014.7099709329837,84.85625828887892,0.8,0.8,0.0,0.06519053670435826,0.9086756861708237,0,0,100,0.0,0.1545533345430899,0.0,0.6477864326658709,0.0,0.0,0.0,0.0
full_spring,lstm,CftsCOMTE,78,1,0,229.1498675271866,27.309001918978424,0.9,0.9,0.0,0.09228025909170437,0.8917132322803264,0,0,100,0.0,0.0957099547874628,0.0,0.786527346904284,0.0,0.0,0.0,0.0
full_spring,lstm,CftsCOMTE,79,1,0,188.3435860346293,27.789924900056022,0.9,0.9,0.0,0.10356154625783717,0.8994583621512257,0,0,100,0.0,0.24247160551844707,0.0,0.6848822681078219,0.0,0.0,0.0,0.0
full_spring,lstm,CftsCOMTE,80,1,0,5074.008670313123,359.88573965930937,0.7,0.7,0.0,0.019279110035351727,0.8240991159796878,0,0,100,0.0,0.014781931564312298,0.0,0.04720016133880019,0.0,0.0,0.0,0.0
full_spring,lstm,CftsCOMTE,81,1,0,2010.4111366271593,159.2671037037144,0.8,0.8,0.0,0.026609470370733527,0.774583915263571,0,0,100,0.0,0.1029713450012077,0.0,0.16167152533802417,0.0,0.0,0.0,0.0
full_spring,lstm,CftsCOMTE,82,1,0,2536.2012352334614,223.26905652348836,0.8,0.8,0.0,0.02986740902108679,0.6792310974174902,0,0,100,0.0,0.02867886417664859,0.0,0.058641047872099096,0.0,0.0,0.0,0.0
full_spring,lstm,CftsCOMTE,83,1,0,934.7161963531055,113.75833182167545,0.8,0.8,0.0,0.06455060754634237,0.8449129934632154,0,0,100,0.0,0.12774483192972214,0.0,0.3371596176596661,0.0,0.0,0.0,0.0
full_spring,lstm,CftsCOMTE,84,1,0,556.307218993676,79.66357487011994,0.9,0.9,0.0,0.06890421470068905,0.7467198216040182,0,0,100,0.0,0.1968627990187979,0.0,0.5292258694665015,0.0,0.0,0.0,0.0
full_spring,lstm,CftsCOMTE,85,1,0,603.3710649736691,68.27873833824525,0.901,0.9,0.01,0.03820599209390524,0.8192541611041335,0,0,100,0.0,0.17002546901812918,0.0,0.4725994537876849,0.0,0.0,0.0,0.0
full_spring,lstm,CftsCOMTE,86,1,0,677.4551416496918,82.33506828631428,0.9,0.9,0.0,0.04120968137000118,0.7357083242985464,0,0,100,0.0,0.14809267835749296,0.0,0.3261364507728846,0.0,0.0,0.0,0.0
full_spring,lstm,CftsCOMTE,87,1,0,1803.0463156392868,172.19894418376168,0.8,0.8,0.0,0.03699470048947508,0.65812364190226,0,0,100,0.0,0.09042778649692206,0.0,0.18855057527208324,0.0,0.0,0.0,0.0
full_spring,lstm,CftsCOMTE,88,1,0,192.76958084346776,24.118907725191203,0.9,0.9,0.0,0.07473740634424167,0.9724429491597848,0,0,100,0.0,0.22572235411035993,0.0,0.790389353925485,0.0,0.0,0.0,0.0
full_spring,lstm,CftsCOMTE,89,1,0,1791.257252633011,174.29026003977683,0.801,0.8,0.0,0.046807462959014765,0.5748418745586391,0,0,100,0.0,0.1344013136076969,0.0,0.1703069509864678,0.0,0.0,0.0,0.0
full_spring,lstm,CftsCOMTE,90,1,0,5229.697357480402,389.1393608532043,0.8,0.8,0.0,0.012693335987728468,0.7062082945494578,0,0,100,0.0,0.025206801027894923,0.0,0.0742662951194169,0.0,0.0,0.0,0.0
full_spring,lstm,CftsCOMTE,91,1,0,402.24731708394444,54.32859133090472,0.9,0.9,0.0,0.06030737663390028,0.8286902000925718,0,0,100,0.0,0.2286967049918198,0.0,0.6280276394613844,0.0,0.0,0.0,0.0
full_spring,lstm,CftsCOMTE,92,1,0,1683.857145846967,115.50497411412866,0.7,0.7,0.0,0.04804933601699281,0.7008758356730052,0,0,100,0.0,0.06540687043749412,0.0,0.17308663889611692,0.0,0.0,0.0,0.0
full_spring,lstm,CftsCOMTE,93,1,0,5208.763212795686,365.35122727829753,0.7,0.7,0.0,0.01836060295552631,0.8923551222689349,0,0,100,0.0,0.03103786731456925,0.0,0.0664655688875332,0.0,0.0,0.0,0.0
full_spring,lstm,CftsCOMTE,94,1,0,2392.2642272784447,171.4278587876786,0.7,0.7,0.0,0.03952176592169559,0.9695760694758517,0,0,100,0.0,0.09206829753424559,0.0,0.1858311424742138,0.0,0.0,0.0,0.0
full_spring,lstm,CftsCOMTE,95,1,0,1898.7220434639844,146.26282530323613,0.7,0.7,0.0,0.04435786532605693,0.9353407171064283,0,0,100,0.0,0.10684379482690129,0.0,0.30464446119629174,0.0,0.0,0.0,0.0
full_spring,lstm,CftsCOMTE,96,1,0,4277.070330164997,307.47683725054765,0.7,0.7,0.0,0.02154714269448146,0.8745753237123481,0,0,100,0.0,0.03958824775317394,0.0,0.06293027161018858,0.0,0.0,0.0,0.0
full_spring,lstm,CftsCOMTE,97,1,0,2809.5953600351413,214.9986942184604,0.7,0.7,0.0,0.03242029739286948,0.897834249391479,0,0,100,0.0,0.06715255257891098,0.0,0.14642486067458832,0.0,0.0,0.0,0.0
full_spring,lstm,CftsCOMTE,98,1,0,495.28017607106506,54.413699745851034,0.9,0.9,0.0,0.04397978524966781,0.8656509070223738,0,0,100,0.0,0.011477690891289109,0.0,0.5858686988106739,0.0,0.0,0.0,0.0
full_spring,lstm,CftsCOMTE,99,1,0,3117.7612804046266,219.4076112391266,0.7,0.7,0.0,0.03046313573145169,0.8499592620451423,0,0,100,0.0,0.031063503089108074,0.0,0.18752713698215798,0.0,0.0,0.0,0.0
full_spring,lstm,CftsCels,0,0,0,0.10137125397744033,0.02371843362432094,0.976,0.1,0.77,1.8183056459529365,0.9877658120258411,3,0,38,0.0,0.1597192030566134,1.0,0.9997836446551759,0.0,0.0,,
full_spring,lstm,CftsCels,1,0,0,0.15679236115085843,0.04915047744247125,0.955,0.1,0.61,1.47495690620219,0.9185114287484608,8,0,58,0.0,0.09426485562076489,1.0,0.9994400223612186,0.0,0.0,,
full_spring,lstm,CftsCels,2,0,0,0.25489299687138584,0.145324244325541,0.959,0.2,0.66,1.2413013648626479,0.9753834976275355,7,0,46,0.0,0.201991623232505,0.0,0.9988392371140421,0.0,0.0,,
full_spring,lstm,CftsCels,3,1,0,71.92229626085586,8.09429944350526,0.553,0.0,0.01,0.21066196812543725,0.9814271085433512,0,0,100,0.0,0.3407555450576498,0.0,0.9304975028598479,0.0,0.0,0.0,0.0
full_spring,lstm,CftsCels,4,0,0,0.9798637929275475,0.6122877624848606,0.952,0.1,0.6,1.2791525538663628,0.968380949313903,0,0,56,0.0,0.30442191472127084,0.0,0.9976820665947799,0.0,0.0,,
full_spring,lstm,CftsCels,5,0,0,0.2744442412794736,0.08476384031532445,0.969,0.1,0.81,1.5067432489142225,0.9474938069116791,6,0,25,0.0,0.32145555980606677,0.0,0.998314192083927,0.0,0.0,,
full_spring,lstm,CftsCels,6,0,0,0.2801586597506127,0.1459338763838891,0.973,0.0,0.81,1.2901034031984722,0.9678454512922383,43,0,23,0.0,0.3536113478563392,1.0,0.9992411682728877,0.0,0.0,,
full_spring,lstm,CftsCels,7,1,0,51.242181393803385,10.818270394514276,0.551,0.0,0.26,0.18171002575122464,0.9484138583421265,26,0,52,0.0,0.3174159361651243,0.0,0.9332002896811927,0.0,0.0,0.0,0.0
full_spring,lstm,CftsCels,8,0,0,0.259625901317755,0.044729764741904265,0.94,0.0,0.52,1.648410536616947,0.9949342914124266,0,0,67,0.0,0.08190208289948085,1.0,0.9992913908221938,0.0,0.0,,
full_spring,lstm,CftsCels,9,0,0,0.2614157190481012,0.061265198372029164,0.963,0.2,0.71,1.8267388438321908,0.9858090994576325,5,0,41,0.0,0.29472978108395886,1.0,0.9990927945389781,0.0,0.0,,
full_spring,lstm,CftsCels,10,0,0,0.1992457339457177,0.07703730855506019,0.962,0.1,0.66,1.4080794339821616,0.9306431448694855,0,0,48,0.0,0.20652885597828077,1.0,0.999496466953997,0.0,0.0,,
full_spring,lstm,CftsCels,11,0,0,0.2370914310974358,0.07327353579862436,0.961,0.1,0.68,1.4835089713385827,0.9882792347611088,0,0,46,0.0,0.21234350521435646,1.0,0.9992148568436713,0.0,0.0,,
full_spring,lstm,CftsCels,12,0,0,0.14353580950273523,0.03535091451762121,0.975,0.1,0.77,1.6606655411839295,0.9470580082253575,61,0,29,0.0,0.6438380047124156,1.0,0.9993510034156506,0.0,0.0,,
full_spring,lstm,CftsCels,13,0,0,0.2947451674082966,0.0714119226422271,0.943,0.0,0.51,1.5246648239643372,0.9920726480945813,2,0,66,0.0,0.12269479294537251,1.0,0.9992981460610333,0.0,0.0,,
full_spring,lstm,CftsCels,14,1,0,195.2542100912118,22.86528350976592,0.747,0.0,0.31,0.12043317679893904,0.8623691868045857,2,0,80,0.0,0.15451805874784752,0.0,0.8191638038376167,0.0,0.0,0.0,0.0
full_spring,lstm,CftsCels,15,0,0,2.0068894285769283,1.8087521123167318,0.94,0.1,0.57,1.0597860061051274,0.9905745720796832,0,0,60,0.0,0.06185090199012423,0.0,0.9976245864006156,0.0,0.0,,
full_spring,lstm,CftsCels,16,1,0,437.194277689231,47.692509230922724,0.551,0.0,0.0,0.1378448366819165,0.7207235301084768,0,0,99,0.0,0.10217114944314891,0.0,0.6423623460437083,0.0,0.0,0.0,0.0
full_spring,lstm,CftsCels,17,0,0,0.3914626082203905,0.1373024393211976,0.96,0.0,0.66,1.4997558488553848,0.9865363905763253,1,0,47,0.0,0.11473123785685727,0.0,0.9988529620785044,0.0,0.0,,
full_spring,lstm,CftsCels,18,0,0,0.2518384240260735,0.11265520929320139,0.954,0.1,0.62,1.3311523745719338,0.9658978994488246,3,0,57,0.0,0.25210922764064514,1.0,0.999243445021518,0.0,0.0,,
full_spring,lstm,CftsCels,19,0,0,0.31480467608610285,0.09640741112657938,0.952,0.2,0.64,1.5212609161664075,0.9746125797187308,4,0,51,0.0,0.10636835304117884,1.0,0.9993600764315599,0.0,0.0,,
full_spring,lstm,CftsCels,20,0,0,0.6170947856097448,0.4775472292710567,0.962,0.2,0.7,1.1436557319601497,0.9159146622999506,5,0,46,0.0,0.4182327339246159,1.0,0.9990717902239598,0.0,0.0,,
full_spring,lstm,CftsCels,21,1,0,243.63418240865113,31.6594435878134,0.658,0.0,0.26,0.15454334847938733,0.8016808941186303,5,0,78,0.0,0.15934929574317958,0.0,0.7736833170604093,0.0,0.0,0.0,0.0
full_spring,lstm,CftsCels,22,0,0,0.2335067306616639,0.11075163772876294,0.96,0.2,0.66,1.3511608031445193,0.9755543040751642,4,0,50,0.0,0.27996884683522816,1.0,0.9994080108351536,0.0,0.0,,
full_spring,lstm,CftsCels,23,0,0,0.23078447422547238,0.09684439798953734,0.964,0.2,0.73,1.4267707051838234,0.9911422238304479,1,0,42,0.0,0.3384721812923117,1.0,0.9993731623076784,0.0,0.0,,
full_spring,lstm,CftsCels,24,0,0,0.45933177214018717,0.13924421504042306,0.939,0.0,0.51,1.4352944762040438,0.9620225571234429,8,0,61,0.0,0.44835050029572754,1.0,0.9990119804628923,0.0,0.0,,
full_spring,lstm,CftsCels,25,1,0,78.34149137403257,11.468276657626467,0.77,0.0,0.37,0.18162558193121556,0.9126510649490693,2,0,75,0.0,0.312537131012292,0.0,0.9230398149893924,0.0,0.0,0.0,0.0
full_spring,lstm,CftsCels,26,0,0,0.25875479671324353,0.05052276203769486,0.943,0.1,0.58,1.7372613198726286,0.9738850920074753,0,0,59,0.0,0.1613028215444197,0.0,0.9989570576992399,0.0,0.0,,
full_spring,lstm,CftsCels,27,1,0,155.19620167375928,25.56962664607941,0.747,0.0,0.43,0.16142225497887971,0.8528501750223394,1,0,66,0.0,0.028938501306434612,0.0,0.854873681790007,0.0,0.0,0.0,0.0
full_spring,lstm,CftsCels,28,1,0,51.740518308930916,9.745380429723626,0.766,0.0,0.61,0.1907120526507078,0.9335361170024709,61,0,31,0.0,0.509465667918884,0.0,0.8758429643135925,0.0,0.0,0.0,0.0
full_spring,lstm,CftsCels,29,0,0,5.615295357612931,5.215648702463824,0.95,0.1,0.58,1.0511712703340799,0.9779238066067372,0,0,57,0.0,0.42580563900400253,0.0,0.9940756335719593,0.0,0.0,,
full_spring,lstm,CftsCels,30,0,0,0.26907559522879493,0.10808735273738043,0.958,0.2,0.63,1.3810332381475412,0.9970786750949543,7,0,49,0.0,0.0982826838022087,1.0,0.999245118360084,0.0,0.0,,
full_spring,lstm,CftsCels,31,1,0,105.65292560755442,13.594111272306147,0.789,0.0,0.47,0.15272208319130504,0.9954646482878301,24,0,61,0.0,0.2334072213489738,0.0,0.8692508195550378,0.0,0.0,0.0,0.0
full_spring,lstm,CftsCels,32,0,0,0.37089476986147324,0.08604044909302884,0.943,0.0,0.6,1.6035769474747406,0.9468652283185999,1,0,52,0.0,0.2596219249425179,0.0,0.9984646094098693,0.0,0.0,,
full_spring,lstm,CftsCels,33,0,0,22.678066457864247,22.347862900451783,0.958,0.2,0.63,1.013550521931408,0.8203494777681352,4,0,56,0.0,0.10503439938908286,0.0,0.9755296584573704,0.0,0.0,,
full_spring,lstm,CftsCels,34,0,0,0.19741816850817054,0.03999617260743532,0.961,0.0,0.71,1.5901137146976743,0.9866462598853235,5,0,41,0.0,0.11848317328279373,1.0,0.9993541685920315,0.0,0.0,,
full_spring,lstm,CftsCels,35,0,0,0.42151174494655014,0.16827519550089415,0.945,0.0,0.55,1.419155892767144,0.9678235598871757,1,0,59,0.0,0.08452167522240568,1.0,0.9990601018559525,0.0,0.0,,
full_spring,lstm,CftsCels,36,0,0,43.67825373452111,28.27601918982462,0.939,0.0,0.61,1.01322517473755,0.705981787925413,0,0,54,0.0,0.1261450880909765,0.0,0.9571627276612142,0.0,0.0,,
full_spring,lstm,CftsCels,37,0,0,0.22617747592859128,0.037429352250967524,0.948,0.0,0.63,1.6351697322557572,0.9623545229017803,10,0,49,0.0,0.3158641467803348,0.0,0.9988170424995334,0.0,0.0,,
full_spring,lstm,CftsCels,38,0,0,0.4708138480290509,0.31055700346147175,0.96,0.0,0.65,1.2449239223617514,0.9881790569121055,0,0,56,0.0,0.1276789172515725,1.0,0.9993370506778785,0.0,0.0,,
full_spring,lstm,CftsCels,39,0,0,0.08689638264885743,0.014731888400030717,0.973,0.3,0.75,1.6451622147569414,0.992277769992307,3,0,41,0.0,0.19251761586056815,1.0,0.9992454905021138,0.0,0.0,,
full_spring,lstm,CftsCels,40,0,0,0.2922879046153768,0.08235267800649797,0.952,0.1,0.62,1.5134762869815046,0.9733803872450427,6,0,52,0.0,0.33887813982364334,0.0,0.9986762986994088,0.0,0.0,,
full_spring,lstm,CftsCels,41,1,0,114.38773723157372,22.26194760707961,0.456,0.0,0.19,0.16793767766764234,0.8901414613928167,19,0,60,0.0,0.11474955906178265,0.0,0.8685071936248598,0.0,0.0,0.0,0.0
full_spring,lstm,CftsCels,42,0,0,0.16834912125956514,0.06506683214102098,0.969,0.1,0.75,1.40918829911517,0.9946377892830136,11,0,39,0.0,0.07172293001257071,1.0,0.999530754521817,0.0,0.0,,
full_spring,lstm,CftsCels,43,0,0,0.3185551204924879,0.11308881601374948,0.949,0.1,0.6,1.369937800855488,0.9786375967266586,3,0,53,0.0,0.08902543268140474,0.0,0.9987663332696323,0.0,0.0,,
full_spring,lstm,CftsCels,44,1,0,81.91287362663599,16.68710229387521,0.501,0.0,0.28,0.18347539722088507,0.9090457438656033,28,0,39,0.0,0.2878727320279847,0.0,0.8927261840742096,0.0,0.0,0.0,0.0
full_spring,lstm,CftsCels,45,1,0,321.60227150424555,47.26238288497303,0.694,0.1,0.04,0.06175484281936004,0.8931566343470578,0,0,98,0.0,0.18882876660129272,0.0,0.7249900878318247,0.0,0.0,0.0,0.0
full_spring,lstm,CftsCels,46,1,0,432.7236263363257,53.696384096760056,0.754,0.0,0.34,0.14563162086995665,0.7315657967465329,0,0,74,0.0,0.1570524720915471,0.0,0.6484537994857854,0.0,0.0,0.0,0.0
full_spring,lstm,CftsCels,47,1,0,43.46561276485961,12.341617623770036,0.706,0.0,0.2,0.23273793446542762,0.9570402885888452,20,0,26,0.0,0.2676513587073124,0.0,0.9472381843839474,0.0,0.0,0.0,0.0
full_spring,lstm,CftsCels,48,1,0,124.14208454539666,26.193901751649385,0.681,0.0,0.47,0.16627088761255693,0.8325974089617741,47,0,32,0.0,0.35689544373781207,0.0,0.7915765703565847,0.0,0.0,0.0,0.0
full_spring,lstm,CftsCels,49,0,0,0.38838820817265884,0.1269772150656355,0.938,0.0,0.56,1.4157907663415557,0.9708984561329707,6,0,52,0.0,0.09938726728330519,0.0,0.9982766290138492,0.0,0.0,,
full_spring,lstm,CftsCels,50,0,0,0.18651423028937836,0.032479721101106585,0.956,0.2,0.64,1.6848717369406687,0.9832406480375153,0,0,52,0.0,0.18943263321257692,1.0,0.9994773939899941,0.0,0.0,,
full_spring,lstm,CftsCels,51,0,0,0.37880183870364165,0.19981487428114178,0.956,0.0,0.61,1.2767826091977634,0.9356829228497526,0,0,52,0.0,0.19459175688521205,1.0,0.9994280551741673,0.0,0.0,,
full_spring,lstm,CftsCels,52,0,0,0.2295141283878348,0.0803892450367703,0.962,0.1,0.69,1.3745027338689888,0.9774057751878419,9,0,42,0.0,0.46768469454566036,1.0,0.9995135953633452,0.0,0.0,,
full_spring,lstm,CftsCels,53,1,0,278.968968109146,39.29221268738065,0.684,0.0,0.12,0.1763016354519511,0.7860194967573442,10,0,88,0.0,0.24570702820234364,0.0,0.7333322096473271,0.0,0.0,0.0,0.0
full_spring,lstm,CftsCels,54,0,0,0.200680499809288,0.03792374208624483,0.953,0.2,0.58,1.6247636878328728,0.9801967179622417,1,0,59,0.0,0.29514011063942147,1.0,0.9994550639683921,0.0,0.0,,
full_spring,lstm,CftsCels,55,1,0,52.830049577561,11.261711849738493,0.641,0.0,0.12,0.219735979761515,0.9142873361096655,12,0,27,0.0,0.4258783922075715,0.0,0.9418123229573852,0.0,0.0,0.0,0.0
full_spring,lstm,CftsCels,56,0,0,0.632380725927654,0.2359138454805597,0.948,0.1,0.57,1.3766264407673925,0.9987399033679155,4,0,56,0.0,0.4224156935234658,1.0,0.9990905138363982,0.0,0.0,,
full_spring,lstm,CftsCels,57,0,0,0.23291651754171075,0.1229717880242013,0.964,0.2,0.68,1.3102742634290094,0.9903390555844613,6,0,46,0.0,0.3397314620762187,0.0,0.9988413425760216,0.0,0.0,,
full_spring,lstm,CftsCels,58,0,0,0.21217504266706372,0.043896115220455674,0.957,0.1,0.61,1.5805237419394371,0.950691774151507,4,0,52,0.0,0.370733452285072,1.0,0.9994569582028857,0.0,0.0,,
full_spring,lstm,CftsCels,59,0,0,0.5557198527952654,0.26529749637669436,0.941,0.1,0.51,1.358256297785828,0.9985936809820144,4,0,63,0.0,0.4213295685149381,0.0,0.9987996213886657,0.0,0.0,,
full_spring,lstm,CftsCels,60,1,0,161.2420150713352,24.289108118455278,0.672,0.0,0.03,0.15882859279241113,0.8601906920894606,1,0,97,0.0,0.26923222772077304,0.0,0.849550490785083,0.0,0.0,0.0,0.0
full_spring,lstm,CftsCels,61,0,0,18.005077396415757,17.86321921310278,0.962,0.2,0.67,1.0131076558582421,0.8382282513177904,1,0,47,0.0,0.4317593083294654,0.0,0.9811380137591347,0.0,0.0,,
full_spring,lstm,CftsCels,62,1,0,184.9051715913924,21.639745771506224,0.774,0.1,0.38,0.23793537120844882,0.829267752136244,1,0,75,0.0,0.1957348744264142,0.0,0.8295038539039937,0.0,0.0,0.0,0.0
full_spring,lstm,CftsCels,63,1,0,207.27082511540826,27.108036857734632,0.717,0.0,0.28,0.11355547776537692,0.8900690966784897,0,0,76,0.0,0.13518058797912771,0.0,0.8119910352979763,0.0,0.0,0.0,0.0
full_spring,lstm,CftsCels,64,0,0,0.07830452585447194,0.014061698363799896,0.974,0.2,0.76,1.6378379048113616,0.9950245678007438,9,0,39,0.0,0.26353104524916515,1.0,0.9991341828873255,0.0,0.0,,
full_spring,lstm,CftsCels,65,1,0,149.06949840744156,23.181511089802616,0.731,0.0,0.23,0.18474571636237216,0.8448295048648725,11,0,81,0.0,0.09916047146411083,0.0,0.8461136922651303,0.0,0.0,0.0,0.0
full_spring,lstm,CftsCels,66,1,0,52.37243567494049,8.215596417529735,0.41,0.0,0.18,0.1472397297282697,0.983946755668413,18,0,67,0.0,0.16076092126965857,0.0,0.9382267905811267,0.0,0.0,0.0,0.0
full_spring,lstm,CftsCels,67,0,0,0.4575752721537817,0.14378754274982877,0.947,0.1,0.61,1.479138194286093,0.9810122427011583,7,0,57,0.0,0.06677036911236216,0.0,0.9979723226317004,0.0,0.0,,
full_spring,lstm,CftsCels,68,0,0,0.27588030090816895,0.053813271623374744,0.954,0.1,0.61,1.7179248648412149,0.949459496485171,0,0,57,0.0,0.4386660590151237,1.0,0.9994388941799663,0.0,0.0,,
full_spring,lstm,CftsCels,69,1,0,229.4141070091704,27.687963201035462,0.643,0.0,0.01,0.12193071769974174,0.8624206316153563,0,0,100,0.0,0.16406901861560252,0.0,0.794610968087145,0.0,0.0,0.0,0.0
full_spring,lstm,CftsCels,70,0,0,63.046185762169344,22.154735426180217,0.911,0.2,0.6,0.22807352091600624,0.9063733408564558,2,0,49,0.0,0.10625402161787874,0.0,0.9369068159239916,0.0,0.0,,
full_spring,lstm,CftsCels,71,0,0,0.12954812213587183,0.07238051093829995,0.981,0.3,0.83,1.2792276439438155,0.9049588894500266,32,0,25,0.0,0.30708005471019345,1.0,0.9995796136775206,0.0,0.0,,
full_spring,lstm,CftsCels,72,1,0,97.67939464001309,16.456088070079577,0.803,0.0,0.5,0.1582796286023674,0.9344051951108225,12,0,52,0.0,0.12591535482698937,0.0,0.8948099030307911,0.0,0.0,0.0,0.0
full_spring,lstm,CftsCels,73,0,0,0.3549022844791402,0.06921472266611259,0.945,0.2,0.53,1.663327363210913,0.9604441249254205,0,0,57,0.0,0.17147197568951053,0.0,0.9958117772391575,0.0,0.0,,
full_spring,lstm,CftsCels,74,0,0,0.08565158836963357,0.017820767456669342,0.974,0.2,0.8,1.7011884662174817,0.9902553116531546,2,0,30,0.0,0.28132740701214576,1.0,0.9995986117377701,0.0,0.0,,
full_spring,lstm,CftsCels,75,0,0,0.1896238912415874,0.05501854891627745,0.953,0.1,0.54,1.4791005551180576,0.9723397797764551,1,0,64,0.0,0.43589850516433365,1.0,0.9996055326317218,0.0,0.0,,
full_spring,lstm,CftsCels,76,0,0,0.3410021530963126,0.11503192918101487,0.967,0.2,0.73,1.8431009699085887,0.9921181988985928,4,0,37,0.0,0.36340683209944313,1.0,0.9993281579122127,0.0,0.0,,
full_spring,lstm,CftsCels,77,0,0,0.0925920983589216,0.01754645317161922,0.973,0.3,0.75,1.6666835169545304,0.9660670981431302,7,0,38,0.0,0.2510905555595915,1.0,0.999397951277339,0.0,0.0,,
full_spring,lstm,CftsCels,78,1,0,46.62989443906139,8.053549103306835,0.547,0.0,0.36,0.18039114225650982,0.9620882322211886,36,0,42,0.0,0.522431698248306,0.0,0.9300271464690724,0.0,0.0,0.0,0.0
full_spring,lstm,CftsCels,79,1,0,76.93066756236468,7.320658123638018,0.747,0.0,0.17,0.18811265833685512,0.9352681131989751,4,0,87,0.0,0.2451479132195278,0.0,0.9229028891960215,0.0,0.0,0.0,0.0
full_spring,lstm,CftsCels,80,0,0,0.2891967885616777,0.07200947084816389,0.966,0.1,0.74,1.8291272659570812,0.9751923890002336,41,0,35,0.0,0.5433099739329174,0.0,0.9929857215207607,0.0,0.0,,
full_spring,lstm,CftsCels,81,0,0,0.6183229626437167,0.45149989360348025,0.963,0.1,0.68,1.1644409380661995,0.9755846125016108,5,0,46,0.0,0.36826578099250673,0.0,0.9986436096386015,0.0,0.0,,
full_spring,lstm,CftsCels,82,0,0,0.23124570455995253,0.053276045230109745,0.954,0.1,0.64,1.6020882054426282,0.9968322485577654,1,0,52,0.0,0.07252907963666216,1.0,0.9995425202186833,0.0,0.0,,
full_spring,lstm,CftsCels,83,0,0,1.526830416982409,1.4006797101985102,0.971,0.3,0.74,1.0682771188504405,0.9990335786332036,8,0,42,0.0,0.2394798572872603,0.0,0.9979609184393775,0.0,0.0,,
full_spring,lstm,CftsCels,84,0,0,0.14889908094044096,0.07179914932280451,0.971,0.1,0.75,1.341262157869416,0.983922112520135,1,0,39,0.0,0.22496289205436945,1.0,0.9993740639092363,0.0,0.0,,
full_spring,lstm,CftsCels,85,1,0,122.42479848266161,23.06631237311261,0.733,0.0,0.33,0.16557954664312327,0.9190784146647217,0,0,74,0.0,0.2672854621400138,0.0,0.884097192095369,0.0,0.0,0.0,0.0
full_spring,lstm,CftsCels,86,0,0,0.12293875620796244,0.020675105945951587,0.959,0.0,0.69,1.6435476156828914,0.9365502356960057,7,0,45,0.0,0.5172116191017088,0.0,0.9986296601915036,0.0,0.0,,
full_spring,lstm,CftsCels,87,0,0,0.24448310455777872,0.07222689142141693,0.95,0.0,0.54,1.4036618543698005,0.9536097338716593,0,0,60,0.0,0.2491884121691679,0.0,0.9985104227370739,0.0,0.0,,
full_spring,lstm,CftsCels,88,1,0,57.610472398106026,8.156321965121961,0.306,0.0,0.0,0.16438946727852388,0.9793125563018518,0,0,86,0.0,0.2672832864891748,0.0,0.941352179388577,0.0,0.0,0.0,0.0
full_spring,lstm,CftsCels,89,0,0,0.39977245429003316,0.1479603487049023,0.949,0.0,0.63,1.4415834179545104,0.993509698358835,0,0,57,0.0,0.21328610940287915,0.0,0.9986613474382231,0.0,0.0,,
full_spring,lstm,CftsCels,90,0,0,0.7177055344128882,0.18232186360137947,0.935,0.0,0.55,1.6079976035640346,0.9855062217959909,0,0,60,0.0,0.317977406239128,0.0,0.998997939592771,0.0,0.0,,
full_spring,lstm,CftsCels,91,1,0,134.49949045161404,23.508720143173154,0.809,0.1,0.42,0.1556194016630689,0.8665386283779682,2,0,67,0.0,0.1318089725515504,0.0,0.8714704478354861,0.0,0.0,0.0,0.0
full_spring,lstm,CftsCels,92,1,0,456.2379494330421,47.26668776009512,0.69,0.0,0.39,0.1187359960400299,0.7492067206750758,39,0,61,0.0,0.3636040128796197,0.0,0.4736455314419711,0.0,0.0,0.0,0.0
full_spring,lstm,CftsCels,93,0,0,0.48977714416105433,0.1880637277801063,0.954,0.0,0.62,1.5181265805277888,0.9626268740836462,0,0,55,0.0,0.08516635507399972,1.0,0.9992148574858436,0.0,0.0,,
full_spring,lstm,CftsCels,94,0,0,0.16337343318433667,0.03359627352645302,0.971,0.4,0.71,1.5621633105493875,0.9714205474880189,7,0,45,0.0,0.09232554391009487,1.0,0.9994825816801396,0.0,0.0,,
full_spring,lstm,CftsCels,95,0,0,0.41519532038211493,0.20355987527481822,0.958,0.0,0.67,1.2713292612394007,0.9735078313609254,26,0,46,0.0,0.3752911893950481,1.0,0.9991430459888657,0.0,0.0,,
full_spring,lstm,CftsCels,96,0,0,0.43788696406069794,0.12999708931312906,0.933,0.0,0.44,1.483227458285248,0.9842217451739734,4,0,71,0.0,0.3254508971919029,1.0,0.9991928454433349,0.0,0.0,,
full_spring,lstm,CftsCels,97,0,0,0.4924679299095831,0.17052610248810887,0.936,0.0,0.54,1.4115947465256142,0.9627866238004087,0,0,61,0.0,0.26557548165761247,0.0,0.9981379934972895,0.0,0.0,,
full_spring,lstm,CftsCels,98,1,0,69.43534220850823,11.507318996548706,0.574,0.0,0.42,0.19160140143585477,0.9662815415939338,42,0,53,0.0,0.3826575499739283,0.0,0.8875234775141916,0.0,0.0,0.0,0.0
full_spring,lstm,CftsCels,99,0,0,0.48722929036803875,0.19710602159406237,0.943,0.1,0.56,1.3833467421485366,0.9480480426662372,4,0,60,0.0,0.06516049592859692,0.0,0.9989519853859268,0.0,0.0,,
full_spring,lstm,CftsConfeti,0,1,0,2623.569517020609,162.47318684077837,0.498,0.0,0.0,0.8907182917346839,0.04028065943125573,0,0,100,0.0,0.020883167342978706,0.0,0.009011930688238303,0.0,0.0,0.0,0.0
full_spring,lstm,CftsConfeti,1,1,0,2315.014700844569,147.6159873395054,0.502,0.0,0.0,0.9928216824972491,0.039086085714453475,0,0,100,0.0,0.035230617606892334,0.0,0.059059193855536866,0.0,0.0,0.0,0.0
full_spring,lstm,CftsConfeti,2,1,0,2513.8028128707956,153.11425557435578,0.499,0.0,0.0,0.9231375081650569,0.03885034585835229,0,0,100,0.0,0.013650826464657621,0.0,0.03535985686619992,0.0,0.0,0.0,0.0
full_spring,lstm,CftsConfeti,3,1,0,3463.319486029486,231.7424686273979,0.512,0.0,0.0,0.9675451772383966,0.026957661975996368,0,0,100,0.0,2.1731453692401823e-05,0.0,3.3738238235793575e-05,0.0,0.0,0.0,0.0
full_spring,lstm,CftsConfeti,4,1,0,4606.057856990483,318.1015243054911,0.466,0.0,0.0,0.8994802921394139,0.023422142302384673,0,0,100,0.0,0.0001710871404228431,0.0,0.00041455490496483655,0.0,0.0,0.0,0.0
full_spring,lstm,CftsConfeti,5,0,0,0.0003043097635712505,1.5168594870428537e-05,1.0,1.0,1.0,1.3289734843332166,0.9465238415199901,99,1,0,nan,nan,nan,nan,0.0,0.0,,
full_spring,lstm,CftsConfeti,6,0,0,0.0001875863619017759,1.1204804505891108e-05,1.0,1.0,1.0,1.3357365895445223,0.9692974940629576,99,1,0,nan,nan,nan,nan,0.0,0.0,,
full_spring,lstm,CftsConfeti,7,1,0,3328.9547127325204,206.59322504371852,0.494,0.0,0.01,0.9402531366700017,0.030011238634568695,0,0,100,0.0,0.008726079240831543,0.0,0.015108557465901276,0.0,0.0,0.0,0.0
full_spring,lstm,CftsConfeti,8,1,0,3612.935450282329,262.5849600747704,0.482,0.0,0.01,0.836077854893034,0.030938590696272195,0,0,100,0.0,0.001526196060286707,0.0,0.0016915399206480055,0.0,0.0,0.0,0.0
full_spring,lstm,CftsConfeti,9,0,0,0.0001678170801533924,1.0118242379024576e-05,1.0,1.0,1.0,1.403359669346539,0.9864372807733275,99,1,0,nan,nan,nan,nan,0.0,0.0,,
full_spring,lstm,CftsConfeti,10,1,0,2759.7581768745376,174.6557114875006,0.502,0.0,0.0,1.0348954438063438,0.03220708270023125,0,0,100,0.0,0.007456811282950632,0.0,0.020086867564242238,0.0,0.0,0.0,0.0
full_spring,lstm,CftsConfeti,11,1,0,4284.652521518765,291.6799484303259,0.521,0.0,0.0,0.9061388023751414,0.024343454308075996,0,0,100,0.0,0.0013973035602959647,0.0,0.0027921963439525212,0.0,0.0,0.0,0.0
full_spring,lstm,CftsConfeti,12,1,0,3517.7373051536038,228.57509554071652,0.483,0.0,0.01,0.9355592039686962,0.029233521572106055,0,0,100,0.0,0.001192659138772867,0.0,0.0017207140993586688,0.0,0.0,0.0,0.0
full_spring,lstm,CftsConfeti,13,0,0,0.00017021806470847445,9.071858181522846e-06,1.0,1.0,1.0,1.3352492856976328,0.99076213956343,99,1,0,nan,nan,nan,nan,0.0,0.0,,
full_spring,lstm,CftsConfeti,14,1,0,2314.3259717309265,167.80323844669275,0.504,0.0,0.0,1.0271054937014295,0.037490945583118385,0,0,100,0.0,0.0005721674743872245,0.0,0.0017150274505337384,0.0,0.0,0.0,0.0
full_spring,lstm,CftsConfeti,15,1,0,2888.9743092710596,188.2893150327068,0.476,0.0,0.0,0.9915555498537986,0.033610586704590384,0,0,100,0.0,0.009630085300724631,0.0,0.004278712220623855,0.0,0.0,0.0,0.0
full_spring,lstm,CftsConfeti,16,0,0,0.0002284306054577273,1.4378181952178727e-05,1.0,1.0,1.0,1.3293915110953574,0.9915129302142174,99,1,0,nan,nan,nan,nan,0.0,0.0,,
full_spring,lstm,CftsConfeti,17,0,0,0.0002365344288650581,1.4102897171060406e-05,1.0,1.0,1.0,1.3518410415199793,0.9872100842326462,99,1,0,nan,nan,nan,nan,0.0,0.0,,
full_spring,lstm,CftsConfeti,18,1,0,2775.192728524976,190.6660371582058,0.538,0.0,0.0,1.006534314206468,0.03359715649776915,0,0,100,0.0,0.006441578687110248,0.0,0.015546941621992853,0.0,0.0,0.0,0.0
full_spring,lstm,CftsConfeti,19,1,0,3845.318737718902,244.43012833396017,0.485,0.0,0.0,0.9442822187951796,0.02603598296871907,0,0,100,0.0,0.0008011726800339524,0.0,0.0009824118960788117,0.0,0.0,0.0,0.0
full_spring,lstm,CftsConfeti,20,0,0,0.000161137732637779,9.53955262874986e-06,1.0,1.0,1.0,1.4443574920570708,0.9111659177146533,99,1,0,nan,nan,nan,nan,0.0,0.0,,
full_spring,lstm,CftsConfeti,21,1,0,3045.096550899605,198.96038660668893,0.477,0.0,0.0,0.9269116333760943,0.03356428801778291,0,0,100,0.0,0.0061448335659048505,0.0,0.0041608301997331015,0.0,0.0,0.0,0.0
full_spring,lstm,CftsConfeti,22,0,0,0.00012511637830345604,6.974138853909783e-06,1.0,1.0,1.0,1.4551907978917382,0.9746444933286053,99,1,0,nan,nan,nan,nan,0.0,0.0,,
full_spring,lstm,CftsConfeti,23,1,0,3423.4690763376752,205.58599919091952,0.496,0.0,0.0,1.0017686635172247,0.028341082311188412,0,0,100,0.0,3.0851122294236225e-06,0.0,3.626663145142664e-06,0.0,0.0,0.0,0.0
full_spring,lstm,CftsConfeti,24,1,0,5918.496086643025,362.75962373018746,0.495,0.0,0.0,1.03850624769995,0.01612232732026988,0,0,100,0.0,9.463858478956521e-05,0.0,0.00010551426541602292,0.0,0.0,0.0,0.0
full_spring,lstm,CftsConfeti,25,1,0,1494.7758850682562,85.90868819270526,0.485,0.0,0.0,1.0194510325611141,0.056787716962835,0,0,100,0.0,0.014048566791700577,0.0,0.01346746957841592,0.0,0.0,0.0,0.0
full_spring,lstm,CftsConfeti,26,0,0,0.00015045253239073797,9.613773826540293e-06,1.0,1.0,1.0,1.3574674987509578,0.9746976311226521,99,1,0,nan,nan,nan,nan,0.0,0.0,,
full_spring,lstm,CftsConfeti,27,1,0,2016.1284262004474,111.95491569203611,0.469,0.0,0.0,0.9325932778355221,0.048214431765519365,0,0,100,0.0,0.0059951869438321405,0.0,0.005238817699196084,0.0,0.0,0.0,0.0
full_spring,lstm,CftsConfeti,28,1,0,1460.924899095764,91.32108727323126,0.488,0.0,0.01,1.0751460091430165,0.05701756136166428,0,0,100,0.0,0.0009474144193384812,0.0,0.001175657965741519,0.0,0.0,0.0,0.0
full_spring,lstm,CftsConfeti,29,1,0,7521.555947337021,437.8590030789555,0.483,0.0,0.0,0.9859940039381898,0.013282177475005687,0,0,100,0.0,0.00037385619301877544,0.0,0.00029852625127529286,0.0,0.0,0.0,0.0
full_spring,lstm,CftsConfeti,30,0,0,0.00017881291286045084,9.385043415124168e-06,1.0,1.0,1.0,1.2775097658038008,0.9958716125770125,99,1,0,nan,nan,nan,nan,0.0,0.0,,
full_spring,lstm,CftsConfeti,31,1,0,2853.040788270212,190.29218747618273,0.506,0.0,0.0,0.9572150123314087,0.03438215819680409,0,0,100,0.0,0.001538151031323181,0.0,0.0010010101290700078,0.0,0.0,0.0,0.0
full_spring,lstm,CftsConfeti,32,0,0,0.00022428095174207435,1.232645605079335e-05,1.0,1.0,1.0,1.3703753454796166,0.9476607731227906,99,1,0,nan,nan,nan,nan,0.0,0.0,,
full_spring,lstm,CftsConfeti,33,1,0,2740.7275661992835,174.63987840365567,0.498,0.0,0.0,1.0326906166251224,0.03358792912865556,0,0,100,0.0,0.023635033411172044,0.0,0.05851104651218573,0.0,0.0,0.0,0.0
full_spring,lstm,CftsConfeti,34,0,0,0.0001777792267746714,9.182618668655086e-06,1.0,1.0,1.0,1.40759068957671,0.9867003476975487,99,1,0,nan,nan,nan,nan,0.0,0.0,,
full_spring,lstm,CftsConfeti,35,1,0,3926.7630697885065,237.39989114316168,0.471,0.0,0.0,0.9195074541864244,0.027285088639733092,0,0,100,0.0,0.007274493299305557,0.0,0.009289974134591752,0.0,0.0,0.0,0.0
full_spring,lstm,CftsConfeti,36,1,0,7742.137652691759,563.3528547807625,0.484,0.0,0.0,1.005486594321333,0.012403983842226624,0,0,100,0.0,1.79264052213425e-08,0.0,8.624610404612874e-08,0.0,0.0,0.0,0.0
full_spring,lstm,CftsConfeti,37,1,0,4065.8714781414683,235.25908112566032,0.482,0.0,0.0,0.9112099665002987,0.026130955078345945,0,0,100,0.0,0.0054720944892347485,0.0,0.0042750934894761105,0.0,0.0,0.0,0.0
full_spring,lstm,CftsConfeti,38,1,0,2396.446730361825,146.77184511898508,0.496,0.0,0.0,0.9441447843931464,0.03927638738095927,0,0,100,0.0,0.006626236925397986,0.0,0.003501815365010807,0.0,0.0,0.0,0.0
full_spring,lstm,CftsConfeti,39,1,0,2143.034982351356,123.17606329555967,0.457,0.0,0.0,0.8846074800738881,0.04960914774164077,0,0,100,0.0,0.0019223198459161939,0.0,0.0024617704447052694,0.0,0.0,0.0,0.0
full_spring,lstm,CftsConfeti,40,1,0,3555.014196844482,245.87555130448484,0.505,0.0,0.0,0.854357285822728,0.030394791662573358,0,0,100,0.0,0.0010089811184742828,0.0,0.0011867767732049422,0.0,0.0,0.0,0.0
full_spring,lstm,CftsConfeti,41,1,0,2953.8697023690656,197.69816153614153,0.462,0.0,0.0,0.9122423177554054,0.03373772926986533,0,0,100,0.0,0.0024634156496112503,0.0,0.0066938947276540765,0.0,0.0,0.0,0.0
full_spring,lstm,CftsConfeti,42,1,0,2591.4222591302905,150.21138392502314,0.468,0.0,0.0,0.9540587960394687,0.03842525578911401,0,0,100,0.0,0.001527732457347796,0.0,0.0022782045946812992,0.0,0.0,0.0,0.0
full_spring,lstm,CftsConfeti,43,0,0,0.00014002244485554136,8.239159605504166e-06,1.0,1.0,1.0,1.3792653144167901,0.9790776948094365,99,1,0,nan,nan,nan,nan,0.0,0.0,,
full_spring,lstm,CftsConfeti,44,1,0,1846.0644552231693,114.13174963933574,0.528,0.0,0.01,1.096800003111892,0.044037294269761454,0,0,100,0.0,0.007558236232754524,0.0,0.011301401415706226,0.0,0.0,0.0,0.0
full_spring,lstm,CftsConfeti,45,1,0,4980.032016213012,330.5556152468505,0.485,0.0,0.0,0.9497490852176858,0.020089746321934363,0,0,100,0.0,0.0002522984334637396,0.0,9.78931958313514e-05,0.0,0.0,0.0,0.0
full_spring,lstm,CftsConfeti,46,0,0,0.00019736033524662966,9.755349461715046e-06,1.0,1.0,1.0,1.4380610300680696,0.9986299896098876,99,1,0,nan,nan,nan,nan,0.0,0.0,,
full_spring,lstm,CftsConfeti,47,1,0,2188.481869759938,129.31022045249344,0.489,0.0,0.0,0.9324748254348427,0.04778193057120407,0,0,100,0.0,0.03614337062081811,0.0,0.019181225212468112,0.0,0.0,0.0,0.0
full_spring,lstm,CftsConfeti,48,1,0,1982.656700828221,126.84951824156035,0.484,0.0,0.0,0.9621458953832246,0.04628844806747252,0,0,100,0.0,0.004074082292057367,0.0,0.008406202545495045,0.0,0.0,0.0,0.0
full_spring,lstm,CftsConfeti,49,1,0,4992.469569727212,301.61885511806787,0.52,0.0,0.01,1.020400657924333,0.018316901970370288,0,0,100,0.0,8.292572139801638e-05,0.0,5.99852792916679e-05,0.0,0.0,0.0,0.0
full_spring,lstm,CftsConfeti,50,1,0,3511.879196625395,221.38409784028786,0.504,0.0,0.0,1.0574944323112754,0.0252000480266877,0,0,100,0.0,0.009139434144836095,0.0,0.02345596551097905,0.0,0.0,0.0,0.0
full_spring,lstm,CftsConfeti,51,1,0,3661.145606292175,224.85736861264803,0.483,0.0,0.0,0.9049219638417358,0.028086983183862508,0,0,100,0.0,0.01203369592476985,0.0,0.02228319415353647,0.0,0.0,0.0,0.0
full_spring,lstm,CftsConfeti,52,0,0,0.0001373594810037803,7.844697924091542e-06,1.0,1.0,1.0,1.3775125972309494,0.9776574968083935,99,1,0,nan,nan,nan,nan,0.0,0.0,,
full_spring,lstm,CftsConfeti,53,0,0,0.00016317866881411514,1.1257901779691326e-05,1.0,1.0,1.0,1.3962208156587488,0.9664365290914652,99,1,0,nan,nan,nan,nan,0.0,0.0,,
full_spring,lstm,CftsConfeti,54,0,0,0.00015429445878609171,7.946982259475563e-06,1.0,1.0,1.0,1.3809576168923792,0.9793082076639943,99,1,0,nan,nan,nan,nan,0.0,0.0,,
full_spring,lstm,CftsConfeti,55,1,0,2681.5954484966824,243.129251523509,0.503,0.0,0.0,0.9992452977967027,0.032946452610996886,0,0,100,0.0,0.003745130967006171,0.0,0.004158473333786065,0.0,0.0,0.0,0.0
full_spring,lstm,CftsConfeti,56,0,0,0.00026828556424787764,1.4252816609726539e-05,1.0,1.0,1.0,1.4110290895517974,0.9956138325168687,99,1,0,nan,nan,nan,nan,0.0,0.0,,
full_spring,lstm,CftsConfeti,57,1,0,1822.2140774042948,113.89013155433645,0.477,0.0,0.0,0.8881784120160733,0.05481929833236251,0,0,100,0.0,0.04170387863885995,0.0,0.03500940050013565,0.0,0.0,0.0,0.0
full_spring,lstm,CftsConfeti,58,0,0,0.00015729913204460405,8.612580548928544e-06,1.0,1.0,1.0,1.368915302434665,0.9505114968396147,99,1,0,nan,nan,nan,nan,0.0,0.0,,
full_spring,lstm,CftsConfeti,59,0,0,0.0002043465447642695,1.1579303626653115e-05,1.0,1.0,1.0,1.439539715316962,0.9983666347959032,99,1,0,nan,nan,nan,nan,0.0,0.0,,
full_spring,lstm,CftsConfeti,60,1,0,5727.200833585858,374.297714202099,0.477,0.0,0.0,0.9704369192333403,0.01746761203873085,0,0,100,0.0,0.0013544269385753697,0.0,0.0026241030129370356,0.0,0.0,0.0,0.0
full_spring,lstm,CftsConfeti,61,1,0,3391.7888408296867,213.47765799690148,0.462,0.0,0.0,0.8451518172521355,0.033374179741066864,0,0,100,0.0,0.02095905643981151,0.0,0.02209819683312943,0.0,0.0,0.0,0.0
full_spring,lstm,CftsConfeti,62,1,0,2065.0579920167293,121.72598637334548,0.495,0.0,0.0,1.0395380179144202,0.043318794165341436,0,0,100,0.0,0.0012571428462271775,0.0,0.003413623535970375,0.0,0.0,0.0,0.0
full_spring,lstm,CftsConfeti,63,1,0,2986.965001453184,201.44964535899743,0.484,0.0,0.0,1.0361034301383192,0.03152867166784353,0,0,100,0.0,0.008728100725851897,0.0,0.006805237895761003,0.0,0.0,0.0,0.0
full_spring,lstm,CftsConfeti,64,0,0,0.00013096734710766993,7.403457842521297e-06,1.0,1.0,1.0,1.3943833768670872,0.9951752629518945,99,1,0,nan,nan,nan,nan,0.0,0.0,,
full_spring,lstm,CftsConfeti,65,1,0,2010.5714935495732,122.0556999789538,0.513,0.0,0.0,1.0112482052715337,0.04319418142198959,0,0,100,0.0,0.006669622485736713,0.0,0.04432017346776418,0.0,0.0,0.0,0.0
full_spring,lstm,CftsConfeti,66,1,0,3039.330985874234,223.11369382757076,0.504,0.0,0.0,1.0300309619050416,0.028931226345882924,0,0,100,0.0,0.00456040132683191,0.0,0.0048116027782832485,0.0,0.0,0.0,0.0
full_spring,lstm,CftsConfeti,67,0,0,0.0002402706007221464,1.3057131079410317e-05,1.0,1.0,1.0,1.4335406280928529,0.9814903712383929,99,1,0,nan,nan,nan,nan,0.0,0.0,,
full_spring,lstm,CftsConfeti,68,1,0,3380.2858171134712,252.68099350237236,0.494,0.0,0.0,0.931954546644083,0.029039048783982738,0,0,100,0.0,0.00037035592410358234,0.0,0.0003090872958975991,0.0,0.0,0.0,0.0
full_spring,lstm,CftsConfeti,69,1,0,4464.513575788325,282.0799531855191,0.519,0.0,0.0,1.0789118641898854,0.019181037290007957,0,0,100,0.0,0.0003762844142621107,0.0,0.0009621143700314405,0.0,0.0,0.0,0.0
full_spring,lstm,CftsConfeti,70,1,0,2342.777505853762,154.7085453991306,0.49,0.0,0.0,1.1228874588853108,0.035562860344987554,0,0,100,0.0,0.01232241282103021,0.0,0.005002090205773398,0.0,0.0,0.0,0.0
full_spring,lstm,CftsConfeti,71,1,0,2982.0517822994816,194.1126927181043,0.504,0.0,0.0,1.0042323484591014,0.03067796877882933,0,0,100,0.0,0.01192901285812117,0.0,0.015940785572257643,0.0,0.0,0.0,0.0
full_spring,lstm,CftsConfeti,72,1,0,3305.776330832041,222.82311493715835,0.523,0.0,0.0,1.0423308318527882,0.02725084085521875,0,0,100,0.0,0.00015283988859565037,0.0,2.4012073079667307e-05,0.0,0.0,0.0,0.0
full_spring,lstm,CftsConfeti,73,1,0,6095.5478942205755,373.83303179580236,0.493,0.0,0.0,0.9764465824066629,0.016135285312684305,0,0,100,0.0,2.323388567256708e-05,0.0,2.0040177158154088e-05,0.0,0.0,0.0,0.0
full_spring,lstm,CftsConfeti,74,0,0,7.156205716280601e-05,3.9396615776885866e-06,1.0,1.0,1.0,1.3162396002783507,0.9897923822406145,99,1,0,nan,nan,nan,nan,0.0,0.0,,
full_spring,lstm,CftsConfeti,75,1,0,3870.6521488075186,222.24912001317566,0.492,0.0,0.0,1.0074538109186062,0.02476618544892093,0,0,100,0.0,0.01035329528636127,0.0,0.011184012698118641,0.0,0.0,0.0,0.0
full_spring,lstm,CftsConfeti,76,0,0,0.0001918069732605894,1.0191751979916893e-05,1.0,1.0,1.0,1.3521591919014648,0.9934781838643806,99,1,0,nan,nan,nan,nan,0.0,0.0,,
full_spring,lstm,CftsConfeti,77,1,0,3545.821291466919,233.53782843833073,0.516,0.0,0.0,1.0327881300852595,0.02523907904406026,0,0,100,0.0,0.009514477682501361,0.0,0.014763235561236316,0.0,0.0,0.0,0.0
full_spring,lstm,CftsConfeti,78,1,0,1824.950692845589,112.46382737361999,0.486,0.0,0.0,1.012456338793962,0.046861848573477714,0,0,100,0.0,0.0020992029592022906,0.0,0.0015507512986344567,0.0,0.0,0.0,0.0
full_spring,lstm,CftsConfeti,79,1,0,5369.291432037244,384.4315672778793,0.469,0.0,0.01,1.0497335795144382,0.017172643450361576,0,0,100,0.0,2.3164620418021315e-07,0.0,8.417326318089407e-07,0.0,0.0,0.0,0.0
full_spring,lstm,CftsConfeti,80,0,0,0.0001993882921181439,1.276617748795567e-05,1.0,1.0,1.0,1.4335000767284352,0.9776501047659782,99,1,0,nan,nan,nan,nan,0.0,0.0,,
full_spring,lstm,CftsConfeti,81,1,0,5289.033538107981,318.2417187311997,0.513,0.0,0.0,0.9970331977015879,0.018896104209169276,0,0,100,0.0,1.2490204914638827e-07,0.0,1.556938700969069e-07,0.0,0.0,0.0,0.0
full_spring,lstm,CftsConfeti,82,0,0,0.0001753519199153425,1.1703813069188514e-05,1.0,1.0,1.0,1.4019678411574663,0.9972553631698221,99,1,0,nan,nan,nan,nan,0.0,0.0,,
full_spring,lstm,CftsConfeti,83,1,0,3507.8340409225452,220.7178276456707,0.471,0.0,0.0,0.9098197999955875,0.031944658410999936,0,0,100,0.0,0.002351096472385077,0.0,0.004310065635156679,0.0,0.0,0.0,0.0
full_spring,lstm,CftsConfeti,84,0,0,8.513111151960129e-05,4.712998206451548e-06,1.0,1.0,1.0,1.3429636769220314,0.9834558426076099,99,1,0,nan,nan,nan,nan,0.0,0.0,,
full_spring,lstm,CftsConfeti,85,1,0,2632.951979985581,162.39272464451443,0.497,0.0,0.0,1.0753819916988827,0.03245838844445756,0,0,100,0.0,0.049284937665902744,0.0,0.053185061549475283,0.0,0.0,0.0,0.0
full_spring,lstm,CftsConfeti,86,1,0,3876.7363807044876,253.57682695672733,0.494,0.0,0.01,0.9846235160808139,0.024390624087862023,0,0,100,0.0,0.006435275658871383,0.0,0.009612127593854481,0.0,0.0,0.0,0.0
full_spring,lstm,CftsConfeti,87,0,0,0.00013471690532739639,7.24464497093765e-06,1.0,1.0,1.0,1.4330749610457758,0.9541799505714539,99,1,0,nan,nan,nan,nan,0.0,0.0,,
full_spring,lstm,CftsConfeti,88,1,0,5691.722063354147,371.3008705741575,0.534,0.0,0.0,1.1494619373405288,0.014264083657770273,0,0,100,0.0,0.0005803480819162867,0.0,0.0007039512194838762,0.0,0.0,0.0,0.0
full_spring,lstm,CftsConfeti,89,0,0,0.00011430248001208839,7.034735832309681e-06,1.0,1.0,1.0,1.3582179162665595,0.9910206201852518,99,1,0,nan,nan,nan,nan,0.0,0.0,,
full_spring,lstm,CftsConfeti,90,0,0,0.000259464723090172,1.4086095339850806e-05,1.0,1.0,1.0,1.3914027446069333,0.9848665666036741,99,1,0,nan,nan,nan,nan,0.0,0.0,,
full_spring,lstm,CftsConfeti,91,1,0,1991.4446790179209,114.57878717684876,0.514,0.0,0.0,1.0195072274570598,0.045055914712616295,0,0,100,0.0,1.5895256949643957e-06,0.0,6.760898669726008e-06,0.0,0.0,0.0,0.0
full_spring,lstm,CftsConfeti,92,0,0,0.00019121001847971497,1.2324076245886347e-05,1.0,1.0,1.0,1.4441983471311493,0.9882310463727093,99,1,0,nan,nan,nan,nan,0.0,0.0,,
full_spring,lstm,CftsConfeti,93,0,0,0.0002482134792614818,1.3536608147898758e-05,1.0,1.0,1.0,1.4009910037011244,0.9637104991683569,99,1,0,nan,nan,nan,nan,0.0,0.0,,
full_spring,lstm,CftsConfeti,94,0,0,0.00011592205392591676,6.213296062847166e-06,1.0,1.0,1.0,1.424861757877074,0.9723669525724651,99,1,0,nan,nan,nan,nan,0.0,0.0,,
full_spring,lstm,CftsConfeti,95,0,0,0.0002513111605989757,1.4171056752156838e-05,1.0,1.0,1.0,1.4269059764777252,0.9712321471649878,99,1,0,nan,nan,nan,nan,0.0,0.0,,
full_spring,lstm,CftsConfeti,96,0,0,0.00018772706663899158,1.1507990279380155e-05,1.0,1.0,1.0,1.432737232331169,0.9838485307744607,99,1,0,nan,nan,nan,nan,0.0,0.0,,
full_spring,lstm,CftsConfeti,97,1,0,5194.860750205721,307.42988045067005,0.476,0.0,0.0,0.9251515437297058,0.019571244413308323,0,0,100,0.0,0.0005219797321498234,0.0,0.0004294471450547852,0.0,0.0,0.0,0.0
full_spring,lstm,CftsConfeti,98,1,0,3115.0791932159914,204.8947247528524,0.497,0.0,0.0,0.9972899361553608,0.029926213797404393,0,0,100,0.0,0.007613598080837154,0.0,0.0009108023608515097,0.0,0.0,0.0,0.0
full_spring,lstm,CftsConfeti,99,0,0,0.00019364678843041862,1.071704087978212e-05,1.0,1.0,1.0,1.433270998889213,0.948642568152757,99,1,0,nan,nan,nan,nan,0.0,0.0,,
full_spring,lstm,CftsWachter,0,0,0,5090.4714077537465,239.21754388552432,0.0,0.0,0.0,0.03849070178318863,0.9657420363531477,0,0,100,0.0,0.18626050364134364,0.0,0.08088955612037449,0.0,0.0,,
full_spring,lstm,CftsWachter,1,1,0,9984.477606238866,434.318315529264,0.001,0.0,0.0,0.025240183910595602,0.9960540235456775,0,0,100,0.0,0.16712036097959249,0.0,0.02206736695036761,0.0,0.0,0.0,0.0
full_spring,lstm,CftsWachter,2,0,0,5505.46461657635,331.71834034468736,0.0,0.0,0.0,0.023464690640210294,0.9973735775542965,0,0,100,0.0,0.2579807759731278,0.0,0.1587207837493234,0.0,0.0,,
full_spring,lstm,CftsWachter,3,0,0,15945.821800718497,727.9036381756476,0.0,0.0,0.0,0.014928446633473556,0.9643237917715899,0,0,100,0.0,0.21850400030867598,0.0,0.13271476954022549,0.0,0.0,,
full_spring,lstm,CftsWachter,4,1,0,11144.722455818383,494.66512619564594,0.0,0.0,0.0,0.020068074477492554,0.5515473816359657,0,0,100,0.0,0.015793501016268124,0.0,0.03458087518112297,0.0,0.0,0.0,0.0
full_spring,lstm,CftsWachter,5,0,0,11666.12726054096,690.3049267227188,0.001,0.0,0.0,0.013986648712421397,0.9561840045745104,0,0,100,0.0,0.11250953006508824,0.0,0.11594984265998244,0.0,0.0,,
full_spring,lstm,CftsWachter,6,0,0,6606.386871263836,302.0122859555423,0.0,0.0,0.0,0.03163074669382845,0.9870497783576581,0,0,100,0.0,0.289447171248557,0.0,0.15360045597884803,0.0,0.0,,
full_spring,lstm,CftsWachter,7,0,0,5446.824467924197,239.44906761374003,0.115,0.0,0.0,0.045470617407176825,0.3362128914058658,0,0,100,0.0,0.009771696455861184,0.0,0.014938406502388079,0.0,0.0,,
full_spring,lstm,CftsWachter,8,1,0,11565.628305024413,694.3412510224512,0.0,0.0,0.0,0.014395745655868914,0.9668156501334216,0,0,100,0.0,0.06801735053702905,0.0,0.01695824059961692,0.0,0.0,0.0,0.0
full_spring,lstm,CftsWachter,9,0,0,7325.483424750521,335.32553639810607,0.0,0.0,0.0,0.0383009028398932,0.2900420646703886,0,0,100,0.0,2.4777280036894363e-05,0.0,4.8228600165632754e-05,0.0,0.0,,
full_spring,lstm,CftsWachter,10,0,0,10456.895906103793,529.7985863481676,0.0,0.0,0.0,0.016239194935580372,0.9775396201120128,0,0,100,0.0,0.1376662164204704,0.0,0.32386660020744396,0.0,0.0,,
full_spring,lstm,CftsWachter,11,1,0,16964.20806728563,872.9519590570169,0.001,0.0,0.0,0.015618850805080808,0.982768410402143,0,0,100,0.0,0.2336070067825925,0.0,0.0784450575189542,0.0,0.0,0.0,0.0
full_spring,lstm,CftsWachter,12,1,0,8752.402970134826,452.376905666011,0.0,0.0,0.0,0.025563233500353454,0.7100663009734944,0,0,100,0.0,0.02044864140340172,0.0,0.008579100138552946,0.0,0.0,0.0,0.0
full_spring,lstm,CftsWachter,13,1,0,8716.843634245313,427.07489945649843,0.0,0.0,0.0,0.02500701791298091,0.6952263193287936,0,0,100,0.0,0.14091032871426265,0.0,0.03323838389473151,0.0,0.0,0.0,0.0
full_spring,lstm,CftsWachter,14,1,0,7748.6645195531655,413.8123345990159,0.001,0.0,0.0,0.022553270050425053,0.9840365970440151,0,0,100,0.0,0.1822615264341422,0.0,0.04143047805941713,0.0,0.0,0.0,0.0
full_spring,lstm,CftsWachter,15,1,0,7523.941786426425,348.9747825261876,0.001,0.0,0.0,0.029659546141221637,0.9888200519585073,0,0,100,0.0,0.31592145386614456,0.0,0.03053581007967791,0.0,0.0,0.0,0.0
full_spring,lstm,CftsWachter,16,1,0,12001.329303180131,659.6622722048444,0.023,0.0,0.0,0.017100010431912976,0.5119879437825244,0,0,100,0.0,0.005687421633299061,0.0,0.012310892270795943,0.0,0.0,0.0,0.0
full_spring,lstm,CftsWachter,17,1,0,13783.771749178908,636.7744957285701,0.0,0.0,0.0,0.016960290147826837,0.6155454805046952,0,0,100,0.0,0.005117178876515852,0.0,0.031375239417575286,0.0,0.0,0.0,0.0
full_spring,lstm,CftsWachter,18,1,0,8988.14515943046,399.2312351137341,0.0,0.0,0.0,0.022264740706138163,0.95875622830677,0,0,100,0.0,0.3644394827542558,0.0,0.10173868455931069,0.0,0.0,0.0,0.0
full_spring,lstm,CftsWachter,19,0,0,5263.473515035967,243.46283289925967,0.0,0.0,0.0,0.030958591005942983,0.9674646283063363,0,0,100,0.0,0.17129094241026896,0.0,0.1862889734683001,0.0,0.0,,
full_spring,lstm,CftsWachter,20,1,0,7523.199299580007,374.5898015795354,0.0,0.0,0.0,0.023803044603844317,0.9716604608533463,0,0,100,0.0,0.18291370232546134,0.0,0.07783089662462506,0.0,0.0,0.0,0.0
full_spring,lstm,CftsWachter,21,0,0,7129.873175929614,314.4311460442569,0.0,0.0,0.0,0.03141325736018636,0.9724741384415593,0,0,100,0.0,0.09198994958471515,0.0,0.015976718100050094,0.0,0.0,,
full_spring,lstm,CftsWachter,22,0,0,8965.783529460641,482.0976428497383,0.0,0.0,0.0,0.018921610019714704,0.9394178284658529,0,0,100,0.0,0.3327509832167154,0.0,0.17230832073462446,0.0,0.0,,
full_spring,lstm,CftsWachter,23,1,0,5688.847906707929,277.71969686304345,0.022,0.0,0.0,0.025144982278952066,0.8631576435917867,0,0,100,0.0,0.34899950483223835,0.0,0.16147207234995828,0.0,0.0,0.0,0.0
full_spring,lstm,CftsWachter,24,0,0,15132.665268471987,901.2641217883003,0.0,0.0,0.0,0.011930447824430382,0.9965983591497116,0,0,100,0.0,0.1275144830132641,0.0,0.25567359651034577,0.0,0.0,,
full_spring,lstm,CftsWachter,25,1,0,6180.811496164247,295.9513544969751,0.0,0.0,0.0,0.03474910043756401,0.9568905159844502,0,0,100,0.0,0.08333041349654621,0.0,0.07408187738129605,0.0,0.0,0.0,0.0
full_spring,lstm,CftsWachter,26,1,0,17367.56227460734,851.5283519800506,0.0,0.0,0.0,0.01413066077537187,0.9788092718496967,0,0,100,0.0,0.10711682850302695,0.0,0.05860375917432813,0.0,0.0,0.0,0.0
full_spring,lstm,CftsWachter,27,0,0,8094.693688617935,376.263444135543,0.0,0.0,0.0,0.01954487378560464,0.9660396720253797,0,0,100,0.0,0.30631928560814803,0.0,0.022524062071026422,0.0,0.0,,
full_spring,lstm,CftsWachter,28,1,0,6408.1568344831985,310.25476769723446,0.001,0.0,0.0,0.02539296732971683,0.9861753706802338,0,0,100,0.0,0.19916832628503287,0.0,0.15622639616897074,0.0,0.0,0.0,0.0
full_spring,lstm,CftsWachter,29,1,0,17330.725420120107,746.5249408690761,0.0,0.0,0.0,0.013856528541568266,0.994523071201726,0,0,100,0.0,0.15797683034588308,0.0,0.1322117157427316,0.0,0.0,0.0,0.0
full_spring,lstm,CftsWachter,30,1,0,9240.039807848345,452.2490337109081,0.0,0.0,0.0,0.024765593820995954,0.9403769448289053,0,0,100,0.0,0.19384692658840827,0.0,0.02728641034559253,0.0,0.0,0.0,0.0
full_spring,lstm,CftsWachter,31,0,0,11836.06732630678,644.7751016803883,0.0,0.0,0.0,0.03613082645860082,0.19707277107590773,0,0,100,0.0,0.00032289746578835374,0.0,0.00010883276109722865,0.0,0.0,,
full_spring,lstm,CftsWachter,32,1,0,13470.61387440253,593.1824062374709,0.001,0.0,0.0,0.016183193718147377,0.959187232047589,0,0,100,0.0,0.2542080500077585,0.0,0.11555401273231378,0.0,0.0,0.0,0.0
full_spring,lstm,CftsWachter,33,0,0,8523.017871151447,380.3828895519208,0.0,0.0,0.0,0.02395545840689497,0.9753533416892093,0,0,100,0.0,0.05764626693972602,0.0,0.059214945745242026,0.0,0.0,,
full_spring,lstm,CftsWachter,34,1,0,17070.786840986617,748.8830973524462,0.0,0.0,0.0,0.016029637228433754,0.7580900581837747,0,0,100,0.0,0.025663039982254582,0.0,0.023003605124646553,0.0,0.0,0.0,0.0
full_spring,lstm,CftsWachter,35,1,0,10460.39139899074,503.5306883299794,0.001,0.0,0.0,0.022797430177262046,0.9703801323913663,0,0,100,0.0,0.11259278066182482,0.0,0.01195793427738212,0.0,0.0,0.0,0.0
full_spring,lstm,CftsWachter,36,0,0,14533.812906578587,768.2392995059672,0.0,0.0,0.0,0.011902534058729432,0.9447645830420166,0,0,100,0.0,0.09086702450158268,0.0,0.10541237905062678,0.0,0.0,,
full_spring,lstm,CftsWachter,37,1,0,13766.911271369307,680.6849300273775,0.0,0.0,0.0,0.014131300663166401,0.9872270948445764,0,0,100,0.0,0.06402565660189566,0.0,0.08106952902603025,0.0,0.0,0.0,0.0
full_spring,lstm,CftsWachter,38,1,0,7619.841481126328,405.11346810373914,0.0,0.0,0.0,0.02267558487334789,0.9888633170118527,0,0,100,0.0,0.1664817564172498,0.0,0.052102149331041916,0.0,0.0,0.0,0.0
full_spring,lstm,CftsWachter,39,1,0,4514.611316042108,212.02937771355076,0.002,0.0,0.0,0.03918039196148181,0.9621637521919533,0,0,100,0.0,0.2322311037490009,0.0,0.1054292896201162,0.0,0.0,0.0,0.0
full_spring,lstm,CftsWachter,40,1,0,3274.3655784294638,201.8643232124358,0.052,0.0,0.0,0.06114817143709918,0.47709302820728416,0,0,100,0.0,0.06713542970392497,0.0,0.04072580173712265,0.0,0.0,0.0,0.0
full_spring,lstm,CftsWachter,41,1,0,8024.787683888731,346.6887713688261,0.0,0.0,0.0,0.027805566866600285,0.9767731838043348,0,0,100,0.0,0.3914040146055813,0.0,0.054216073662188176,0.0,0.0,0.0,0.0
full_spring,lstm,CftsWachter,42,1,0,9068.441748625577,568.2550962302246,0.0,0.0,0.0,0.019701905872773803,0.9983216016715836,0,0,100,0.0,0.1426581337761196,0.0,0.028755627835940885,0.0,0.0,0.0,0.0
full_spring,lstm,CftsWachter,43,1,0,16286.094989480329,759.1766607136185,0.0,0.0,0.0,0.014696002474688188,0.9942735785345619,0,0,100,0.0,0.14893249147206436,0.0,0.1158911534627421,0.0,0.0,0.0,0.0
full_spring,lstm,CftsWachter,44,1,0,15531.597356945636,702.5925133407665,0.0,0.0,0.0,0.01849775202186338,0.986244973172721,0,0,100,0.0,0.02045357808315533,0.0,0.011498587968961655,0.0,0.0,0.0,0.0
full_spring,lstm,CftsWachter,45,1,0,13003.427534893797,667.6679959456552,0.0,0.0,0.0,0.01683151628889228,0.8541765299286157,0,0,100,0.0,0.051757648974672804,0.0,0.023728507038101372,0.0,0.0,0.0,0.0
full_spring,lstm,CftsWachter,46,0,0,11103.08359485543,541.6742273096634,0.0,0.0,0.0,0.03917550826377585,0.20617908340402183,0,0,100,0.0,0.0008574155059857411,0.0,0.00045764317668565475,0.0,0.0,,
full_spring,lstm,CftsWachter,47,0,0,9032.535216428456,399.2197218426192,0.0,0.0,0.0,0.021080956660755767,0.9866026999949467,0,0,100,0.0,0.27126365978454625,0.0,0.10373246492154249,0.0,0.0,,
full_spring,lstm,CftsWachter,48,0,0,7936.918436844489,372.8838635764661,0.0,0.0,0.0,0.022021206882563166,0.968707965203269,0,0,100,0.0,0.25747428791077465,0.0,0.21169359635417254,0.0,0.0,,
full_spring,lstm,CftsWachter,49,1,0,17284.531750993916,763.583616196342,0.0,0.0,0.0,0.014407481079851847,0.994387527777973,0,0,100,0.0,0.13661750131950567,0.0,0.10270939583095287,0.0,0.0,0.0,0.0
full_spring,lstm,CftsWachter,50,0,0,6746.178674488918,322.5314307960924,0.0,0.0,0.0,0.02972760216842923,0.9821907765641525,0,0,100,0.0,0.0942352168183624,0.0,0.08686816262010376,0.0,0.0,,
full_spring,lstm,CftsWachter,51,0,0,3623.684397290177,193.51862830858224,0.105,0.0,0.0,0.06772374828440153,0.2971020194979964,0,0,100,0.0,0.05654404784013359,0.0,0.07863654147136355,0.0,0.0,,
full_spring,lstm,CftsWachter,52,0,0,15761.269248929408,822.1961556692445,0.0,0.0,0.0,0.01570735632277651,0.40412538775581847,0,0,100,0.0,3.7328410451985905e-06,0.0,2.8836855572544928e-06,0.0,0.0,,
full_spring,lstm,CftsWachter,53,1,0,4726.673112548376,314.2139776650157,0.009,0.0,0.0,0.04187096290728564,0.4257166614294495,0,0,100,0.0,0.05322908106768022,0.0,0.01095901782544068,0.0,0.0,0.0,0.0
full_spring,lstm,CftsWachter,54,1,0,5716.9887574444865,272.633594276395,0.0,0.0,0.0,0.03452326421613117,0.9778496047530157,0,0,100,0.0,0.06831280863999675,0.0,0.049467842120644805,0.0,0.0,0.0,0.0
full_spring,lstm,CftsWachter,55,0,0,12080.111214563674,574.1312029354706,0.001,0.0,0.0,0.018763835803824975,0.9624102996982213,0,0,100,0.0,0.057193953079684175,0.0,0.04260260563769904,0.0,0.0,,
full_spring,lstm,CftsWachter,56,0,0,13016.25091110019,557.7412904404621,0.0,0.0,0.0,0.017852711221578464,0.9751125864828798,0,0,100,0.0,0.2239131126079399,0.0,0.11150297522399376,0.0,0.0,,
full_spring,lstm,CftsWachter,57,0,0,10224.55552785536,478.0693622935346,0.0,0.0,0.0,0.01796560127671816,0.9810861209517399,0,0,100,0.0,0.29009305475012986,0.0,0.12529330878915318,0.0,0.0,,
full_spring,lstm,CftsWachter,58,1,0,5465.100931578652,244.16142940473233,0.0,0.0,0.0,0.035979113893383194,0.960010439762803,0,0,100,0.0,0.20063471857576295,0.0,0.2083612546777397,0.0,0.0,0.0,0.0
full_spring,lstm,CftsWachter,59,1,0,15033.624262179486,696.9309980041314,0.001,0.0,0.0,0.01889304447460553,0.9973878837557735,0,0,100,0.0,0.10953399682610436,0.0,0.06767493568906882,0.0,0.0,0.0,0.0
full_spring,lstm,CftsWachter,60,0,0,5459.924317181187,301.6226676320463,0.0,0.0,0.0,0.025916126340416717,0.9843303231654059,0,0,100,0.0,0.14335318617299442,0.0,0.04471159626432384,0.0,0.0,,
full_spring,lstm,CftsWachter,61,1,0,8674.423688255818,506.819276042572,0.0,0.0,0.0,0.018588764610483463,0.9963332565594192,0,0,100,0.0,0.2016894637874715,0.0,0.09353026157642226,0.0,0.0,0.0,0.0
full_spring,lstm,CftsWachter,62,1,0,8644.155821828153,380.91483878252865,0.0,0.0,0.0,0.023982903367395846,0.9556805853269371,0,0,100,0.0,0.20384229277719149,0.0,0.2549795040926222,0.0,0.0,0.0,0.0
full_spring,lstm,CftsWachter,63,1,0,10750.556850083758,457.30075174579923,0.0,0.0,0.0,0.02640111264449554,0.9878100675196585,0,0,100,0.0,0.22425019880893743,0.0,0.10385566804724022,0.0,0.0,0.0,0.0
full_spring,lstm,CftsWachter,64,1,0,13866.570851988505,709.8809528163722,0.001,0.0,0.0,0.014329452041673177,0.9767351495903831,0,0,100,0.0,0.20798148662047633,0.0,0.05255214707264478,0.0,0.0,0.0,0.0
full_spring,lstm,CftsWachter,65,1,0,12677.43126335626,762.1416335287792,0.002,0.0,0.0,0.01356606451123312,0.9441991345403586,0,0,100,0.0,0.168669757530226,0.0,0.03712638812874313,0.0,0.0,0.0,0.0
full_spring,lstm,CftsWachter,66,1,0,6115.324937479327,368.60699365487795,0.0,0.0,0.0,0.025856948739070525,0.6821137750274799,0,0,100,0.0,0.06378009692151182,0.0,0.05483093529439846,0.0,0.0,0.0,0.0
full_spring,lstm,CftsWachter,67,1,0,13346.26836464509,679.7677499336506,0.0,0.0,0.0,0.017409431622866484,0.9642140212350492,0,0,100,0.0,0.30157076994151566,0.0,0.13719532288078337,0.0,0.0,0.0,0.0
full_spring,lstm,CftsWachter,68,1,0,9089.577258634918,411.1236426265382,0.0,0.0,0.0,0.03262703043910428,0.3828601037053082,0,0,100,0.0,0.031005183797117298,0.0,0.02305816731256993,0.0,0.0,0.0,0.0
full_spring,lstm,CftsWachter,69,1,0,11992.503846876947,515.3440467354914,0.0,0.0,0.0,0.01773279402277949,0.985362495942092,0,0,100,0.0,0.20606315724266935,0.0,0.06701688989245534,0.0,0.0,0.0,0.0
full_spring,lstm,CftsWachter,70,1,0,4568.989945790859,207.29263942241153,0.001,0.0,0.0,0.049339890694607466,0.9791099900762308,0,0,100,0.0,0.21883798735305968,0.0,0.025239992137135365,0.0,0.0,0.0,0.0
full_spring,lstm,CftsWachter,71,0,0,12179.896496265776,523.7079483243754,0.0,0.0,0.0,0.016198242635840483,0.9913307657285,0,0,100,0.0,0.14769666823864672,0.0,0.07865039239161746,0.0,0.0,,
full_spring,lstm,CftsWachter,72,0,0,13770.071424070451,599.6010769180324,0.0,0.0,0.0,0.018256670528516147,0.9569369465793116,0,0,100,0.0,0.17571162395606044,0.0,0.025677628460025814,0.0,0.0,,
full_spring,lstm,CftsWachter,73,1,0,7844.458409416601,338.8068636358916,0.005,0.0,0.0,0.028001051263742045,0.4170937503253071,0,0,100,0.0,0.005171050587083782,0.0,0.006323662649580585,0.0,0.0,0.0,0.0
full_spring,lstm,CftsWachter,74,1,0,5748.7737501778665,282.83722885856685,0.005,0.0,0.0,0.03336427803650942,0.5085943018799653,0,0,100,0.0,0.03162052063131172,0.0,0.020149659834891667,0.0,0.0,0.0,0.0
full_spring,lstm,CftsWachter,75,1,0,10652.824569015345,480.1683604331601,0.0,0.0,0.0,0.017219299149823987,0.9856900992333781,0,0,100,0.0,0.30888312301967596,0.0,0.19933204532688203,0.0,0.0,0.0,0.0
full_spring,lstm,CftsWachter,76,0,0,4347.592252439318,186.83159481343603,0.0,0.0,0.0,0.03927890533330762,0.973722274663952,0,0,100,0.0,0.24405092283711782,0.0,0.3189279825067372,0.0,0.0,,
full_spring,lstm,CftsWachter,77,0,0,6891.260869795584,332.6748600940835,0.0,0.0,0.0,0.02650649450778259,0.9627984880296927,0,0,100,0.0,0.11334555088984477,0.0,0.06338285987092632,0.0,0.0,,
full_spring,lstm,CftsWachter,78,1,0,4503.489101468276,250.3691146006955,0.052,0.0,0.0,0.03967779469856501,0.6110402463014948,0,0,100,0.0,0.03839642311032137,0.0,0.07670903934914057,0.0,0.0,0.0,0.0
full_spring,lstm,CftsWachter,79,1,0,5439.361831910045,254.85900015339539,0.0,0.0,0.0,0.05332014402435182,0.36864478977682535,0,0,100,0.0,2.4286767741276583e-05,0.0,1.6574323256138807e-05,0.0,0.0,0.0,0.0
full_spring,lstm,CftsWachter,80,0,0,12893.260399296923,563.6273383711715,0.0,0.0,0.0,0.01585795973678724,0.9607372306577365,0,0,100,0.0,0.13538750414197043,0.0,0.07231669637296939,0.0,0.0,,
full_spring,lstm,CftsWachter,81,0,0,8056.551212615033,351.2702324225155,0.0,0.0,0.0,0.04860121321339069,0.22588138870904156,0,0,100,0.0,2.068788818095595e-06,0.0,1.4812964428356066e-06,0.0,0.0,,
full_spring,lstm,CftsWachter,82,1,0,13618.079817230206,701.8244994419198,0.0,0.0,0.0,0.01848014597666262,0.9533992825085674,0,0,100,0.0,0.0296435394282703,0.0,0.009530951603450737,0.0,0.0,0.0,0.0
full_spring,lstm,CftsWachter,83,1,0,6884.090375087015,337.4649011193323,0.0,0.0,0.0,0.026704860717592458,0.979262236739088,0,0,100,0.0,0.2909775944209675,0.0,0.1813508991730344,0.0,0.0,0.0,0.0
full_spring,lstm,CftsWachter,84,1,0,7071.7280491675265,314.10950933144323,0.0,0.0,0.0,0.033775434528925216,0.9922718906377,0,0,100,0.0,0.3752110594328308,0.0,0.1836891655479618,0.0,0.0,0.0,0.0
full_spring,lstm,CftsWachter,85,1,0,8753.010291391569,488.83929726919376,0.0,0.0,0.0,0.017548919370095603,0.9789189913490506,0,0,100,0.0,0.16850451780492562,0.0,0.0571074163267626,0.0,0.0,0.0,0.0
full_spring,lstm,CftsWachter,86,0,0,8190.338687579409,430.9117795191611,0.0,0.0,0.0,0.021589248480145855,0.9694614288134952,0,0,100,0.0,0.22483279713750265,0.0,0.1380932408825231,0.0,0.0,,
full_spring,lstm,CftsWachter,87,1,0,9588.388191788232,524.3255598777588,0.0,0.0,0.0,0.023020681840629772,0.972521919507438,0,0,100,0.0,0.0864796980853493,0.0,0.025075035905614815,0.0,0.0,0.0,0.0
full_spring,lstm,CftsWachter,88,1,0,11965.556873106345,630.516372019004,0.0,0.0,0.0,0.017715064777367284,0.686202876315781,0,0,100,0.0,0.19663053122940405,0.0,0.07922857227390737,0.0,0.0,0.0,0.0
full_spring,lstm,CftsWachter,89,1,0,7997.86684058563,365.45598396260584,0.0,0.0,0.0,0.06931590298038798,0.18283722232061642,0,0,100,0.0,0.004726600795845524,0.0,0.001565929817155544,0.0,0.0,0.0,0.0
full_spring,lstm,CftsWachter,90,1,0,20769.95989526353,1101.909552098616,0.0,0.0,0.0,0.011689171155237233,0.9975680100837192,0,0,100,0.0,0.08118770679259306,0.0,0.1092128942772872,0.0,0.0,0.0,0.0
full_spring,lstm,CftsWachter,91,0,0,4994.286722879141,229.70517311240687,0.0,0.0,0.0,0.05067994850607014,0.35558227761204725,0,0,100,0.0,0.01017093529192601,0.0,0.011424425262111708,0.0,0.0,,
full_spring,lstm,CftsWachter,92,0,0,16792.455510006082,784.5791625221722,0.0,0.0,0.0,0.011415962680689522,0.9734341200777985,0,0,100,0.0,0.052804156365084835,0.0,0.038574823707981605,0.0,0.0,,
full_spring,lstm,CftsWachter,93,1,0,18279.45265990289,844.6875429756594,0.0,0.0,0.0,0.013155873727855335,0.9658624977121486,0,0,100,0.0,0.09055646586425112,0.0,0.016239968769862258,0.0,0.0,0.0,0.0
full_spring,lstm,CftsWachter,94,0,0,7619.308088017903,336.0768009793122,0.0,0.0,0.0,0.0494222404083897,0.2545629164818688,0,0,100,0.0,0.002037968477077913,0.0,0.0010469720715207778,0.0,0.0,,
full_spring,lstm,CftsWachter,95,1,0,16044.333869536285,842.4663625568112,0.0,0.0,0.0,0.013820933401940974,0.9771250915300885,0,0,100,0.0,0.27794874966456634,0.0,0.11004231252090185,0.0,0.0,0.0,0.0
full_spring,lstm,CftsWachter,96,1,0,11146.09997781742,577.0211037996371,0.0,0.0,0.0,0.0172183285829028,0.9961173883686932,0,0,100,0.0,0.28981157005696,0.0,0.1525408994674987,0.0,0.0,0.0,0.0
full_spring,lstm,CftsWachter,97,0,0,5771.519982565923,279.37085306771456,0.002,0.0,0.0,0.03771791994318087,0.4958772216803489,0,0,100,0.0,0.030300491720930786,0.0,0.017001985702945206,0.0,0.0,,
full_spring,lstm,CftsWachter,98,1,0,8253.922076390732,387.61225319354145,0.0,0.0,0.0,0.026959010011338425,0.9777667068782536,0,0,100,0.0,0.24719317723289416,0.0,0.0065977163986282936,0.0,0.0,0.0,0.0
full_spring,lstm,CftsWachter,99,1,0,9645.206993220128,429.0323976334561,0.0,0.0,0.0,0.026710348348577488,0.9778997807135255,0,0,100,0.0,0.26371672548371616,0.0,0.03347946604971852,0.0,0.0,0.0,0.0
full_spring,lstm,NoiselessSCMRecourse,0,1,0,1901.727899741395,125.45027124372686,0.25,0.0,0.25,0.05542671425112608,0.26551923005515243,25,0,75,1.0,0.9999981179725118,0.0,0.2776744389699892,1.0,0.0,1.0,0.0
full_spring,lstm,NoiselessSCMRecourse,1,1,0,1900.6686339048613,113.12249027489362,0.252,0.0,0.25,0.0582049401190747,0.26011243587212035,25,0,75,1.0,0.9999984659653166,0.0,0.20215059777162903,1.0,0.0,1.0,0.0
full_spring,lstm,NoiselessSCMRecourse,2,1,0,3432.3486829248386,170.14052673226652,0.25,0.0,0.25,0.045022024994730785,0.40177372272636047,25,0,75,1.0,0.999997639638154,0.0,0.47761385783629173,1.0,0.0,1.0,0.0
full_spring,lstm,NoiselessSCMRecourse,3,1,0,833.221191083661,40.60418166777282,0.253,0.0,0.25,0.10918062077610068,0.23976913276150155,25,0,75,1.0,0.9999960448848434,0.0,0.39802436007976216,1.0,0.0,1.0,0.0
full_spring,lstm,NoiselessSCMRecourse,4,1,0,4357.3518171677515,250.71046727666115,0.25,0.0,0.25,0.041519261919323106,0.43330366711172613,25,0,75,1.0,0.9999964919248909,0.0,0.31727379644110065,1.0,0.0,1.0,0.0
full_spring,lstm,NoiselessSCMRecourse,5,1,0,3773.252477016736,196.40297107079388,0.25,0.0,0.25,0.04268752885092303,0.402046232098047,25,0,75,1.0,0.9999956743258765,0.0,0.3659149899366745,1.0,0.0,1.0,0.0
full_spring,lstm,NoiselessSCMRecourse,6,1,0,5524.154830599834,305.47150278573343,0.25,0.0,0.25,0.04455092080694561,0.4457138447312341,25,0,75,1.0,0.9999960256740923,0.0,0.5022711738727649,1.0,0.0,1.0,0.0
full_spring,lstm,NoiselessSCMRecourse,7,1,0,812.5288333800569,43.43938295878366,0.255,0.0,0.25,0.10873356356708534,0.2718789977960638,25,0,75,1.0,0.9999953328174921,0.0,0.343119806149392,1.0,0.0,1.0,0.0
full_spring,lstm,NoiselessSCMRecourse,8,1,0,7628.310166778257,387.9033641015277,0.25,0.0,0.25,0.03812478197248808,0.5279610225128889,25,0,75,1.0,0.9999976782059088,0.0,0.5353082869729322,1.0,0.0,1.0,0.0
full_spring,lstm,NoiselessSCMRecourse,9,1,0,3700.4202853258844,198.8277533938564,0.25,0.0,0.25,0.045185747804531495,0.3957658144606169,25,0,75,1.0,0.999997220996212,0.0,0.3084180138329699,1.0,0.0,1.0,0.0
full_spring,lstm,NoiselessSCMRecourse,10,1,0,1390.5717500546095,76.3847892984879,0.252,0.0,0.25,0.06698198594091566,0.24311412279360473,25,0,75,1.0,0.9999961014399246,0.0,0.1908763949054992,1.0,0.0,1.0,0.0
full_spring,lstm,NoiselessSCMRecourse,11,1,0,4552.544159789147,251.74343026228507,0.251,0.0,0.25,0.04187223864316926,0.3778773125733601,25,0,75,1.0,0.99999728059613,0.0,0.15694205816923876,1.0,0.0,1.0,0.0
full_spring,lstm,NoiselessSCMRecourse,12,1,0,2378.147208271934,158.01672843012182,0.251,0.0,0.25,0.04567462411028739,0.30947056352511676,25,0,75,1.0,0.9999959890446811,0.0,0.29938383659169654,1.0,0.0,1.0,0.0
full_spring,lstm,NoiselessSCMRecourse,13,1,0,5142.72298844879,276.6941029833209,0.25,0.0,0.25,0.04127739154564166,0.4132117909014592,25,0,75,1.0,0.9999957525546899,0.0,0.1853040314998794,1.0,0.0,1.0,0.0
full_spring,lstm,NoiselessSCMRecourse,14,1,0,1495.6006864623532,81.47830341530917,0.251,0.0,0.25,0.07002365865347626,0.2591069144264823,25,0,75,1.0,0.9999988491648929,0.0,0.15051274522676325,1.0,0.0,1.0,0.0
full_spring,lstm,NoiselessSCMRecourse,15,1,0,2112.9915430375663,115.5628027496603,0.25,0.0,0.25,0.05412448534095248,0.3578381277312519,25,0,75,1.0,0.9999980635251383,0.0,0.30784788424400217,1.0,0.0,1.0,0.0
full_spring,lstm,NoiselessSCMRecourse,16,1,0,1560.8519925464386,85.34030168082325,0.25,0.0,0.25,0.06621690024086066,0.28143164159864664,25,0,75,1.0,0.9999917768613367,0.0,0.2570187594325079,1.0,0.0,1.0,0.0
full_spring,lstm,NoiselessSCMRecourse,17,1,0,5726.228231271749,311.0624826042837,0.25,0.0,0.25,0.03894711680594126,0.4511386823766859,25,0,75,1.0,0.9999954596385244,0.0,0.32155097925981935,1.0,0.0,1.0,0.0
full_spring,lstm,NoiselessSCMRecourse,18,1,0,1525.3940783703304,89.60282428195808,0.251,0.0,0.25,0.06046008498823901,0.2436677185677726,25,0,75,1.0,0.9999969951734803,0.0,0.306815930962513,1.0,0.0,1.0,0.0
full_spring,lstm,NoiselessSCMRecourse,19,1,0,5206.475573156705,262.04452188526597,0.25,0.0,0.25,0.041470993794501476,0.4520037566026891,25,0,75,1.0,0.9999958561765249,0.0,0.5114372484605171,1.0,0.0,1.0,0.0
full_spring,lstm,NoiselessSCMRecourse,20,1,0,1640.917985032902,86.14926545831722,0.251,0.0,0.25,0.057981458421126286,0.28040068200387663,25,0,75,1.0,0.9999957373828054,0.0,0.31507384646519837,1.0,0.0,1.0,0.0
full_spring,lstm,NoiselessSCMRecourse,21,1,0,1492.7242820987208,77.2636344243759,0.251,0.0,0.25,0.06747708519954718,0.2748695506393789,25,0,75,1.0,0.9999955775840462,0.0,0.21724181833662135,1.0,0.0,1.0,0.0
full_spring,lstm,NoiselessSCMRecourse,22,1,0,1523.0443202021913,84.88890859417043,0.253,0.0,0.25,0.0669487185700151,0.2777317459070681,25,0,75,1.0,0.9999949489461607,0.0,0.3049643678008398,1.0,0.0,1.0,0.0
full_spring,lstm,NoiselessSCMRecourse,23,1,0,1458.9168225648054,98.9196034855842,0.25,0.0,0.25,0.05670744612776986,0.2717624008886311,25,0,75,1.0,0.9999952429862907,0.0,0.6138124972061103,1.0,0.0,1.0,0.0
full_spring,lstm,NoiselessSCMRecourse,24,1,0,3592.781626124457,188.22172681556583,0.25,0.0,0.25,0.04684932365345387,0.3946309403181736,25,0,75,1.0,0.9999915928585345,0.0,0.5306709031087262,1.0,0.0,1.0,0.0
full_spring,lstm,NoiselessSCMRecourse,25,1,0,445.4453204820118,28.135664009718614,0.503,0.0,0.5,0.14308656170984457,0.5012035436533446,50,0,50,1.0,0.9999991222948572,0.0,0.43498821210740896,1.0,0.0,1.0,0.0
full_spring,lstm,NoiselessSCMRecourse,26,1,0,5946.218644233899,311.7737608220835,0.25,0.0,0.25,0.04222734808136766,0.4265799302100058,25,0,75,1.0,0.9999943520303015,0.0,0.13968118968596058,1.0,0.0,1.0,0.0
full_spring,lstm,NoiselessSCMRecourse,27,1,0,1397.632052666211,76.1364792949334,0.258,0.0,0.25,0.0727721150774681,0.25682223240800733,25,0,75,1.0,0.9999984143022105,0.0,0.15668984462300073,1.0,0.0,1.0,0.0
full_spring,lstm,NoiselessSCMRecourse,28,1,0,611.2596982665552,32.758952504617845,0.251,0.0,0.25,0.14086149651840088,0.24433220338097958,25,0,75,1.0,0.9999988364019785,0.0,0.48165107236481197,1.0,0.0,1.0,0.0
full_spring,lstm,NoiselessSCMRecourse,29,1,0,3637.4690938867225,207.11869571848447,0.25,0.0,0.25,0.04449578586695659,0.43690718979944226,25,0,75,1.0,0.9999907459303716,0.0,0.3821119584382988,1.0,0.0,1.0,0.0
full_spring,lstm,NoiselessSCMRecourse,30,1,0,1864.6099684527471,111.24591625621684,0.25,0.0,0.25,0.05385766445112375,0.3331415573357325,25,0,75,1.0,0.9999969846701597,0.0,0.22364869576895416,1.0,0.0,1.0,0.0
full_spring,lstm,NoiselessSCMRecourse,31,1,0,1187.365267637502,68.9445690248788,0.255,0.0,0.25,0.0737163778216647,0.24364926243495363,25,0,75,1.0,0.9999992586213594,0.0,0.20871675451000085,1.0,0.0,1.0,0.0
full_spring,lstm,NoiselessSCMRecourse,32,1,0,7269.517049209704,363.7054037594312,0.25,0.0,0.25,0.03730879227309064,0.5256082081006686,25,0,75,1.0,0.9999965421692795,0.0,0.4563122305016842,1.0,0.0,1.0,0.0
full_spring,lstm,NoiselessSCMRecourse,33,1,0,1685.1819996125491,105.72582142338676,0.251,0.0,0.25,0.054971195450296724,0.27208050243126547,25,0,75,1.0,0.9999983130765082,0.0,0.33777552855741155,1.0,0.0,1.0,0.0
full_spring,lstm,NoiselessSCMRecourse,34,1,0,4807.116379122428,243.18556305934365,0.25,0.0,0.25,0.03923184030191996,0.42301098419356226,25,0,75,1.0,0.9999956549187415,0.0,0.2698896249564417,1.0,0.0,1.0,0.0
full_spring,lstm,NoiselessSCMRecourse,35,1,0,2427.4847856756396,134.73606293543153,0.251,0.0,0.25,0.05661953120296874,0.3659373610709718,25,0,75,1.0,0.9999974998605615,0.0,0.07331460287233357,1.0,0.0,1.0,0.0
full_spring,lstm,NoiselessSCMRecourse,36,1,0,2029.578605489412,119.01836071564938,0.251,0.0,0.25,0.0582089422619033,0.2866107198620752,25,0,75,1.0,0.999992447377051,0.0,0.15829089901494517,1.0,0.0,1.0,0.0
full_spring,lstm,NoiselessSCMRecourse,37,1,0,3410.404905436596,179.28758343152305,0.25,0.0,0.25,0.04624430206561739,0.3695589766894373,25,0,75,1.0,0.999997599852525,0.0,0.48893513411244,1.0,0.0,1.0,0.0
full_spring,lstm,NoiselessSCMRecourse,38,1,0,3578.3000871181052,185.23684589781212,0.25,0.0,0.25,0.04432129193643193,0.3868575589940465,25,0,75,1.0,0.9999991686389048,0.0,0.212386454848659,1.0,0.0,1.0,0.0
full_spring,lstm,NoiselessSCMRecourse,39,1,0,1550.20258977999,85.87023336184608,0.251,0.0,0.25,0.061181169373295596,0.24559824414671694,25,0,75,1.0,0.9999989351936684,0.0,0.3282633616220364,1.0,0.0,1.0,0.0
full_spring,lstm,NoiselessSCMRecourse,40,1,0,5673.930039947625,286.06230170007575,0.25,0.0,0.25,0.04019900204977832,0.45398344619522263,25,0,75,1.0,0.9999969066965592,0.0,0.38909074663864923,1.0,0.0,1.0,0.0
full_spring,lstm,NoiselessSCMRecourse,41,1,0,1719.4796706423758,90.50063931052331,0.25,0.0,0.25,0.05892410570770337,0.2669233110421284,25,0,75,1.0,0.9999978235908389,0.0,0.16954180499404856,1.0,0.0,1.0,0.0
full_spring,lstm,NoiselessSCMRecourse,42,1,0,1331.1340680008311,73.6695502526624,0.251,0.0,0.25,0.06909012326281433,0.25227488885119065,25,0,75,1.0,0.9999984846295368,0.0,0.33253724183939537,1.0,0.0,1.0,0.0
full_spring,lstm,NoiselessSCMRecourse,43,1,0,3943.1097678304045,211.45448739468011,0.25,0.0,0.25,0.04345536610602986,0.4182162418474512,25,0,75,1.0,0.9999957943125833,0.0,0.3556752913427295,1.0,0.0,1.0,0.0
full_spring,lstm,NoiselessSCMRecourse,44,1,0,1086.2353083343128,56.86854358405334,0.253,0.0,0.25,0.09659318684204224,0.24987084731462472,25,0,75,1.0,0.9999983338381373,0.0,0.26833268196869464,1.0,0.0,1.0,0.0
full_spring,lstm,NoiselessSCMRecourse,45,1,0,1020.2023566327179,60.9291422762698,0.257,0.0,0.25,0.08213298933224794,0.2595400640220119,25,0,75,1.0,0.9999958055414263,0.0,0.3151162554793333,1.0,0.0,1.0,0.0
full_spring,lstm,NoiselessSCMRecourse,46,1,0,1976.2450689089808,101.21829755335015,0.251,0.0,0.25,0.05812749658221765,0.35126077962439994,25,0,75,1.0,0.9999930263108515,0.0,0.3208748939976458,1.0,0.0,1.0,0.0
full_spring,lstm,NoiselessSCMRecourse,47,1,0,528.6180085438467,36.267034575967,0.5,0.0,0.5,0.1138919135344127,0.5072453975032433,50,0,50,1.0,0.9999986769691542,0.0,0.3864632341869773,1.0,0.0,1.0,0.0
full_spring,lstm,NoiselessSCMRecourse,48,1,0,1371.2538580569005,73.03712742232658,0.251,0.0,0.25,0.0730029471353195,0.2833550512540721,25,0,75,1.0,0.9999982584081659,0.0,0.14115323076263311,1.0,0.0,1.0,0.0
full_spring,lstm,NoiselessSCMRecourse,49,1,0,5351.207876452482,265.8538904233685,0.25,0.0,0.25,0.03600956704136368,0.44066873046431154,25,0,75,1.0,0.999992326037611,0.0,0.23048388372521678,1.0,0.0,1.0,0.0
full_spring,lstm,NoiselessSCMRecourse,50,1,0,2410.4645380847455,122.08259000723248,0.25,0.0,0.25,0.050511272297665444,0.3636648356793926,25,0,75,1.0,0.9999958110626619,0.0,0.4641381343311475,1.0,0.0,1.0,0.0
full_spring,lstm,NoiselessSCMRecourse,51,1,0,3375.083682121296,181.88959977205997,0.25,0.0,0.25,0.04834016511416668,0.3788772739290368,25,0,75,1.0,0.9999944205936532,0.0,0.2907221503810384,1.0,0.0,1.0,0.0
full_spring,lstm,NoiselessSCMRecourse,52,1,0,1110.5961987324217,74.09822454224636,0.252,0.0,0.25,0.0801427249850245,0.24377284960598186,25,0,75,1.0,0.9999938892748063,0.0,0.5072832969562933,1.0,0.0,1.0,0.0
full_spring,lstm,NoiselessSCMRecourse,53,1,0,1865.8922598703712,98.27520276910562,0.252,0.0,0.25,0.05826039720090022,0.2529874807842957,25,0,75,1.0,0.9999993562877652,0.0,0.18289884257566036,1.0,0.0,1.0,0.0
full_spring,lstm,NoiselessSCMRecourse,54,1,0,3415.5278220696828,184.32340100660488,0.25,0.0,0.25,0.044706712101705966,0.3440817347043154,25,0,75,1.0,0.9999951798798535,0.0,0.22097396901139293,1.0,0.0,1.0,0.0
full_spring,lstm,NoiselessSCMRecourse,55,1,0,1046.4009739962742,56.1663494428006,0.252,0.0,0.25,0.0839174196839007,0.24400408060546586,25,0,75,1.0,0.9999970889671379,0.0,0.3101459960150976,1.0,0.0,1.0,0.0
full_spring,lstm,NoiselessSCMRecourse,56,1,0,9087.092474051022,499.153516406197,0.25,0.0,0.25,0.04315429780886444,0.6128595697136898,25,0,75,1.0,0.9999917578542132,0.0,0.44367309324315013,1.0,0.0,1.0,0.0
full_spring,lstm,NoiselessSCMRecourse,57,1,0,3832.3715500443122,192.31594812261673,0.25,0.0,0.25,0.045171886301037786,0.3401493996493515,25,0,75,1.0,0.9999988870008308,0.0,0.28428316431862705,1.0,0.0,1.0,0.0
full_spring,lstm,NoiselessSCMRecourse,58,1,0,3259.2221168911187,171.2037287537403,0.25,0.0,0.25,0.04413821866999511,0.362742636276984,25,0,75,1.0,0.9999906634891755,0.0,0.3805287788306696,1.0,0.0,1.0,0.0
full_spring,lstm,NoiselessSCMRecourse,59,1,0,5968.772660360071,328.60732481050593,0.25,0.0,0.25,0.037943421048169855,0.4719495812752995,25,0,75,1.0,0.9999948076469137,0.0,0.36567077736586673,1.0,0.0,1.0,0.0
full_spring,lstm,NoiselessSCMRecourse,60,1,0,997.0528205397504,56.055263810861106,0.25,0.0,0.25,0.09034914285153856,0.286679649817682,25,0,75,1.0,0.9999956264425031,0.0,0.4233695308846154,1.0,0.0,1.0,0.0
full_spring,lstm,NoiselessSCMRecourse,61,1,0,1444.841970128738,82.16450633047982,0.25,0.0,0.25,0.0679112524573922,0.2890692675232476,25,0,75,1.0,0.9999963033193595,0.0,0.40692181471823163,1.0,0.0,1.0,0.0
full_spring,lstm,NoiselessSCMRecourse,62,1,0,905.5917869457526,49.291802146706075,0.252,0.0,0.25,0.09273627767594682,0.24889884237071105,25,0,75,1.0,0.9999981799556551,0.0,0.4795217336197471,1.0,0.0,1.0,0.0
full_spring,lstm,NoiselessSCMRecourse,63,1,0,517.4966150294746,37.73001090025173,0.5,0.0,0.5,0.10506348444987987,0.5706607946265082,50,0,50,1.0,0.9999985653126252,0.0,0.5492701630087189,1.0,0.0,1.0,0.0
full_spring,lstm,NoiselessSCMRecourse,64,1,0,1433.0927156265768,80.75464593712155,0.251,0.0,0.25,0.07129304606408893,0.24945554328332692,25,0,75,1.0,0.9999982315355965,0.0,0.2577811104699814,1.0,0.0,1.0,0.0
full_spring,lstm,NoiselessSCMRecourse,65,1,0,1340.8323313991723,69.46865740646335,0.251,0.0,0.25,0.07407332711938408,0.29839993395125824,25,0,75,1.0,0.9999981695145764,0.0,0.14251792197339821,1.0,0.0,1.0,0.0
full_spring,lstm,NoiselessSCMRecourse,66,1,0,344.8012317817118,22.43689623199415,0.504,0.0,0.5,0.16230020209367924,0.506616959307146,50,0,50,1.0,0.9999971901230225,0.0,0.563444660742495,1.0,0.0,1.0,0.0
full_spring,lstm,NoiselessSCMRecourse,67,1,0,6290.5230268130845,326.2602465422202,0.25,0.0,0.25,0.040458310107213125,0.4894416443294547,25,0,75,1.0,0.9999957409239214,0.0,0.29982760218370413,1.0,0.0,1.0,0.0
full_spring,lstm,NoiselessSCMRecourse,68,1,0,6714.415545040042,335.4832783202807,0.25,0.0,0.25,0.042968611084594474,0.534313726905535,25,0,75,1.0,0.9999970500361232,0.0,0.3271506305668578,1.0,0.0,1.0,0.0
full_spring,lstm,NoiselessSCMRecourse,69,1,0,578.1473089810413,39.26977900320286,0.5,0.0,0.5,0.09721712097051388,0.5369908397436203,50,0,50,1.0,0.9999961358199178,0.0,0.5636327905249571,1.0,0.0,1.0,0.0
full_spring,lstm,NoiselessSCMRecourse,70,1,0,1079.0240531953289,63.3933630474352,0.25,0.0,0.25,0.0799496300595071,0.26296914747062966,25,0,75,1.0,0.9999981264982957,0.0,0.5228660906104732,1.0,0.0,1.0,0.0
full_spring,lstm,NoiselessSCMRecourse,71,1,0,945.7328115893865,57.516058576178445,0.5,0.0,0.5,0.06718359641620615,0.5709465492816185,50,0,50,1.0,0.9999979895634504,0.0,0.509697900141463,1.0,0.0,1.0,0.0
full_spring,lstm,NoiselessSCMRecourse,72,1,0,1469.978088413141,83.88766070356505,0.254,0.0,0.25,0.06719353276453618,0.26660102186002976,25,0,75,1.0,0.9999958587540857,0.0,0.14548511558019378,1.0,0.0,1.0,0.0
full_spring,lstm,NoiselessSCMRecourse,73,1,0,5600.356200198706,275.5526691679078,0.25,0.0,0.25,0.04148754851220248,0.4966911149009263,25,0,75,1.0,0.9999964932382285,0.0,0.4732698196700891,1.0,0.0,1.0,0.0
full_spring,lstm,NoiselessSCMRecourse,74,1,0,1714.0832912463993,111.70667575855137,0.25,0.0,0.25,0.06512210888795585,0.2723170219307033,25,0,75,1.0,0.999999275048692,0.0,0.2518883908465537,1.0,0.0,1.0,0.0
full_spring,lstm,NoiselessSCMRecourse,75,1,0,2476.0433424285375,130.02459454641593,0.25,0.0,0.25,0.051573076351818556,0.3471049603374213,25,0,75,1.0,0.9999922323601125,0.0,0.37098959665112496,1.0,0.0,1.0,0.0
full_spring,lstm,NoiselessSCMRecourse,76,1,0,3603.8712942433876,190.09750257574726,0.25,0.0,0.25,0.04127405327983576,0.38664234095646216,25,0,75,1.0,0.9999967523288714,0.0,0.2947528535497223,1.0,0.0,1.0,0.0
full_spring,lstm,NoiselessSCMRecourse,77,1,0,1351.3663954273588,87.33021774956259,0.255,0.0,0.25,0.07370340898155997,0.27123383997086264,25,0,75,1.0,0.9999966100420853,0.0,0.3052585444344466,1.0,0.0,1.0,0.0
full_spring,lstm,NoiselessSCMRecourse,78,1,0,642.2448068012284,33.7918081245355,0.257,0.0,0.25,0.13180556736223464,0.2449663998873488,25,0,75,1.0,0.9999994360387633,0.0,0.4460422309608974,1.0,0.0,1.0,0.0
full_spring,lstm,NoiselessSCMRecourse,79,1,0,514.1055371747709,27.023199428369093,0.252,0.0,0.25,0.16299187303797627,0.24794944822245588,25,0,75,1.0,0.9999960798396659,0.0,0.40848846695860663,1.0,0.0,1.0,0.0
full_spring,lstm,NoiselessSCMRecourse,80,1,0,6480.902099695066,368.89931150373525,0.25,0.0,0.25,0.03763187474025652,0.5632817493354921,25,0,75,1.0,0.9999919549418543,0.0,0.48768072529302137,1.0,0.0,1.0,0.0
full_spring,lstm,NoiselessSCMRecourse,81,1,0,1789.368207158914,114.91650194341983,0.251,0.0,0.25,0.05408424779402271,0.2840142512617146,25,0,75,1.0,0.9999953863170228,0.0,0.26093741953551414,1.0,0.0,1.0,0.0
full_spring,lstm,NoiselessSCMRecourse,82,1,0,2769.9247256131553,170.14173290304328,0.25,0.0,0.25,0.04516227801092959,0.38600992035857307,25,0,75,1.0,0.9999963867407875,0.0,0.2985558645482624,1.0,0.0,1.0,0.0
full_spring,lstm,NoiselessSCMRecourse,83,1,0,3331.753470950275,175.93769419647884,0.25,0.0,0.25,0.04528649112572852,0.34365257153139983,25,0,75,1.0,0.999998135304332,0.0,0.2911680821154709,1.0,0.0,1.0,0.0
full_spring,lstm,NoiselessSCMRecourse,84,1,0,2473.1438653164923,134.22686956574717,0.25,0.0,0.25,0.04712130195574228,0.2641422464040326,25,0,75,1.0,0.9999978023188255,0.0,0.12166231651699491,1.0,0.0,1.0,0.0
full_spring,lstm,NoiselessSCMRecourse,85,1,0,1054.5352335535008,57.30773405924707,0.251,0.0,0.25,0.08242177530089588,0.2550322823695212,25,0,75,1.0,0.9999958849767707,0.0,0.4614777114320729,1.0,0.0,1.0,0.0
full_spring,lstm,NoiselessSCMRecourse,86,1,0,1416.074412533374,78.283158629456,0.251,0.0,0.25,0.07127718829371937,0.2856848748656979,25,0,75,1.0,0.9999924710551751,0.0,0.40099164956716754,1.0,0.0,1.0,0.0
full_spring,lstm,NoiselessSCMRecourse,87,1,0,3477.1423938252246,183.2594042247461,0.251,0.0,0.25,0.04485162427397165,0.3911250994138399,25,0,75,1.0,0.9999953249165513,0.0,0.1947871395696058,1.0,0.0,1.0,0.0
full_spring,lstm,NoiselessSCMRecourse,88,1,0,322.1816761664241,19.481182812508237,0.502,0.0,0.5,0.176445980824694,0.5120405723088987,50,0,50,1.0,0.9999902798850513,0.0,0.5731606210121423,1.0,0.0,1.0,0.0
full_spring,lstm,NoiselessSCMRecourse,89,1,0,3336.9581956278325,195.55289656985238,0.25,0.0,0.25,0.04313423304948529,0.35647779167120003,25,0,75,1.0,0.9999985544166591,0.0,0.2865138370736417,1.0,0.0,1.0,0.0
full_spring,lstm,NoiselessSCMRecourse,90,1,0,5553.854418232232,288.9114624025289,0.25,0.0,0.25,0.039602135873396,0.452114643214694,25,0,75,1.0,0.9999945391517767,0.0,0.1981730175546164,1.0,0.0,1.0,0.0
full_spring,lstm,NoiselessSCMRecourse,91,1,0,720.4960468227472,54.960211343849615,0.51,0.0,0.5,0.08433779568450148,0.5159862658948066,50,0,50,1.0,0.9999988104820786,0.0,0.2369487243399237,1.0,0.0,1.0,0.0
full_spring,lstm,NoiselessSCMRecourse,92,1,0,1279.557370376809,76.04032266550672,0.251,0.0,0.25,0.07207352394688467,0.28087923087577576,25,0,75,1.0,0.9999963336020031,0.0,0.2803057032522178,1.0,0.0,1.0,0.0
full_spring,lstm,NoiselessSCMRecourse,93,1,0,7563.940300355431,434.6896576847451,0.25,0.0,0.25,0.03636085975823532,0.6515123579261923,25,0,75,1.0,0.9999929615282317,0.0,0.3443690111221415,1.0,0.0,1.0,0.0
full_spring,lstm,NoiselessSCMRecourse,94,1,0,4611.955983606317,233.18653586312482,0.25,0.0,0.25,0.039933007982953364,0.4384389324415042,25,0,75,1.0,0.9999958848673395,0.0,0.4683059937677649,1.0,0.0,1.0,0.0
full_spring,lstm,NoiselessSCMRecourse,95,1,0,3625.8617654594213,186.48618374264595,0.25,0.0,0.25,0.04298649440487779,0.3727604416172037,25,0,75,1.0,0.9999904784445464,0.0,0.4479281860947004,1.0,0.0,1.0,0.0
full_spring,lstm,NoiselessSCMRecourse,96,1,0,6474.906990539405,327.258241166625,0.25,0.0,0.25,0.03883515313677169,0.45180806116554245,25,0,75,1.0,0.9999943895348206,0.0,0.4746696098445792,1.0,0.0,1.0,0.0
full_spring,lstm,NoiselessSCMRecourse,97,1,0,5140.51031798097,261.89553862276773,0.25,0.0,0.25,0.04039163110624684,0.4638116695162071,25,0,75,1.0,0.9999928934760532,0.0,0.3083408368774377,1.0,0.0,1.0,0.0
full_spring,lstm,NoiselessSCMRecourse,98,1,0,1011.520102700151,58.7241001096715,0.251,0.0,0.25,0.07912912466501164,0.2529572493351828,25,0,75,1.0,0.9999987121718173,0.0,0.2916682049301915,1.0,0.0,1.0,0.0
full_spring,lstm,NoiselessSCMRecourse,99,1,0,4762.7623835427175,245.49807240155025,0.25,0.0,0.25,0.04185920460350155,0.4405795314880199,25,0,75,1.0,0.99999679796599,0.0,0.28069275685360584,1.0,0.0,1.0,0.0
full_spring,lstm,PearlSCMRecourse,0,1,0,1751.9791646684635,138.76017964005925,0.441,0.1,0.25,0.03585255339055749,0.9590577303581683,25,0,1,0.0,0.27767422406901304,1.0,0.9999995573123499,0.0,1.0,0.0,1.0
full_spring,lstm,PearlSCMRecourse,1,1,0,1314.8594975452302,103.30247197481695,0.25,0.0,0.25,0.035824256353724604,0.9007296711162298,25,0,1,0.0,0.20215086818451725,1.0,0.9999995369698267,0.0,1.0,0.0,1.0
full_spring,lstm,PearlSCMRecourse,2,1,0,1291.5957046389935,100.47544573097882,0.252,0.0,0.25,0.03554365831158397,0.9568366252262657,25,0,1,0.0,0.4776144375173942,1.0,0.9999992194871625,0.0,1.0,0.0,1.0
full_spring,lstm,PearlSCMRecourse,3,1,0,372.9370803421323,27.645446777495675,0.254,0.0,0.25,0.035644561096803105,0.9423108037086393,25,0,1,0.0,0.398025187870848,1.0,0.9999990275945148,0.0,1.0,0.0,1.0
full_spring,lstm,PearlSCMRecourse,4,1,0,4847.571790064469,259.11550734885924,0.25,0.0,0.25,0.03651314893853319,0.8729816028073708,25,0,1,0.0,0.3172727727459173,1.0,0.9999988644521173,0.0,1.0,0.0,1.0
full_spring,lstm,PearlSCMRecourse,5,1,0,2240.136594339729,174.82575764570495,0.251,0.0,0.25,0.035290613232356285,0.985342122716199,25,0,1,0.0,0.36591294320282053,1.0,0.9999962424581504,0.0,1.0,0.0,1.0
full_spring,lstm,PearlSCMRecourse,6,1,0,4932.609039458468,277.8683660621482,0.25,0.0,0.25,0.041355685431358875,0.8071210525179814,25,0,1,0.0,0.5022720976599033,1.0,0.9999984973860444,0.0,1.0,0.0,1.0
full_spring,lstm,PearlSCMRecourse,7,1,0,267.27183601803563,20.475129010801478,0.259,0.0,0.25,0.03646428698043993,0.9990679978455391,25,0,1,0.0,0.34312082859603027,1.0,0.9999988787301993,0.0,1.0,0.0,1.0
full_spring,lstm,PearlSCMRecourse,8,1,0,6343.1804143532645,338.0073215582092,0.25,0.0,0.25,0.03984747142872544,0.8036190128495502,25,0,1,0.0,0.5353076280524476,1.0,0.9999987465253173,0.0,1.0,0.0,1.0
full_spring,lstm,PearlSCMRecourse,9,1,0,4823.983683553337,249.8775433844129,0.25,0.0,0.25,0.03911824014167009,0.8432101190327279,25,0,1,0.0,0.30841848868581245,1.0,0.9999983443011621,0.0,1.0,0.0,1.0
full_spring,lstm,PearlSCMRecourse,10,1,0,819.9622496639588,64.05990178568138,0.255,0.0,0.25,0.03640066116770317,0.94272300153903,25,0,1,0.0,0.19087586353716712,1.0,0.9999994864947869,0.0,1.0,0.0,1.0
full_spring,lstm,PearlSCMRecourse,11,1,0,4220.107585727439,244.22735483475282,0.25,0.0,0.25,0.037223078842646404,0.8458520644406811,25,0,1,0.0,0.15694250591726527,1.0,0.9999988977009653,0.0,1.0,0.0,1.0
full_spring,lstm,PearlSCMRecourse,12,1,0,1997.0061412303767,149.01160556783543,0.251,0.0,0.25,0.035298983633109564,0.9174644010612463,25,0,1,0.0,0.29938294944059707,1.0,0.9999990730656059,0.0,1.0,0.0,1.0
full_spring,lstm,PearlSCMRecourse,13,1,0,6332.733711326475,344.12307706188597,0.25,0.0,0.25,0.038746827545700024,0.8099630722738224,25,0,1,0.0,0.18530439423948167,1.0,0.9999980829114449,0.0,1.0,0.0,1.0
full_spring,lstm,PearlSCMRecourse,14,1,0,520.8746521801118,40.645701396439506,0.253,0.0,0.25,0.0355147936060976,0.9805905818249407,25,0,1,0.0,0.15051261931532664,1.0,0.9999992706863877,0.0,1.0,0.0,1.0
full_spring,lstm,PearlSCMRecourse,15,1,0,1468.7462314929132,116.83006784112911,0.253,0.0,0.25,0.035868916521406516,0.999710662951627,25,0,1,0.0,0.3078478785393384,1.0,0.9999988633053181,0.0,1.0,0.0,1.0
full_spring,lstm,PearlSCMRecourse,16,1,0,1170.5557686783013,87.00572099972926,0.25,0.0,0.25,0.03515747987249155,0.9686018498524533,25,0,1,0.0,0.2570197613718438,1.0,0.9999959314011352,0.0,1.0,0.0,1.0
full_spring,lstm,PearlSCMRecourse,17,1,0,6307.207406817651,345.5560309629355,0.25,0.0,0.25,0.03355780461292717,0.7804442494134602,25,0,1,0.0,0.32155175776778255,1.0,0.9999976298787425,0.0,1.0,0.0,1.0
full_spring,lstm,PearlSCMRecourse,18,1,0,1134.8716980743172,89.12600066404453,0.252,0.0,0.25,0.035778037446697594,0.983448058293427,25,0,1,0.0,0.30681556183072595,1.0,0.9999992918289253,0.0,1.0,0.0,1.0
full_spring,lstm,PearlSCMRecourse,19,1,0,4977.91908774585,251.09828578861743,0.25,0.0,0.25,0.03663884384400694,0.8653870246807278,25,0,1,0.0,0.5114375585375072,1.0,0.9999981540836829,0.0,1.0,0.0,1.0
full_spring,lstm,PearlSCMRecourse,20,1,0,1123.7082565517524,79.32552457910671,0.25,0.0,0.25,0.03545970387109404,0.9289256330664465,25,0,1,0.0,0.3150733238642852,1.0,0.9999991090072681,0.0,1.0,0.0,1.0
full_spring,lstm,PearlSCMRecourse,21,1,0,681.7703782984056,52.35709365087367,0.255,0.0,0.25,0.03596172267036314,0.9496127826120376,25,0,1,0.0,0.21724281294225098,1.0,0.9999992436209444,0.0,1.0,0.0,1.0
full_spring,lstm,PearlSCMRecourse,22,1,0,1047.7098139514508,83.03393213319616,0.254,0.0,0.25,0.035875873281643815,0.9945022323131469,25,0,1,0.0,0.30496325634464316,1.0,0.9999990471216003,0.0,1.0,0.0,1.0
full_spring,lstm,PearlSCMRecourse,23,1,0,1251.857415874144,98.0304170469755,0.252,0.0,0.25,0.03553856630842158,0.9944953392619511,25,0,1,0.0,0.6138106796487921,1.0,0.9999988260354787,0.0,1.0,0.0,1.0
full_spring,lstm,PearlSCMRecourse,24,1,0,2068.6059136656977,160.32139031696124,0.251,0.0,0.25,0.035679445182933735,0.9313336763678537,25,0,1,0.0,0.5306707110268545,1.0,0.9999973108058886,0.0,1.0,0.0,1.0
full_spring,lstm,PearlSCMRecourse,25,1,0,337.9166290230822,25.437462035531883,0.254,0.0,0.25,0.03564143888487689,0.9569639945252826,25,0,1,0.0,0.36818828083529365,1.0,0.9999994651977075,0.0,1.0,0.0,1.0
full_spring,lstm,PearlSCMRecourse,26,1,0,6366.578277710403,321.80955393721064,0.25,0.0,0.25,0.03875502855265221,0.7839160083419308,25,0,1,0.0,0.1396810703051992,1.0,0.9999973495845416,0.0,1.0,0.0,1.0
full_spring,lstm,PearlSCMRecourse,27,1,0,570.8225702588383,44.424082924662095,0.257,0.0,0.25,0.0355786861176136,0.9844307541323772,25,0,1,0.0,0.156690001993051,1.0,0.9999990912975978,0.0,1.0,0.0,1.0
full_spring,lstm,PearlSCMRecourse,28,1,0,322.8581328031872,25.422000606239404,0.278,0.0,0.25,0.035792654384400255,0.9763386718418211,25,0,1,0.0,0.48165102732748605,1.0,0.9999995885633879,0.0,1.0,0.0,1.0
full_spring,lstm,PearlSCMRecourse,29,1,0,4371.713016036369,223.91049329912948,0.25,0.0,0.25,0.035822190383777444,0.8519077332557978,25,0,1,0.0,0.38211326947533386,1.0,0.9999985029881799,0.0,1.0,0.0,1.0
full_spring,lstm,PearlSCMRecourse,30,1,0,1491.0610835242728,115.21376868535461,0.252,0.0,0.25,0.035680532835711716,0.9761047675429237,25,0,1,0.0,0.22364877529786628,1.0,0.9999988995623308,0.0,1.0,0.0,1.0
full_spring,lstm,PearlSCMRecourse,31,1,0,375.59532233383345,28.667874262751056,0.255,0.0,0.25,0.036229935886923796,0.9600609865856422,25,0,1,0.0,0.20871687608328413,1.0,0.9999994851146339,0.0,1.0,0.0,1.0
full_spring,lstm,PearlSCMRecourse,32,1,0,5635.519603027253,293.29785182090785,0.25,0.0,0.25,0.039129192885838354,0.8024327462732936,25,0,1,0.0,0.4563114281116162,1.0,0.9999983679747827,0.0,1.0,0.0,1.0
full_spring,lstm,PearlSCMRecourse,33,1,0,1384.178471598908,106.15665410485501,0.251,0.0,0.25,0.03606410656683366,0.9794270566398305,25,0,1,0.0,0.33777507438388066,1.0,0.9999989220766581,0.0,1.0,0.0,1.0
full_spring,lstm,PearlSCMRecourse,34,1,0,2135.77341272943,164.0108237462796,0.251,0.0,0.25,0.03552766209033491,0.9505129886568546,25,0,1,0.0,0.2698907937499634,1.0,0.9999988531500905,0.0,1.0,0.0,1.0
full_spring,lstm,PearlSCMRecourse,35,1,0,1844.4699386309326,136.75903593300612,0.252,0.0,0.25,0.03549289705359453,0.9394759302288819,25,0,1,0.0,0.07331446444525525,1.0,0.999998826886251,0.0,1.0,0.0,1.0
full_spring,lstm,PearlSCMRecourse,36,1,0,1462.7770754963462,113.61384761642779,0.25,0.0,0.25,0.03604267375102687,0.9903001275787287,25,0,1,0.0,0.1582912131992086,1.0,0.9999961979814769,0.0,1.0,0.0,1.0
full_spring,lstm,PearlSCMRecourse,37,1,0,1745.9213243884742,133.06023383507582,0.25,0.0,0.25,0.03551991133993682,0.9938848380513321,25,0,1,0.0,0.48893529459897384,1.0,0.9999991865615193,0.0,1.0,0.0,1.0
full_spring,lstm,PearlSCMRecourse,38,1,0,1184.38399954546,93.69184565199696,0.254,0.0,0.25,0.03568192696130908,0.986434113864704,25,0,1,0.0,0.2123864530585748,1.0,0.9999993601444805,0.0,1.0,0.0,1.0
full_spring,lstm,PearlSCMRecourse,39,1,0,874.041451753181,69.90668504322639,0.33,0.1,0.25,0.035687934045134415,0.9972477380529499,25,0,1,0.0,0.32826363395446606,1.0,0.9999994494239601,0.0,1.0,0.0,1.0
full_spring,lstm,PearlSCMRecourse,40,1,0,5451.1575600330325,275.3367783452116,0.25,0.0,0.25,0.03826711482218053,0.8324507675640694,25,0,1,0.0,0.3890903384909618,1.0,0.9999982425134024,0.0,1.0,0.0,1.0
full_spring,lstm,PearlSCMRecourse,41,1,0,491.6808268017545,37.766863480033955,0.254,0.0,0.25,0.03591023982436915,0.9972754495583572,25,0,1,0.0,0.16954206761292517,1.0,0.9999991385414815,0.0,1.0,0.0,1.0
full_spring,lstm,PearlSCMRecourse,42,1,0,763.0679554178024,59.160683057963084,0.256,0.0,0.25,0.03546792338405031,0.9970401885310204,25,0,1,0.0,0.3325374984207787,1.0,0.9999992787132721,0.0,1.0,0.0,1.0
full_spring,lstm,PearlSCMRecourse,43,1,0,3835.143564742609,195.721604880434,0.25,0.0,0.25,0.03440981069945299,0.8472884426463249,25,0,1,0.0,0.3556753331915492,1.0,0.9999986744726195,0.0,1.0,0.0,1.0
full_spring,lstm,PearlSCMRecourse,44,1,0,373.45988680764395,28.533414033532836,0.25,0.0,0.25,0.035738902608013684,0.9805642451806514,25,0,1,0.0,0.26833245736101063,1.0,0.9999990701035854,0.0,1.0,0.0,1.0
full_spring,lstm,PearlSCMRecourse,45,1,0,804.6632899042437,62.593855401742594,0.253,0.0,0.25,0.035814738195679055,0.9832303301758899,25,0,1,0.0,0.3151150826872417,1.0,0.9999987701952698,0.0,1.0,0.0,1.0
full_spring,lstm,PearlSCMRecourse,46,1,0,1074.9158291606177,83.41345830669837,0.257,0.0,0.25,0.035678431498644456,0.9814455291148949,25,0,1,0.0,0.32087357047175963,1.0,0.9999986530233061,0.0,1.0,0.0,1.0
full_spring,lstm,PearlSCMRecourse,47,1,0,161.95568749988342,12.588177897507762,0.27,0.0,0.25,0.03574994528429074,0.9768914011992194,25,0,1,0.0,0.22007039543696644,1.0,0.9999993434561808,0.0,1.0,0.0,1.0
full_spring,lstm,PearlSCMRecourse,48,1,0,602.6270131319377,47.11558998206034,0.256,0.0,0.25,0.03570827608758504,0.9465102718137539,25,0,1,0.0,0.14115347980524004,1.0,0.9999993659946053,0.0,1.0,0.0,1.0
full_spring,lstm,PearlSCMRecourse,49,1,0,2097.993099017323,157.51075131625524,0.251,0.0,0.25,0.03565380634512912,0.999349925752306,25,0,1,0.0,0.23048486544698968,1.0,0.9999981530274586,0.0,1.0,0.0,1.0
full_spring,lstm,PearlSCMRecourse,50,1,0,1395.375842456665,102.16699504817744,0.251,0.0,0.25,0.03529746005798533,0.958432871664638,25,0,1,0.0,0.4641397835366198,1.0,0.9999985947244822,0.0,1.0,0.0,1.0
full_spring,lstm,PearlSCMRecourse,51,1,0,1423.8783549100363,104.95422730998895,0.252,0.0,0.25,0.03580253157978835,0.91643525250166,25,0,1,0.0,0.2907216748170282,1.0,0.9999989611388375,0.0,1.0,0.0,1.0
full_spring,lstm,PearlSCMRecourse,52,1,0,1045.5039134252866,79.93987699630765,0.251,0.0,0.25,0.0355336808703187,0.9635789245339152,25,0,1,0.0,0.5072812289181107,1.0,0.9999978290366632,0.0,1.0,0.0,1.0
full_spring,lstm,PearlSCMRecourse,53,1,0,987.9187326820789,78.83922418666783,0.26,0.0,0.25,0.03577495632765749,0.9858874010165138,25,0,1,0.0,0.18289883564451345,1.0,0.999999188633403,0.0,1.0,0.0,1.0
full_spring,lstm,PearlSCMRecourse,54,1,0,4668.299396580774,237.1891423047768,0.25,0.0,0.25,0.035210334816712124,0.8686138887454837,25,0,1,0.0,0.22097440578356636,1.0,0.9999989358894775,0.0,1.0,0.0,1.0
full_spring,lstm,PearlSCMRecourse,55,1,0,581.8556971926383,41.74361097650807,0.253,0.0,0.25,0.035851896984082865,0.9728760886277684,25,0,1,0.0,0.31014692778443825,1.0,0.9999994461771206,0.0,1.0,0.0,1.0
full_spring,lstm,PearlSCMRecourse,56,1,0,10770.27995163681,586.2412528541882,0.25,0.0,0.25,0.042562244915149795,0.698002357220391,25,0,1,0.0,0.4436698017831332,1.0,0.999996359402928,0.0,1.0,0.0,1.0
full_spring,lstm,PearlSCMRecourse,57,1,0,1440.654349643976,114.92854522208475,0.256,0.0,0.25,0.03572584843943881,0.9858414464335017,25,0,1,0.0,0.28428287955581033,1.0,0.9999997881551312,0.0,1.0,0.0,1.0
full_spring,lstm,PearlSCMRecourse,58,1,0,1848.931933546764,146.14973403683112,0.253,0.0,0.25,0.035782023393632595,0.9838806078135499,25,0,1,0.0,0.3805273176657205,1.0,0.9999987696160936,0.0,1.0,0.0,1.0
full_spring,lstm,PearlSCMRecourse,59,1,0,5623.441990278246,347.27075379545687,0.251,0.0,0.25,0.0328349620873227,0.8057939937805325,25,0,1,0.0,0.3656695571095192,1.0,0.999998397360867,0.0,1.0,0.0,1.0
full_spring,lstm,PearlSCMRecourse,60,1,0,630.5168656220544,49.60204741385661,0.252,0.0,0.25,0.03578527796865864,0.978632521033153,25,0,1,0.0,0.4233687399492197,1.0,0.9999963109969093,0.0,1.0,0.0,1.0
full_spring,lstm,PearlSCMRecourse,61,1,0,1009.9501652921101,77.52104886057609,0.25,0.0,0.25,0.035410537901022235,0.970497797413709,25,0,1,0.0,0.40692231207075447,1.0,0.999998906219916,0.0,1.0,0.0,1.0
full_spring,lstm,PearlSCMRecourse,62,1,0,545.4269632339905,42.49233784150493,0.251,0.0,0.25,0.035995436552550046,0.9542893587634478,25,0,1,0.0,0.4795222500678073,1.0,0.999999437787337,0.0,1.0,0.0,1.0
full_spring,lstm,PearlSCMRecourse,63,1,0,676.0518373065073,51.46097540275349,0.251,0.0,0.25,0.03547325830351635,0.9534860320453078,25,0,1,0.0,0.15873406351551284,1.0,0.9999989980286379,0.0,1.0,0.0,1.0
full_spring,lstm,PearlSCMRecourse,64,1,0,779.9401933479195,60.39988800573787,0.253,0.0,0.25,0.035641164792963254,0.9908948031082497,25,0,1,0.0,0.2577808643851824,1.0,0.9999987951942868,0.0,1.0,0.0,1.0
full_spring,lstm,PearlSCMRecourse,65,1,0,570.1590272989761,44.3969984590213,0.262,0.0,0.25,0.03563185468169337,0.9661509912062085,25,0,1,0.0,0.14251767682122768,1.0,0.9999995192275214,0.0,1.0,0.0,1.0
full_spring,lstm,PearlSCMRecourse,66,1,0,183.00825919795722,14.3630345911885,0.252,0.0,0.25,0.035870171641651315,0.9934394297066118,25,0,1,0.0,0.19177523388646958,1.0,0.9999993653980729,0.0,1.0,0.0,1.0
full_spring,lstm,PearlSCMRecourse,67,1,0,6366.106474466918,339.8494261559792,0.25,0.0,0.25,0.03847398784832018,0.803646231144761,25,0,1,0.0,0.29982811392439646,1.0,0.9999984086615826,0.0,1.0,0.0,1.0
full_spring,lstm,PearlSCMRecourse,68,1,0,6564.2521852667,328.3769932374664,0.25,0.0,0.25,0.0384338439080449,0.7633389244022565,25,0,1,0.0,0.32715049035767374,1.0,0.9999986379844131,0.0,1.0,0.0,1.0
full_spring,lstm,PearlSCMRecourse,69,1,0,675.2118201641642,50.053864569149766,0.254,0.0,0.25,0.035589141228690384,0.9731468211154205,25,0,1,0.0,0.20173277998007258,1.0,0.999998575232945,0.0,1.0,0.0,1.0
full_spring,lstm,PearlSCMRecourse,70,1,0,869.9697649702263,65.56170750593026,0.252,0.0,0.25,0.03562205002321138,0.9944063752376278,25,0,1,0.0,0.5228659992253322,1.0,0.9999990686091899,0.0,1.0,0.0,1.0
full_spring,lstm,PearlSCMRecourse,71,1,0,757.8444445523875,59.52557868344837,0.252,0.0,0.25,0.03583543143851538,0.9178869655662772,25,0,1,0.0,0.2419477380021404,1.0,0.9999989749239502,0.0,1.0,0.0,1.0
full_spring,lstm,PearlSCMRecourse,72,1,0,466.7071266355741,37.02645080575843,0.264,0.0,0.25,0.03584797236373897,0.978043183580718,25,0,1,0.0,0.14548507631682286,1.0,0.9999990377577207,0.0,1.0,0.0,1.0
full_spring,lstm,PearlSCMRecourse,73,1,0,4843.347442115054,247.14396521884586,0.25,0.0,0.25,0.0402412956774104,0.8577663473234379,25,0,1,0.0,0.47326870404434224,1.0,0.9999982635396482,0.0,1.0,0.0,1.0
full_spring,lstm,PearlSCMRecourse,74,1,0,1693.7558696954202,128.32302147843225,0.251,0.0,0.25,0.03574556777937314,0.9624368714352003,25,0,1,0.0,0.2518884318621117,1.0,0.9999996197776888,0.0,1.0,0.0,1.0
full_spring,lstm,PearlSCMRecourse,75,1,0,1315.181613515064,104.86948921401532,0.27,0.0,0.25,0.035556875301405486,0.9991282138113934,25,0,1,0.0,0.3709914989990854,1.0,0.9999988158717692,0.0,1.0,0.0,1.0
full_spring,lstm,PearlSCMRecourse,76,1,0,1542.1087538172494,122.84877060730894,0.25,0.0,0.25,0.03557053339089005,0.9854687892274255,25,0,1,0.0,0.29475217265776915,1.0,0.9999988205426339,0.0,1.0,0.0,1.0
full_spring,lstm,PearlSCMRecourse,77,1,0,1153.0846330786692,89.79958970801763,0.252,0.0,0.25,0.035986282772108386,0.9458304877636968,25,0,1,0.0,0.3052582539344684,1.0,0.99999863445061,0.0,1.0,0.0,1.0
full_spring,lstm,PearlSCMRecourse,78,1,0,200.72565175788876,15.906489246662831,0.405,0.1,0.25,0.035803549510827,0.999046562978328,25,0,1,0.0,0.4460422971952714,1.0,0.9999997092408203,0.0,1.0,0.0,1.0
full_spring,lstm,PearlSCMRecourse,79,1,0,167.58047842250295,13.17908827199386,0.341,0.1,0.25,0.035616693825484436,0.9672775980630686,25,0,1,0.0,0.4084866283135889,1.0,0.9999966348631023,0.0,1.0,0.0,1.0
full_spring,lstm,PearlSCMRecourse,80,1,0,7258.991225438476,396.596058532726,0.25,0.0,0.25,0.034602144558767124,0.7393680951798909,25,0,1,0.0,0.48768154342155423,1.0,0.999998156162549,0.0,1.0,0.0,1.0
full_spring,lstm,PearlSCMRecourse,81,1,0,1397.478807546906,111.10040887303524,0.251,0.0,0.25,0.035864014730436315,0.954170075310995,25,0,1,0.0,0.26093755410939723,1.0,0.9999979263009027,0.0,1.0,0.0,1.0
full_spring,lstm,PearlSCMRecourse,82,1,0,2182.816185562618,170.71242784529662,0.256,0.0,0.25,0.03556346866399199,0.9535513278436524,25,0,1,0.0,0.29855547142196937,1.0,0.9999986740354486,0.0,1.0,0.0,1.0
full_spring,lstm,PearlSCMRecourse,83,1,0,1912.6961609958553,152.41622586806773,0.251,0.0,0.25,0.03562651694455516,0.977037740057786,25,0,1,0.0,0.2911680367659955,1.0,0.9999994493653229,0.0,1.0,0.0,1.0
full_spring,lstm,PearlSCMRecourse,84,1,0,1420.831664288905,109.44241520397316,0.259,0.0,0.25,0.03583368836025778,0.9933039867254161,25,0,1,0.0,0.12166252555112607,1.0,0.9999994724108938,0.0,1.0,0.0,1.0
full_spring,lstm,PearlSCMRecourse,85,1,0,606.0100984334942,46.93278455614191,0.25,0.0,0.25,0.035587655598484404,0.9795738992511078,25,0,1,0.0,0.46147841777161347,1.0,0.999999458901038,0.0,1.0,0.0,1.0
full_spring,lstm,PearlSCMRecourse,86,1,0,971.1737306488808,76.11873703763388,0.254,0.0,0.25,0.03592261742271444,0.9243963590256423,25,0,1,0.0,0.40099033580796173,1.0,0.9999992367607438,0.0,1.0,0.0,1.0
full_spring,lstm,PearlSCMRecourse,87,1,0,1990.384411562147,154.2503145893221,0.252,0.0,0.25,0.035726565514343805,0.9206740670293645,25,0,1,0.0,0.19478731695882884,1.0,0.9999990586744364,0.0,1.0,0.0,1.0
full_spring,lstm,PearlSCMRecourse,88,1,0,219.47123724237446,17.460058057302998,0.417,0.1,0.25,0.03559790605675002,0.9872468493899824,25,0,1,0.0,0.4453063802116499,1.0,0.9999967295092922,0.0,1.0,0.0,1.0
full_spring,lstm,PearlSCMRecourse,89,1,0,4201.86390161035,215.31713133362516,0.251,0.0,0.25,0.034543545030115454,0.8839087963821444,25,0,1,0.0,0.28651347684917894,1.0,0.9999991434118127,0.0,1.0,0.0,1.0
full_spring,lstm,PearlSCMRecourse,90,1,0,4519.30380339846,253.10135578169204,0.25,0.0,0.25,0.038232601824437114,0.8941745193519446,25,0,1,0.0,0.19817219890069143,1.0,0.999998047530319,0.0,1.0,0.0,1.0
full_spring,lstm,PearlSCMRecourse,91,1,0,521.0278860949927,41.21271177765602,0.253,0.0,0.25,0.03579935873152453,0.9757009370601532,25,0,1,0.0,0.46365336651493805,1.0,0.9999993203198073,0.0,1.0,0.0,1.0
full_spring,lstm,PearlSCMRecourse,92,1,0,988.6967122921567,75.98169802599351,0.25,0.0,0.25,0.035429022679674134,0.9965949502434608,25,0,1,0.0,0.2803052685250681,1.0,0.9999976954894363,0.0,1.0,0.0,1.0
full_spring,lstm,PearlSCMRecourse,93,1,0,5804.935194805461,345.10685210260084,0.25,0.0,0.25,0.03599534829855393,0.7808085262825855,25,0,1,0.0,0.344370608676935,1.0,0.9999977733622627,0.0,1.0,0.0,1.0
full_spring,lstm,PearlSCMRecourse,94,1,0,2117.2678075112094,166.26473841523958,0.255,0.0,0.25,0.035732053385559785,0.986384031070013,25,0,1,0.0,0.4683073246941821,1.0,0.9999996416574062,0.0,1.0,0.0,1.0
full_spring,lstm,PearlSCMRecourse,95,1,0,1942.820072213717,154.26139904723223,0.251,0.0,0.25,0.035818084784913135,0.9903710502004099,25,0,1,0.0,0.44792715411676504,1.0,0.9999968212779141,0.0,1.0,0.0,1.0
full_spring,lstm,PearlSCMRecourse,96,1,0,6426.586537545479,319.626623315211,0.25,0.0,0.25,0.03601171231643815,0.842214679497072,25,0,1,0.0,0.47467033488131605,1.0,0.9999979337076342,0.0,1.0,0.0,1.0
full_spring,lstm,PearlSCMRecourse,97,1,0,2461.279965061814,189.97587120754892,0.25,0.0,0.25,0.035228709690621744,0.9867124664344568,25,0,1,0.0,0.3083408870850089,1.0,0.9999983294854948,0.0,1.0,0.0,1.0
full_spring,lstm,PearlSCMRecourse,98,1,0,353.5202550645389,23.51932465759222,0.254,0.0,0.25,0.034937643202548566,0.9807417871338606,25,0,1,0.0,0.2916682019432839,1.0,0.9999983374652525,0.0,1.0,0.0,1.0
full_spring,lstm,PearlSCMRecourse,99,1,0,5412.934997692893,273.65074611866316,0.25,0.0,0.25,0.038079896873222066,0.7894671032242524,25,0,1,0.0,0.2806929634983447,1.0,0.9999964011331812,0.0,1.0,0.0,1.0
full_spring,lstm,TSCausal,0,0,1,1209.8681676588874,57.10534837026211,0.005,0.0,0.0,0.09517704612298271,0.020092319278168933,0,0,100,0.0,0.5547741991371032,0.0,0.26457864440051976,0.0,0.0,,
full_spring,lstm,TSCausal,1,0,1,1299.5587337135244,57.11125559722925,0.006,0.0,0.0,0.09887861421527726,0.01655356871757224,0,0,100,0.0,0.5597231509920878,0.0,0.1287000360027087,0.0,0.0,,
full_spring,lstm,TSCausal,2,0,1,1036.7877982824812,47.60381631204965,0.007,0.0,0.0,0.10867271813179824,0.014497627347472513,0,0,100,0.0,0.6435123775149921,0.0,0.2983249358033717,0.0,0.0,,
full_spring,lstm,TSCausal,3,0,1,593.4072913715443,24.16329056826722,0.005,0.0,0.0,0.18124012242720983,0.03372962111497112,0,0,100,0.0,0.5679274690766382,0.0,0.4012802793079655,0.0,0.0,,
full_spring,lstm,TSCausal,4,0,1,1370.7555179742085,63.201519207258706,0.007,0.0,0.0,0.08520814588156847,0.01430712252952179,0,0,100,0.0,0.681491676624535,0.0,0.4101141454274644,0.0,0.0,,
full_spring,lstm,TSCausal,5,0,1,2632.723773410617,121.4809262953309,0.008,0.0,0.0,0.06598775370837373,0.0374548615871116,0,0,100,0.0,0.4465697255364152,0.0,0.3103965150462793,0.0,0.0,,
full_spring,lstm,TSCausal,6,0,1,1604.0912525010458,71.17635668484489,0.007,0.0,0.0,0.08260330088860879,0.01407929804987936,0,0,100,0.0,0.6593106974633901,0.0,0.3846000058501688,0.0,0.0,,
full_spring,lstm,TSCausal,7,1,0,1285.3676899632014,62.73712668208258,0.006,0.0,0.0,0.08575782504233395,0.01661527039147348,0,0,100,0.0,0.5812276956116502,0.0,0.4424934509665252,0.0,0.0,0.0,0.0
full_spring,lstm,TSCausal,8,0,1,711.4053936288431,29.89503154382215,0.006,0.0,0.0,0.157534300124132,0.019061387288365466,0,0,100,0.0,0.5516726485907404,0.0,0.13848167209950715,0.0,0.0,,
full_spring,lstm,TSCausal,9,0,1,1417.8936263549035,79.1706844065224,0.008,0.0,0.0,0.0800783308375923,0.015775338060090863,0,0,100,0.0,0.6603178636008443,0.0,0.41635831556571395,0.0,0.0,,
full_spring,lstm,TSCausal,10,0,1,1311.4536577175154,57.423519544267805,0.006,0.0,0.0,0.08427251180487445,0.016480619006752444,0,0,100,0.0,0.5814449604207672,0.0,0.2845603192785459,0.0,0.0,,
full_spring,lstm,TSCausal,11,0,1,1317.1503801505137,60.78601803287167,0.007,0.0,0.0,0.10501380926223354,0.02477007822653821,0,0,100,0.0,0.5546025522582771,0.0,0.28787887283644054,0.0,0.0,,
full_spring,lstm,TSCausal,12,0,1,843.8047564479565,37.73278893661069,0.008,0.0,0.0,0.14253371276011595,0.017539379362496766,0,0,100,0.0,0.561631417277545,0.0,0.27515556016934606,0.0,0.0,,
full_spring,lstm,TSCausal,13,0,1,1505.1342198114553,68.00963820131123,0.006,0.0,0.0,0.09390927407062877,0.022107640478712883,0,0,100,0.0,0.6006249333478207,0.0,0.16073446624845242,0.0,0.0,,
full_spring,lstm,TSCausal,14,0,1,1344.7854398178533,56.776693207455686,0.006,0.0,0.0,0.09446576580056384,0.03353847612206352,0,0,100,0.0,0.42090069984426315,0.0,0.25232742171396505,0.0,0.0,,
full_spring,lstm,TSCausal,15,0,1,1271.9323361621105,59.32250804182771,0.006,0.0,0.0,0.09553617508264683,0.015653935674079383,0,0,100,0.0,0.5352740513861141,0.0,0.11217883459518718,0.0,0.0,,
full_spring,lstm,TSCausal,16,0,1,2267.441637139161,130.78368857475263,0.004,0.0,0.0,0.06316818478389931,0.04267552148534735,0,0,100,0.0,0.26192844179026986,0.0,0.32224923348031526,0.0,0.0,,
full_spring,lstm,TSCausal,17,0,1,1468.0380662757098,67.53111460882184,0.007,0.0,0.0,0.08712558785594861,0.014323675359505041,0,0,100,0.0,0.6424110940137462,0.0,0.11771355325842561,0.0,0.0,,
full_spring,lstm,TSCausal,18,0,1,706.7392660382482,28.272850152195943,0.007,0.0,0.0,0.15645163288341327,0.012329459037810468,0,0,100,0.0,0.6544949379615009,0.0,0.347381684576755,0.0,0.0,,
full_spring,lstm,TSCausal,19,0,1,983.9947270285425,46.04000957105187,0.006,0.0,0.0,0.1072591649949592,0.0186806818416079,0,0,100,0.0,0.5534743107755496,0.0,0.236612377811813,0.0,0.0,,
full_spring,lstm,TSCausal,20,0,1,922.5334915172001,45.628747447171136,0.008,0.0,0.0,0.10229683053172267,0.020961974799999804,0,0,100,0.0,0.5868645829344612,0.0,0.5073167929566721,0.0,0.0,,
full_spring,lstm,TSCausal,21,0,1,1315.2004266114309,55.348546312222524,0.007,0.0,0.0,0.10017176203578584,0.04013875439822337,0,0,100,0.0,0.31916947446694005,0.0,0.3168748060229685,0.0,0.0,,
full_spring,lstm,TSCausal,22,0,1,1283.8296433402359,58.252318595371996,0.006,0.0,0.0,0.09212762814765048,0.01488332826778685,0,0,100,0.0,0.5880317490108649,0.0,0.4324423378189518,0.0,0.0,,
full_spring,lstm,TSCausal,23,0,1,991.0085244779817,43.869427215387695,0.007,0.0,0.0,0.11291640692932813,0.01705068897816226,0,0,100,0.0,0.5453603089262385,0.0,0.30649875162480866,0.0,0.0,,
full_spring,lstm,TSCausal,24,0,1,2060.830729954052,96.07592167718661,0.006,0.0,0.0,0.07179894519506423,0.029526059842235934,0,0,100,0.0,0.4578605717401963,0.0,0.47438993941177116,0.0,0.0,,
full_spring,lstm,TSCausal,25,1,0,1134.9356876254174,50.02490756053193,0.006,0.0,0.0,0.10171922237129753,0.016339632306803034,0,0,100,0.0,0.6512230906260841,0.0,0.32429727838554057,0.0,0.0,0.0,0.0
full_spring,lstm,TSCausal,26,0,1,1624.1232082533456,70.2262082150249,0.007,0.0,0.0,0.08951560476731855,0.01760244983787448,0,0,100,0.0,0.5375782396927206,0.0,0.18474419111692336,0.0,0.0,,
full_spring,lstm,TSCausal,27,0,1,1283.5015289480232,54.72903477173901,0.007,0.0,0.0,0.09762456953028607,0.021769493175040195,0,0,100,0.0,0.44017726544720975,0.0,0.04982664869529415,0.0,0.0,,
full_spring,lstm,TSCausal,28,0,1,688.9466847027323,31.22017379019671,0.007,0.0,0.0,0.15081105684851087,0.015910224265287223,0,0,100,0.0,0.6232669008392919,0.0,0.41528660472845047,0.0,0.0,,
full_spring,lstm,TSCausal,29,0,1,2094.609620664528,99.91324275874024,0.007,0.0,0.0,0.06886065619950676,0.03083875158616371,0,0,100,0.0,0.5469317527289175,0.0,0.40698470243625123,0.0,0.0,,
full_spring,lstm,TSCausal,30,0,1,1116.2965805020124,50.16465874866471,0.007,0.0,0.0,0.10845132172017868,0.012313034609929472,0,0,100,0.0,0.5906701835227358,0.0,0.11412930008120115,0.0,0.0,,
full_spring,lstm,TSCausal,31,0,1,749.1476591470927,36.16605565664835,0.006,0.0,0.0,0.126244751369842,0.013144379643695131,0,0,100,0.0,0.635453697254416,0.0,0.21208099720443588,0.0,0.0,,
full_spring,lstm,TSCausal,32,0,1,860.0650668689525,35.848233540543006,0.006,0.0,0.0,0.1411863678604515,0.01459011342586235,0,0,100,0.0,0.6236211918824065,0.0,0.37411963363622075,0.0,0.0,,
full_spring,lstm,TSCausal,33,0,1,1555.1757491124529,83.98567121210931,0.005,0.0,0.0,0.07241932897146416,0.032608736263747884,0,0,100,0.0,0.36642705153207583,0.0,0.2654859710771167,0.0,0.0,,
full_spring,lstm,TSCausal,34,0,1,1994.09929814108,103.21230263506793,0.006,0.0,0.0,0.06916147049467072,0.03472269142914868,0,0,100,0.0,0.34871704093001904,0.0,0.1076843993918668,0.0,0.0,,
full_spring,lstm,TSCausal,35,0,1,1530.7928988750446,63.8923114444419,0.005,0.0,0.0,0.08831390431544602,0.03428772015198864,0,0,100,0.0,0.34714453564263054,0.0,0.2006186991529367,0.0,0.0,,
full_spring,lstm,TSCausal,36,0,1,1638.562384372764,74.47922899809119,0.007,0.0,0.0,0.07894283953742944,0.033619267685611784,0,0,100,0.0,0.3814575226007718,0.0,0.2381890798491709,0.0,0.0,,
full_spring,lstm,TSCausal,37,0,1,1450.9920129241605,64.37176535651325,0.006,0.0,0.0,0.08260810081802876,0.017053173904834046,0,0,100,0.0,0.6861734975793333,0.0,0.41519010011081764,0.0,0.0,,
full_spring,lstm,TSCausal,38,0,1,1255.0660711283879,52.29309132745507,0.007,0.0,0.0,0.10231308382778007,0.01578913318485276,0,0,100,0.0,0.556529745771706,0.0,0.18594466015952313,0.0,0.0,,
full_spring,lstm,TSCausal,39,0,1,1258.3953467957715,58.547960448451356,0.006,0.0,0.0,0.09083858640549462,0.0200394040340785,0,0,100,0.0,0.5871767373109438,0.0,0.3563971658389142,0.0,0.0,,
full_spring,lstm,TSCausal,40,0,1,1094.8285920510702,50.92850032483947,0.007,0.0,0.0,0.09981947642212047,0.014675952367174136,0,0,100,0.0,0.6313401909288996,0.0,0.4259744965117655,0.0,0.0,,
full_spring,lstm,TSCausal,41,0,1,1032.8813933979009,43.8137085216297,0.005,0.0,0.0,0.11272316795626353,0.04198129553632875,0,0,100,0.0,0.4053786405874306,0.0,0.08371660808298158,0.0,0.0,,
full_spring,lstm,TSCausal,42,0,1,1364.6291073679508,60.71969218038679,0.006,0.0,0.0,0.0867824521384719,0.021617833273043185,0,0,100,0.0,0.46195884359231837,0.0,0.12913885804561712,0.0,0.0,,
full_spring,lstm,TSCausal,43,0,1,1941.2522356678517,92.15785599685523,0.006,0.0,0.0,0.07501696002963766,0.02624411113581844,0,0,100,0.0,0.47253762592134946,0.0,0.1861577617424813,0.0,0.0,,
full_spring,lstm,TSCausal,44,1,0,1225.748688112704,57.73442812506827,0.008,0.0,0.0,0.08826176831118254,0.03454828965640395,0,0,100,0.0,0.48992396479054456,0.0,0.4989171644163543,0.0,0.0,0.0,0.0
full_spring,lstm,TSCausal,45,0,1,2327.33068977163,116.16988034021735,0.006,0.0,0.0,0.06513011326090927,0.035671584962359434,0,0,100,0.0,0.34962566092701947,0.0,0.320068962644329,0.0,0.0,,
full_spring,lstm,TSCausal,46,0,1,1902.4529407329321,93.63419101793367,0.005,0.0,0.0,0.0706304517349281,0.037574644742956693,0,0,100,0.0,0.40054535461683494,0.0,0.24429957079241918,0.0,0.0,,
full_spring,lstm,TSCausal,47,0,1,674.7306120698918,28.40606675037321,0.007,0.0,0.0,0.1617747580152787,0.0292661069839948,0,0,100,0.0,0.41415558097345745,0.0,0.40938475119405343,0.0,0.0,,
full_spring,lstm,TSCausal,48,0,1,758.2982414278056,30.629341786673574,0.007,0.0,0.0,0.15981903883715293,0.024956454033568307,0,0,100,0.0,0.688726898914478,0.0,0.2963861909835178,0.0,0.0,,
full_spring,lstm,TSCausal,49,0,1,1576.1209641637834,72.43519619839164,0.006,0.0,0.0,0.07693086040718382,0.024131585859129025,0,0,100,0.0,0.5524367354439395,0.0,0.25843485347591716,0.0,0.0,,
full_spring,lstm,TSCausal,50,0,1,1560.7512827651726,89.38003215398331,0.006,0.0,0.0,0.07294651430096365,0.02410446355893574,0,0,100,0.0,0.4803374443311811,0.0,0.36793076696091975,0.0,0.0,,
full_spring,lstm,TSCausal,51,0,1,1195.7573913851197,54.29951923307479,0.007,0.0,0.0,0.10050590266275708,0.02295809854285778,0,0,100,0.0,0.5658558580290457,0.0,0.24837702136039286,0.0,0.0,,
full_spring,lstm,TSCausal,52,0,1,1487.8203888628868,72.8107388030837,0.006,0.0,0.0,0.0806682676436983,0.02300601756005461,0,0,100,0.0,0.5297953419248108,0.0,0.43693053686223343,0.0,0.0,,
full_spring,lstm,TSCausal,53,0,1,1156.3051055634176,56.08244331687338,0.008,0.0,0.0,0.09328891549200508,0.01814565100512437,0,0,100,0.0,0.7225844136973639,0.0,0.12846751908962378,0.0,0.0,,
full_spring,lstm,TSCausal,54,0,1,843.4521270309071,35.27470912606332,0.007,0.0,0.0,0.13969234698912797,0.016148761124990113,0,0,100,0.0,0.6868374404310122,0.0,0.3554137671667148,0.0,0.0,,
full_spring,lstm,TSCausal,55,0,1,827.3847245163416,35.15994947632614,0.01,0.0,0.0,0.1369184871787592,0.0350501417506281,0,0,100,0.0,0.5543903717667341,0.0,0.622675299643415,0.0,0.0,,
full_spring,lstm,TSCausal,56,0,1,1103.3282446153794,49.86154189574696,0.006,0.0,0.0,0.10193136199047263,0.018608676656695133,0,0,100,0.0,0.8010891868238529,0.0,0.40280399000247025,0.0,0.0,,
full_spring,lstm,TSCausal,57,0,1,928.8110766723305,38.984549739176984,0.009,0.0,0.0,0.13074561511802724,0.021394108159806125,0,0,100,0.0,0.5213013167448108,0.0,0.4201053695021592,0.0,0.0,,
full_spring,lstm,TSCausal,58,0,1,1251.776470975728,61.53778550329001,0.009,0.0,0.0,0.08612738810958742,0.017497304682695218,0,0,100,0.0,0.6523823144827888,0.0,0.46655117011449154,0.0,0.0,,
full_spring,lstm,TSCausal,59,0,1,782.1470458574348,35.35916994081479,0.008,0.0,0.0,0.1393832841494592,0.01523669231516507,0,0,100,0.0,0.7700523555533805,0.0,0.46479260649547915,0.0,0.0,,
full_spring,lstm,TSCausal,60,0,1,1347.2924572495076,61.40782948921966,0.008,0.0,0.0,0.08848687570558822,0.02549830799849917,0,0,100,0.0,0.5295368727970138,0.0,0.3862843254767702,0.0,0.0,,
full_spring,lstm,TSCausal,61,0,1,1307.6036550774222,64.24634059493428,0.008,0.0,0.0,0.08648269930722675,0.02199996151954808,0,0,100,0.0,0.5270242611589474,0.0,0.33422640361255235,0.0,0.0,,
full_spring,lstm,TSCausal,62,0,1,1339.648520667782,65.01667076780345,0.009,0.0,0.0,0.08244885286206373,0.020643277921826873,0,0,100,0.0,0.5202923340140684,0.0,0.3793890338437081,0.0,0.0,,
full_spring,lstm,TSCausal,63,0,1,1650.7747079852684,74.79557033588311,0.006,0.0,0.0,0.07921747213355851,0.026196438713272097,0,0,100,0.0,0.4826710400865325,0.0,0.2590730534998806,0.0,0.0,,
full_spring,lstm,TSCausal,64,0,1,1390.299960567414,61.57188949192929,0.008,0.0,0.0,0.09044496584783905,0.025253253321219835,0,0,100,0.0,0.4658474646273738,0.0,0.3386770379345529,0.0,0.0,,
full_spring,lstm,TSCausal,65,0,1,1349.8110723962664,62.40472371521794,0.005,0.0,0.0,0.09082619042043227,0.02011089039969288,0,0,100,0.0,0.5066338884959543,0.0,0.19543089295958796,0.0,0.0,,
full_spring,lstm,TSCausal,66,0,1,1242.1565426008995,52.26668721762615,0.005,0.0,0.0,0.10105816209973785,0.01792439163430118,0,0,100,0.0,0.6741999290817459,0.0,0.10051804419536514,0.0,0.0,,
full_spring,lstm,TSCausal,67,0,1,1615.955216680151,70.40857775366338,0.007,0.0,0.0,0.08558193094135932,0.016347032197864122,0,0,100,0.0,0.5479686115962296,0.0,0.14854656173000758,0.0,0.0,,
full_spring,lstm,TSCausal,68,0,1,707.1560912379875,29.247756335079334,0.008,0.0,0.0,0.16218329351590613,0.014400627344611719,0,0,100,0.0,0.6250997159451577,0.0,0.4763088395564106,0.0,0.0,,
full_spring,lstm,TSCausal,69,0,1,2204.0086364168724,100.83389764393704,0.007,0.0,0.0,0.06865815189222749,0.03401188124406796,0,0,100,0.0,0.4453021405042778,0.0,0.2537691988823443,0.0,0.0,,
full_spring,lstm,TSCausal,70,0,1,1256.0616499658706,55.03738662470536,0.005,0.0,0.0,0.09710751340930453,0.01670323859959521,0,0,100,0.0,0.5390662770482576,0.0,0.17398700485225865,0.0,0.0,,
full_spring,lstm,TSCausal,71,0,1,1137.680975155216,47.75592324780097,0.006,0.0,0.0,0.0972459196228491,0.02019979733355681,0,0,100,0.0,0.6264932839440622,0.0,0.30738470175192695,0.0,0.0,,
full_spring,lstm,TSCausal,72,1,0,1407.8257286639905,61.31999842840982,0.004,0.0,0.0,0.09556352835232966,0.022292613829091146,0,0,100,0.0,0.6177299616761921,0.0,0.08306250625362664,0.0,0.0,0.0,0.0
full_spring,lstm,TSCausal,73,0,1,1436.7067135456841,68.77573724713233,0.007,0.0,0.0,0.07962172889108646,0.02241733906492384,0,0,100,0.0,0.5091769911900513,0.0,0.3062649436552405,0.0,0.0,,
full_spring,lstm,TSCausal,74,0,1,777.356045930648,35.78269262238106,0.008,0.0,0.0,0.14497954119059378,0.020613012643314707,0,0,100,0.0,0.5226716509763191,0.0,0.4563808396946322,0.0,0.0,,
full_spring,lstm,TSCausal,75,0,1,659.5688312438681,30.3121859662565,0.01,0.0,0.0,0.16881303075949136,0.010568228765334446,0,0,100,0.0,0.6932654579546544,0.0,0.5401876121552758,0.0,0.0,,
full_spring,lstm,TSCausal,76,0,1,1264.662626621512,57.71090156992578,0.008,0.0,0.0,0.09166299278018573,0.017018795703763752,0,0,100,0.0,0.6164695662472696,0.0,0.4918796754705628,0.0,0.0,,
full_spring,lstm,TSCausal,77,0,1,1517.7491603633562,73.09655314423001,0.005,0.0,0.0,0.07929774194745445,0.02572412551750407,0,0,100,0.0,0.453862532169066,0.0,0.35669991971568477,0.0,0.0,,
full_spring,lstm,TSCausal,78,0,1,403.84242939954305,16.380386492153477,0.007,0.0,0.0,0.2708734773047463,0.016702427612928138,0,0,100,0.0,0.5532690916173998,0.0,0.15662076528973587,0.0,0.0,,
full_spring,lstm,TSCausal,79,0,1,1100.7158052206196,54.12896193153656,0.007,0.0,0.0,0.09473862138018849,0.01967849263660827,0,0,100,0.0,0.5379644255344296,0.0,0.30559835961368836,0.0,0.0,,
full_spring,lstm,TSCausal,80,0,1,1710.6465715686682,84.87975301072609,0.005,0.0,0.0,0.07523377915205438,0.02931837037152096,0,0,100,0.0,0.4691349713609065,0.0,0.43022110588889445,0.0,0.0,,
full_spring,lstm,TSCausal,81,0,1,1803.2703639864576,84.69346516442667,0.006,0.0,0.0,0.07459439882176845,0.01782521347602788,0,0,100,0.0,0.5922305707374534,0.0,0.39465395391796626,0.0,0.0,,
full_spring,lstm,TSCausal,82,0,1,1057.3988689664766,45.676339998835445,0.006,0.0,0.0,0.10912664229488446,0.014487640745777703,0,0,100,0.0,0.6462409001225187,0.0,0.14645721331161654,0.0,0.0,,
full_spring,lstm,TSCausal,83,0,1,931.9813226942789,41.191324135737666,0.005,0.0,0.0,0.11818355370156058,0.01903891570737224,0,0,100,0.0,0.47622747915105595,0.0,0.3213182319189851,0.0,0.0,,
full_spring,lstm,TSCausal,84,0,1,1258.6738376998003,58.64272830432481,0.007,0.0,0.0,0.09034783802227035,0.019897626229975904,0,0,100,0.0,0.5375436031274865,0.0,0.3654162671599561,0.0,0.0,,
full_spring,lstm,TSCausal,85,0,1,1232.1531051726326,58.28740356973657,0.008,0.0,0.0,0.09214499998945971,0.016649139343102467,0,0,100,0.0,0.7070255908043869,0.0,0.2744717993827572,0.0,0.0,,
full_spring,lstm,TSCausal,86,0,1,969.3490931364453,44.235662358853,0.008,0.0,0.0,0.12062596189369222,0.013766768152355448,0,0,100,0.0,0.7548508742204217,0.0,0.5045229024719471,0.0,0.0,,
full_spring,lstm,TSCausal,87,0,1,1185.0249447008218,47.987435856581975,0.005,0.0,0.0,0.10890486323288835,0.016710655226616647,0,0,100,0.0,0.6398249744546405,0.0,0.3455080972894487,0.0,0.0,,
full_spring,lstm,TSCausal,88,1,0,2111.6333771346162,110.42956228248624,0.007,0.0,0.0,0.06916904744893153,0.0326079721773573,0,0,100,0.0,0.5568194406880294,0.0,0.24765444420940613,0.0,0.0,0.0,0.0
full_spring,lstm,TSCausal,89,0,1,800.8685847819903,36.08077603640428,0.006,0.0,0.0,0.13859482921254465,0.011286194687455094,0,0,100,0.0,0.5770651504084018,0.0,0.3271752618576092,0.0,0.0,,
full_spring,lstm,TSCausal,90,0,1,2438.6029654909353,113.4927481181762,0.007,0.0,0.0,0.06780382379598769,0.030998453417577072,0,0,100,0.0,0.45078735496110317,0.0,0.3712303642953909,0.0,0.0,,
full_spring,lstm,TSCausal,91,0,1,1009.0331221451843,44.82086195768149,0.005,0.0,0.0,0.11277705188797645,0.01614016934874645,0,0,100,0.0,0.5633680296413875,0.0,0.2842871705153604,0.0,0.0,,
full_spring,lstm,TSCausal,92,0,1,771.0067627666465,36.053096559498584,0.007,0.0,0.0,0.1317807472337575,0.023554190961164474,0,0,100,0.0,0.6979333146507779,0.0,0.2803384259769463,0.0,0.0,,
full_spring,lstm,TSCausal,93,0,1,1326.2017382962158,59.55183467554774,0.006,0.0,0.0,0.09074194461134001,0.02467918224804859,0,0,100,0.0,0.5164769100646139,0.0,0.1617583150738424,0.0,0.0,,
full_spring,lstm,TSCausal,94,0,1,1585.2531567059664,75.51750169359897,0.005,0.0,0.0,0.07842667250720971,0.016983843487386262,0,0,100,0.0,0.6044170731868314,0.0,0.1448610185438489,0.0,0.0,,
full_spring,lstm,TSCausal,95,0,1,1583.78261232576,71.43999150727785,0.006,0.0,0.0,0.08002125168872552,0.018209590988092494,0,0,100,0.0,0.6143759736408625,0.0,0.25992223824889804,0.0,0.0,,
full_spring,lstm,TSCausal,96,0,1,1366.4557640634584,64.92724411787346,0.007,0.0,0.0,0.08346897526772393,0.019183989195275516,0,0,100,0.0,0.6397708327597187,0.0,0.35226903641958457,0.0,0.0,,
full_spring,lstm,TSCausal,97,0,1,1024.256801235228,44.8293591263495,0.007,0.0,0.0,0.1087661416881269,0.01283722322192424,0,0,100,0.0,0.7846591680662542,0.0,0.3158760315231929,0.0,0.0,,
full_spring,lstm,TSCausal,98,0,1,1464.5677600003419,67.32625072619902,0.006,0.0,0.0,0.08216268559581667,0.037857606300566796,0,0,100,0.0,0.37962797124726555,0.0,0.02544636389021875,0.0,0.0,,
full_spring,lstm,TSCausal,99,0,1,1666.4132687742745,77.53935376846877,0.005,0.0,0.0,0.08341861949029986,0.016104003489986363,0,0,100,0.0,0.5779527723035646,0.0,0.09491771606968195,0.0,0.0,,
