benchmark,classifier,method,instance,validity,no_cf_found,proximity_l1,proximity_l2,sparsity,sparsity_channels,sparsity_timepoints,trsi,scm_noise_plausibility,intervention_t,vacuous,do_complexity,cf_faith_rollout_hard,cf_faith_rollout_soft,cf_faith_pearl_hard,cf_faith_pearl_soft,cf_faith_rollout_hard_valid,cf_faith_pearl_hard_valid,cf_faith_rollout_hard_given_valid,cf_faith_pearl_hard_given_valid
full_nl,lstm,CftsCOMTE,0,1,0,268.6357793479732,22.149720490294264,0.8,0.8,0.0,1.7677514366265763,0.19959468431011515,0,0,100,0.0,0.6865179297696566,0.0,0.7644218524844096,0.0,0.0,0.0,0.0
full_nl,lstm,CftsCOMTE,1,1,0,132.27481088430503,15.906259065872694,0.9,0.9,0.0,1.790373048058088,0.3746128560670785,0,0,100,0.0,0.7541562085191149,0.0,0.8744143258235876,0.0,0.0,0.0,0.0
full_nl,lstm,CftsCOMTE,2,1,0,200.07341111741738,18.90634752073979,0.8,0.8,0.0,1.112411974679655,0.3699193753061866,0,0,100,0.0,0.7463277185877102,0.0,0.8222619767307977,0.0,0.0,0.0,0.0
full_nl,lstm,CftsCOMTE,3,1,0,202.81070149863143,19.10869461989026,0.801,0.8,0.0,1.1087202560211722,0.374417859206098,0,0,100,0.0,0.7515480787848267,0.0,0.8200572523986007,0.0,0.0,0.0,0.0
full_nl,lstm,CftsCOMTE,4,1,0,262.6841061196441,21.655094171864697,0.8,0.8,0.0,1.763088338114161,0.20665742636815992,0,0,100,0.0,0.6862314320392616,0.0,0.7687538305751406,0.0,0.0,0.0,0.0
full_nl,lstm,CftsCOMTE,5,1,0,403.16944124468955,27.971927527652717,0.7,0.7,0.0,1.6748947839886628,0.12341633442535317,0,0,100,0.0,0.19919833030443937,0.0,0.19610856023112405,0.0,0.0,0.0,0.0
full_nl,lstm,CftsCOMTE,6,1,0,132.18890138018656,16.002707914959466,0.901,0.9,0.01,1.854896310979916,0.38124810942918097,0,0,100,0.0,0.7661637549168993,0.0,0.8768700329304989,0.0,0.0,0.0,0.0
full_nl,lstm,CftsCOMTE,7,1,0,345.2104364518389,26.32866214124946,0.701,0.7,0.0,1.196312222989281,0.20982145622290255,0,0,100,0.0,0.4525395532794192,0.0,0.44865888835362666,0.0,0.0,0.0,0.0
full_nl,lstm,CftsCOMTE,8,1,0,132.37791551685427,16.061755566084617,0.9,0.9,0.0,1.8701889540807024,0.37396373900518454,0,0,100,0.0,0.765264088597035,0.0,0.8763613049140065,0.0,0.0,0.0,0.0
full_nl,lstm,CftsCOMTE,9,1,0,40.077397163796824,3.8576643382283917,0.801,0.8,0.0,1.1686438938510952,0.838495842719412,0,0,100,0.0,0.8796744958723438,0.0,0.960388637426724,0.0,0.0,0.0,0.0
full_nl,lstm,CftsCOMTE,10,1,0,132.9356248357642,16.14740286045472,0.9,0.9,0.0,1.805816991945302,0.37579003832562,0,0,100,0.0,0.33896540033018496,0.0,0.8534122114298068,0.0,0.0,0.0,0.0
full_nl,lstm,CftsCOMTE,11,1,0,267.7787928362769,22.113574284501954,0.8,0.8,0.0,1.7797308458444956,0.19874575944600661,0,0,100,0.0,0.6881762386843515,0.0,0.7649042375008354,0.0,0.0,0.0,0.0
full_nl,lstm,CftsCOMTE,12,1,0,345.27634058393807,26.380373491285795,0.7,0.7,0.0,1.1629126517059931,0.21881372697380502,0,0,100,0.0,0.443561226793563,0.0,0.4462135304905647,0.0,0.0,0.0,0.0
full_nl,lstm,CftsCOMTE,13,1,0,201.22675335370843,19.09673953035676,0.8,0.8,0.0,1.1182263189203459,0.3796804378314771,0,0,100,0.0,0.7541288042636694,0.0,0.8213024451514584,0.0,0.0,0.0,0.0
full_nl,lstm,CftsCOMTE,14,1,0,257.34651518229293,21.444037188893216,0.8,0.8,0.0,1.7910715082174289,0.20561599946541742,0,0,100,0.0,0.6841001390527286,0.0,0.7726298901659303,0.0,0.0,0.0,0.0
full_nl,lstm,CftsCOMTE,15,1,0,44.746374852763154,4.2630217752159005,0.802,0.8,0.0,1.1565787212163716,0.815220208299497,0,0,100,0.0,0.8756510897849987,0.0,0.9561314012708995,0.0,0.0,0.0,0.0
full_nl,lstm,CftsCOMTE,16,1,0,379.714669082421,27.5123719262718,0.7,0.7,0.0,1.4937183855857936,0.15075314939715237,0,0,100,0.0,0.15590662070044403,0.0,0.1582846970667597,0.0,0.0,0.0,0.0
full_nl,lstm,CftsCOMTE,17,1,0,347.9175304146725,26.49304293721078,0.7,0.7,0.0,1.1683876673331595,0.2108202262385039,0,0,100,0.0,0.4497781908084332,0.0,0.45163975886199786,0.0,0.0,0.0,0.0
full_nl,lstm,CftsCOMTE,18,1,0,416.9212507815098,28.643299643450458,0.7,0.7,0.0,1.6792754549727813,0.11069039451434952,0,0,100,0.0,0.33908996978509387,0.0,0.34345565968518876,0.0,0.0,0.0,0.0
full_nl,lstm,CftsCOMTE,19,1,0,133.20517996305057,16.2258078215795,0.901,0.9,0.01,1.8385055681035656,0.37145662037188576,0,0,100,0.0,0.7824169329066903,0.0,0.8743421556567205,0.0,0.0,0.0,0.0
full_nl,lstm,CftsCOMTE,20,1,0,427.6020239150572,29.02664416464936,0.7,0.7,0.0,1.678679426302837,0.10868531500593749,0,0,100,0.0,0.3334265059884675,0.0,0.3374144537216546,0.0,0.0,0.0,0.0
full_nl,lstm,CftsCOMTE,21,1,0,25.417831386314752,4.7920402038789875,0.9,0.9,0.0,1.3915319073473056,0.8340516025776656,0,0,100,0.0,0.8401438542920822,0.0,0.9748870236927287,0.0,0.0,0.0,0.0
full_nl,lstm,CftsCOMTE,22,1,0,256.05546478376846,21.62619473361852,0.8,0.8,0.0,1.749333892042582,0.2142167140408811,0,0,100,0.0,0.6873253973658132,0.0,0.7725533334625709,0.0,0.0,0.0,0.0
full_nl,lstm,CftsCOMTE,23,1,0,259.7588490138988,21.751052189654335,0.8,0.8,0.0,1.7675797691860171,0.21095305116844668,0,0,100,0.0,0.6929333726287129,0.0,0.7695421959437317,0.0,0.0,0.0,0.0
full_nl,lstm,CftsCOMTE,24,1,0,133.96031602301832,16.35577791757638,0.9,0.9,0.0,1.837318061712228,0.37424920071352247,0,0,100,0.0,0.7760246332391991,0.0,0.8751588598682921,0.0,0.0,0.0,0.0
full_nl,lstm,CftsCOMTE,25,1,0,339.6793668107589,26.106971579741952,0.7,0.7,0.0,1.1771267786699728,0.2147880544205383,0,0,100,0.0,0.44162605134418975,0.0,0.45557287922286765,0.0,0.0,0.0,0.0
full_nl,lstm,CftsCOMTE,26,1,0,130.28063172008285,16.0074944397581,0.9,0.9,0.0,1.8456294924638743,0.37401646717424886,0,0,100,0.0,0.33305939636107634,0.0,0.3420139362461758,0.0,0.0,0.0,0.0
full_nl,lstm,CftsCOMTE,27,1,0,272.63781043766005,22.44068232201085,0.8,0.8,0.0,1.7809149417115964,0.19680803538909253,0,0,100,0.0,0.6917623205394269,0.0,0.7613684565511297,0.0,0.0,0.0,0.0
full_nl,lstm,CftsCOMTE,28,1,0,18.321590988705815,2.8147425565481483,0.901,0.9,0.01,1.3333480527712345,0.9371174124708223,0,0,100,0.0,0.8700758057667737,0.0,0.9821233200681263,0.0,0.0,0.0,0.0
full_nl,lstm,CftsCOMTE,29,1,0,359.91181601171627,27.157666037710783,0.7,0.7,0.0,1.162010037203283,0.2103528066023153,0,0,100,0.0,0.44614538262075165,0.0,0.4625176635199925,0.0,0.0,0.0,0.0
full_nl,lstm,CftsCOMTE,30,1,0,17.77071715323598,2.8155513568019024,0.9,0.9,0.0,1.4471026814684058,0.9646083499034901,0,0,99,0.0,0.8729198831790552,0.0,0.9824199578923489,0.0,0.0,0.0,0.0
full_nl,lstm,CftsCOMTE,31,1,0,202.1576733122011,19.194811172491196,0.8,0.8,0.0,1.136482502049772,0.3793524937421043,0,0,100,0.0,0.7530833871488934,0.0,0.8194416050777424,0.0,0.0,0.0,0.0
full_nl,lstm,CftsCOMTE,32,1,0,432.6945031967535,29.36432041342495,0.7,0.7,0.0,1.7578399029558318,0.10980424729923968,0,0,100,0.0,0.2348696411178008,0.0,0.22084438725760577,0.0,0.0,0.0,0.0
full_nl,lstm,CftsCOMTE,33,1,0,417.9669073064489,28.6116927812177,0.7,0.7,0.0,1.6818934276988302,0.11044629867919223,0,0,100,0.0,0.3435135315240213,0.0,0.34588418304790763,0.0,0.0,0.0,0.0
full_nl,lstm,CftsCOMTE,34,1,0,130.90262078245541,15.90117321251288,0.9,0.9,0.0,1.8100002057284317,0.3825515955252479,0,0,100,0.0,0.7694903714024476,0.0,0.8763924246836362,0.0,0.0,0.0,0.0
full_nl,lstm,CftsCOMTE,35,1,0,271.3929949174483,22.274032227380513,0.8,0.8,0.0,1.7661827692871035,0.1996341476306121,0,0,100,0.0,0.6929614748455379,0.0,0.7621963962331665,0.0,0.0,0.0,0.0
full_nl,lstm,CftsCOMTE,36,1,0,132.509235056498,16.105730387835102,0.9,0.9,0.0,1.8323146166397069,0.3687876429817456,0,0,100,0.0,0.7756025546187562,0.0,0.8764469856137462,0.0,0.0,0.0,0.0
full_nl,lstm,CftsCOMTE,37,1,0,201.38768861652235,19.106222268203766,0.8,0.8,0.0,1.137600618146668,0.3792739577601708,0,0,100,0.0,0.7483864685931505,0.0,0.8210972959264278,0.0,0.0,0.0,0.0
full_nl,lstm,CftsCOMTE,38,1,0,18.658073358270123,2.696768514866926,0.9,0.9,0.0,1.3681354852538603,0.9609814090273086,0,0,100,0.0,0.876612795031164,0.0,0.9817517433618194,0.0,0.0,0.0,0.0
full_nl,lstm,CftsCOMTE,39,1,0,127.12711529947354,15.412503314796362,0.9,0.9,0.0,1.8019846631811622,0.38765453687361257,0,0,100,0.0,0.7576393746613493,0.0,0.8774015832665508,0.0,0.0,0.0,0.0
full_nl,lstm,CftsCOMTE,40,1,0,258.2004215223032,21.703608156305492,0.8,0.8,0.0,1.7460755338189025,0.21213436520769616,0,0,100,0.0,0.6903234951624554,0.0,0.7709148809023517,0.0,0.0,0.0,0.0
full_nl,lstm,CftsCOMTE,41,1,0,414.87032541293627,28.48406369507988,0.7,0.7,0.0,1.68296714346493,0.11175254027695133,0,0,100,0.0,0.34550187776334756,0.0,0.34856499683711334,0.0,0.0,0.0,0.0
full_nl,lstm,CftsCOMTE,42,1,0,131.7029160819571,16.060216825473752,0.9,0.9,0.0,1.836039386364767,0.37031902448413656,0,0,100,0.0,0.7816164378116384,0.0,0.8735839727545212,0.0,0.0,0.0,0.0
full_nl,lstm,CftsCOMTE,43,1,0,201.3027470386653,19.11902027140452,0.8,0.8,0.0,1.1345571709557603,0.37639302564196603,0,0,100,0.0,0.7510984774156143,0.0,0.8213316042740106,0.0,0.0,0.0,0.0
full_nl,lstm,CftsCOMTE,44,1,0,132.0847812577017,16.04909540052815,0.9,0.9,0.0,1.8301156362013233,0.3681017659541913,0,0,100,0.0,0.774819792584033,0.0,0.8766526799081202,0.0,0.0,0.0,0.0
full_nl,lstm,CftsCOMTE,45,1,0,134.0385257405394,16.317003626759067,0.901,0.9,0.01,1.8372913510924993,0.3681288061577781,0,0,100,0.0,0.7794832095376312,0.0,0.8741624862661169,0.0,0.0,0.0,0.0
full_nl,lstm,CftsCOMTE,46,1,0,413.15751508232944,28.410032009942025,0.7,0.7,0.0,1.6819579278674182,0.11307164174996134,0,0,100,0.0,0.3454358892387723,0.0,0.3497991489366915,0.0,0.0,0.0,0.0
full_nl,lstm,CftsCOMTE,47,1,0,397.11322028591974,27.493063752135996,0.7,0.7,0.0,1.7045866115192945,0.22879539791183326,0,0,100,0.0,0.6059265348596066,0.0,0.6724911000581427,0.0,0.0,0.0,0.0
full_nl,lstm,CftsCOMTE,48,1,0,18.445463990352685,2.9555262388284858,0.901,0.9,0.01,1.491638476066084,0.947468152605146,0,0,100,0.0,0.8620246565583677,0.0,0.9816584422351767,0.0,0.0,0.0,0.0
full_nl,lstm,CftsCOMTE,49,1,0,21.397445060281818,4.074036505606227,0.9,0.9,0.0,1.342491647760683,0.9291884051667367,0,0,100,0.0,0.8634352912466928,0.0,0.9788074141130404,0.0,0.0,0.0,0.0
full_nl,lstm,CftsCOMTE,50,1,0,258.83103017409957,21.52931968257408,0.8,0.8,0.0,1.7694367881035933,0.20269101169403955,0,0,100,0.0,0.6767175127091224,0.0,0.7717688898891276,0.0,0.0,0.0,0.0
full_nl,lstm,CftsCOMTE,51,1,0,198.98145861211174,18.987273706551974,0.8,0.8,0.0,1.1405919977115009,0.37362127269499495,0,0,100,0.0,0.7506927706490593,0.0,0.8234283457273878,0.0,0.0,0.0,0.0
full_nl,lstm,CftsCOMTE,52,1,0,46.37128204889619,5.492799753809976,0.801,0.8,0.0,1.1999389914418448,0.7595440961973721,0,0,100,0.0,0.8668951718146392,0.0,0.9544644337447054,0.0,0.0,0.0,0.0
full_nl,lstm,CftsCOMTE,53,1,0,414.77793734151976,28.496878142126896,0.7,0.7,0.0,1.6820219624591553,0.11043408865812965,0,0,100,0.0,0.3368466705143745,0.0,0.34420053543085183,0.0,0.0,0.0,0.0
full_nl,lstm,CftsCOMTE,54,1,0,203.77161098434627,19.052393444867313,0.8,0.8,0.0,1.0986244891960786,0.3834217477680751,0,0,100,0.0,0.7537078429935047,0.0,0.8195504361619519,0.0,0.0,0.0,0.0
full_nl,lstm,CftsCOMTE,55,1,0,196.94104576216708,18.748265160788314,0.8,0.8,0.0,1.1425819823197507,0.3759215233665521,0,0,100,0.0,0.7494146553825194,0.0,0.8248088232221956,0.0,0.0,0.0,0.0
full_nl,lstm,CftsCOMTE,56,1,0,259.9464934385406,21.80162840302445,0.8,0.8,0.0,1.7588812843783346,0.2154419060570211,0,0,100,0.0,0.34500996286871266,0.0,0.34703113020075826,0.0,0.0,0.0,0.0
full_nl,lstm,CftsCOMTE,57,1,0,256.8211113615011,21.405552490087885,0.8,0.8,0.0,1.7691391437679205,0.2106681551812831,0,0,100,0.0,0.6855730013356934,0.0,0.7714731006859442,0.0,0.0,0.0,0.0
full_nl,lstm,CftsCOMTE,58,1,0,202.1490565583598,19.11228961342899,0.8,0.8,0.0,1.136091265161957,0.3834919902236063,0,0,100,0.0,0.755210021019974,0.0,0.8205210165428942,0.0,0.0,0.0,0.0
full_nl,lstm,CftsCOMTE,59,1,0,411.46998276854794,28.328908877885315,0.7,0.7,0.0,1.6825098141773083,0.11301896008542477,0,0,100,0.0,0.34860842719696306,0.0,0.3527246087395344,0.0,0.0,0.0,0.0
full_nl,lstm,CftsCOMTE,60,1,0,342.0205365239667,26.30139775948635,0.7,0.7,0.0,1.186398877438958,0.21572543421340065,0,0,100,0.0,0.438053607606566,0.0,0.45417588641241297,0.0,0.0,0.0,0.0
full_nl,lstm,CftsCOMTE,61,1,0,345.7800619621453,26.419109630197674,0.7,0.7,0.0,1.1583085904154182,0.21806841391973775,0,0,100,0.0,0.4427210809018215,0.0,0.44072548453768307,0.0,0.0,0.0,0.0
full_nl,lstm,CftsCOMTE,62,1,0,429.6794338327751,29.059242633643773,0.701,0.7,0.0,1.7436592968449154,0.10986288533076631,0,0,100,0.0,0.23117617786673691,0.0,0.23088494514362962,0.0,0.0,0.0,0.0
full_nl,lstm,CftsCOMTE,63,1,0,350.9753854263002,26.706343956138898,0.7,0.7,0.0,1.1973470404209237,0.2076951813748163,0,0,100,0.0,0.44599701032779626,0.0,0.4470456163973229,0.0,0.0,0.0,0.0
full_nl,lstm,CftsCOMTE,64,1,0,398.8175363460216,27.832173504308383,0.701,0.7,0.0,1.6401831552485124,0.12906191611198625,0,0,100,0.0,0.19122068633178785,0.0,0.1906798248114083,0.0,0.0,0.0,0.0
full_nl,lstm,CftsCOMTE,65,1,0,409.0944644275997,28.247441920695035,0.7,0.7,0.0,1.6812126943056236,0.11322268462211428,0,0,100,0.0,0.34626939709088456,0.0,0.3506119222248178,0.0,0.0,0.0,0.0
full_nl,lstm,CftsCOMTE,66,1,0,257.76691963952885,21.226199478210816,0.8,0.8,0.0,1.7664235412302522,0.2126216157910017,0,0,100,0.0,0.6750303504789229,0.0,0.7725868494208771,0.0,0.0,0.0,0.0
full_nl,lstm,CftsCOMTE,67,1,0,57.099640577893055,4.648958579285461,0.701,0.7,0.0,1.196381230711723,0.9189747990690452,0,0,100,0.0,0.8864892520806514,0.0,0.9447297264577295,0.0,0.0,0.0,0.0
full_nl,lstm,CftsCOMTE,68,1,0,412.76991772875374,28.347156436799526,0.7,0.7,0.0,1.6846101594554035,0.11204948613779693,0,0,100,0.0,0.34685022011494543,0.0,0.34730340079598193,0.0,0.0,0.0,0.0
full_nl,lstm,CftsCOMTE,69,1,0,42.14579647705595,4.864532153802845,0.803,0.8,0.0,1.2001445864541267,0.8147998908573445,0,0,100,0.0,0.8688079555934716,0.0,0.9584040756699389,0.0,0.0,0.0,0.0
full_nl,lstm,CftsCOMTE,70,1,0,62.652512364103174,5.3371808234015905,0.703,0.7,0.0,1.1932371572936986,0.8392274451297826,0,0,100,0.0,0.8716320276655009,0.0,0.9386893358159494,0.0,0.0,0.0,0.0
full_nl,lstm,CftsCOMTE,71,1,0,260.8142454524687,21.792825935813653,0.8,0.8,0.0,1.7626560164439289,0.21148832854202376,0,0,100,0.0,0.6871839628396073,0.0,0.7685257277515861,0.0,0.0,0.0,0.0
full_nl,lstm,CftsCOMTE,72,1,0,430.27284783616483,29.265094104612228,0.7,0.7,0.0,1.751986865427843,0.10983271229979089,0,0,100,0.0,0.23340917737601224,0.0,0.218202752988492,0.0,0.0,0.0,0.0
full_nl,lstm,CftsCOMTE,73,1,0,197.59124113766916,18.76279828570275,0.8,0.8,0.0,1.1413658485630256,0.3823901233504124,0,0,100,0.0,0.753401223860588,0.0,0.8242682456380584,0.0,0.0,0.0,0.0
full_nl,lstm,CftsCOMTE,74,1,0,430.9086124187578,28.91824077856285,0.7,0.7,0.0,1.7245132622459398,0.11143627564081718,0,0,100,0.0,0.23775702261206366,0.0,0.230765755176411,0.0,0.0,0.0,0.0
full_nl,lstm,CftsCOMTE,75,1,0,202.36577506578692,19.050070275845336,0.8,0.8,0.0,1.1067641568365363,0.37158374746288153,0,0,100,0.0,0.7466216810702472,0.0,0.8205548294679663,0.0,0.0,0.0,0.0
full_nl,lstm,CftsCOMTE,76,1,0,134.77677846671511,16.2651934251079,0.9,0.9,0.0,1.819872030241953,0.3663928161238711,0,0,100,0.0,0.77230956492946,0.0,0.873451301571024,0.0,0.0,0.0,0.0
full_nl,lstm,CftsCOMTE,77,1,0,258.87528996693834,21.640058220738236,0.8,0.8,0.0,1.7541592890634838,0.2135105527795356,0,0,100,0.0,0.6839652723792771,0.0,0.7697423501312606,0.0,0.0,0.0,0.0
full_nl,lstm,CftsCOMTE,78,1,0,41.3312443270499,4.130507568219616,0.801,0.8,0.0,1.2473534361076,0.8318356672920127,0,0,100,0.0,0.873859413345503,0.0,0.9590450192930777,0.0,0.0,0.0,0.0
full_nl,lstm,CftsCOMTE,79,1,0,133.18658631560695,16.20228267881015,0.9,0.9,0.0,1.8438632478150596,0.37966641007055263,0,0,100,0.0,0.7801607933924388,0.0,0.8740114947703185,0.0,0.0,0.0,0.0
full_nl,lstm,CftsCOMTE,80,1,0,196.7782504231909,18.7338329593629,0.8,0.8,0.0,1.1434020172392276,0.3761573273351257,0,0,100,0.0,0.7491812834645339,0.0,0.8246811485564073,0.0,0.0,0.0,0.0
full_nl,lstm,CftsCOMTE,81,1,0,411.17479191886554,28.269997661930503,0.701,0.7,0.0,1.6850321418074465,0.11317725034855831,0,0,100,0.0,0.3443971684520998,0.0,0.3492012768585739,0.0,0.0,0.0,0.0
full_nl,lstm,CftsCOMTE,82,1,0,252.9984433399806,21.101883656541677,0.801,0.8,0.0,1.7332882859648853,0.21781395491194272,0,0,100,0.0,0.6781615952609896,0.0,0.762768830150795,0.0,0.0,0.0,0.0
full_nl,lstm,CftsCOMTE,83,1,0,420.01238510655094,28.536317384676018,0.7,0.7,0.0,1.7075321886485197,0.11290422896075906,0,0,100,0.0,0.20670619684446737,0.0,0.19866404374104654,0.0,0.0,0.0,0.0
full_nl,lstm,CftsCOMTE,84,1,0,261.4012918195621,21.856608206645745,0.8,0.8,0.0,1.7682826861654857,0.2078070743772452,0,0,100,0.0,0.34790360314386765,0.0,0.3486581518311634,0.0,0.0,0.0,0.0
full_nl,lstm,CftsCOMTE,85,1,0,269.13055979574614,22.098148638772592,0.8,0.8,0.0,1.770455023587145,0.20001953290962945,0,0,100,0.0,0.6887930566998712,0.0,0.7639768271088075,0.0,0.0,0.0,0.0
full_nl,lstm,CftsCOMTE,86,1,0,36.95323185662164,3.7490380057283903,0.801,0.8,0.0,1.2417621828255936,0.8718535580142941,0,0,100,0.0,0.8831835475408061,0.0,0.9633061257505277,0.0,0.0,0.0,0.0
full_nl,lstm,CftsCOMTE,87,1,0,130.40713092603738,15.825707539829953,0.9,0.9,0.0,1.785481655151103,0.3751217115603817,0,0,100,0.0,0.7586770711917444,0.0,0.8775211792307352,0.0,0.0,0.0,0.0
full_nl,lstm,CftsCOMTE,88,1,0,266.07115155022393,21.976107650854726,0.8,0.8,0.0,1.7742555263321966,0.19894228801694208,0,0,100,0.0,0.6885302458836272,0.0,0.7659566298833085,0.0,0.0,0.0,0.0
full_nl,lstm,CftsCOMTE,89,1,0,199.58625681424195,18.912265830626065,0.8,0.8,0.0,1.1277144575251568,0.37680222682286074,0,0,100,0.0,0.7496005870102571,0.0,0.8224474919778464,0.0,0.0,0.0,0.0
full_nl,lstm,CftsCOMTE,90,1,0,197.25659989689018,18.759390926871596,0.8,0.8,0.0,1.143901759287724,0.3778623601237381,0,0,100,0.0,0.7514016148317146,0.0,0.8243583829493925,0.0,0.0,0.0,0.0
full_nl,lstm,CftsCOMTE,91,1,0,201.11224468244146,19.133715697519705,0.8,0.8,0.0,1.1407990349519015,0.372228112288981,0,0,100,0.0,0.7466631655967121,0.0,0.8217749228575898,0.0,0.0,0.0,0.0
full_nl,lstm,CftsCOMTE,92,1,0,265.28012955848715,22.204181152447823,0.8,0.8,0.0,1.7390930822768866,0.2026674104945377,0,0,100,0.0,0.6873550189613674,0.0,0.76678616544407,0.0,0.0,0.0,0.0
full_nl,lstm,CftsCOMTE,93,1,0,130.33265215356863,15.977597853159978,0.9,0.9,0.0,1.8315846399563835,0.3724324782903224,0,0,100,0.0,0.7651229249728726,0.0,0.8765379184371737,0.0,0.0,0.0,0.0
full_nl,lstm,CftsCOMTE,94,1,0,265.100745371396,21.924425059632693,0.8,0.8,0.0,1.7829383089338902,0.19695215866739774,0,0,100,0.0,0.6880036498936608,0.0,0.7666793837610993,0.0,0.0,0.0,0.0
full_nl,lstm,CftsCOMTE,95,1,0,200.8578819105403,19.0093992836851,0.801,0.8,0.0,1.1313697357594756,0.38367942168183083,0,0,100,0.0,0.7567174923847462,0.0,0.8217115218697711,0.0,0.0,0.0,0.0
full_nl,lstm,CftsCOMTE,96,1,0,407.1614356537735,28.019358815806225,0.7,0.7,0.0,1.6848551419366735,0.11313137572661104,0,0,100,0.0,0.3479495526811265,0.0,0.3512613204927491,0.0,0.0,0.0,0.0
full_nl,lstm,CftsCOMTE,97,1,0,129.31176823664708,15.816816686452785,0.9,0.9,0.0,1.844915538835041,0.368053225916662,0,0,100,0.0,0.7795952857152421,0.0,0.8792902782732449,0.0,0.0,0.0,0.0
full_nl,lstm,CftsCOMTE,98,1,0,43.15675547740403,4.429470622702262,0.804,0.8,0.0,1.2565539215759687,0.8428966485602298,0,0,100,0.0,0.8740143361563715,0.0,0.9579262862392729,0.0,0.0,0.0,0.0
full_nl,lstm,CftsCOMTE,99,1,0,265.4463967646784,22.04360939755098,0.8,0.8,0.0,1.7856544208144682,0.19882656304270238,0,0,100,0.0,0.6921309221724223,0.0,0.7669980311212621,0.0,0.0,0.0,0.0
full_nl,lstm,CftsCels,0,0,0,0.10602709457820653,0.020009867149589335,0.966,0.0,0.73,1.6585040448855222,0.9982259519796894,16,0,35,0.0,0.8818640370748562,1.0,0.9998762742738144,0.0,0.0,,
full_nl,lstm,CftsCels,1,1,0,6.362199543827963,2.3323863887702014,0.93,0.0,0.87,1.1099799968010549,0.919863457872801,87,0,13,0.0,0.7470325172677261,0.0,0.9522338020984993,0.0,0.0,0.0,0.0
full_nl,lstm,CftsCels,2,1,0,18.36061512625044,3.5179307809272657,0.876,0.0,0.67,1.117727284261,0.8732449708952319,14,0,35,0.0,0.8752459302924416,0.0,0.9788774243948491,0.0,0.0,0.0,0.0
full_nl,lstm,CftsCels,3,1,0,20.10300825910626,4.275816360523241,0.864,0.0,0.62,1.0852539424646408,0.9027555039282249,2,0,47,0.0,0.8823094392268531,0.0,0.9796938045411124,0.0,0.0,0.0,0.0
full_nl,lstm,CftsCels,4,1,0,13.057334522196888,3.1670801531646338,0.936,0.0,0.83,1.3073043546002376,0.9335243985183953,82,0,18,0.0,0.8200980873033512,0.0,0.9300034511859502,0.0,0.0,0.0,0.0
full_nl,lstm,CftsCels,5,1,0,19.26458400330336,4.169609698748601,0.906,0.0,0.7,1.1033677516802427,0.9047224672138532,63,0,28,0.0,0.46541212576331464,0.0,0.9492584888664759,0.0,0.0,0.0,0.0
full_nl,lstm,CftsCels,6,1,0,7.644760511904089,2.6325512034575147,0.921,0.0,0.88,1.1523051679275553,0.9543704487232979,88,0,12,0.0,0.8759597730063622,0.0,0.9384441917830022,0.0,0.0,0.0,0.0
full_nl,lstm,CftsCels,7,1,0,19.95493995862198,3.999877168886318,0.861,0.0,0.53,1.1513619530682209,0.8387317584286623,12,0,52,0.0,0.8679304842864106,0.0,0.9775804115396127,0.0,0.0,0.0,0.0
full_nl,lstm,CftsCels,8,1,0,7.882025989768737,2.7592062084608577,0.918,0.0,0.86,1.1552084063691863,0.955206054010057,86,0,14,0.0,0.8707833539251929,0.0,0.9453557775626102,0.0,0.0,0.0,0.0
full_nl,lstm,CftsCels,9,1,0,3.665884923839671,1.0922959207886718,0.965,0.0,0.9,1.0469961423131664,0.9666290274082434,84,0,12,0.0,0.9003645905321009,0.0,0.9773860160740386,0.0,0.0,0.0,0.0
full_nl,lstm,CftsCels,10,1,0,6.566224891702388,2.31132077274834,0.936,0.0,0.89,1.1250543848185695,0.995556361647952,88,0,11,0.0,0.848947644262036,0.0,0.9468885644144623,0.0,0.0,0.0,0.0
full_nl,lstm,CftsCels,11,0,0,0.13378405724410652,0.03073960855069167,0.962,0.2,0.73,1.6913931038318646,0.9657211593278574,13,0,31,0.0,0.8731810358484485,1.0,0.9998482910826305,0.0,0.0,,
full_nl,lstm,CftsCels,12,1,0,21.19593705761876,4.184435122348405,0.855,0.0,0.48,1.1161501451653382,0.897520385531913,5,0,56,0.0,0.8808276452635732,0.0,0.9779347727781589,0.0,0.0,0.0,0.0
full_nl,lstm,CftsCels,13,1,0,19.252861774314773,3.905441366522591,0.869,0.0,0.59,1.1395500143007882,0.8982548544736594,11,0,43,0.0,0.8828585505192634,0.0,0.9786008663750997,0.0,0.0,0.0,0.0
full_nl,lstm,CftsCels,14,0,0,0.08329230869066268,0.013912815330594968,0.966,0.0,0.7,1.5150612398243284,0.963818754232167,0,0,33,0.0,0.8666489603851589,1.0,0.9999031439826315,0.0,0.0,,
full_nl,lstm,CftsCels,15,1,0,4.0299927354810325,0.8680498274520231,0.952,0.0,0.87,1.2661189637937398,0.9754233401506007,84,0,14,0.0,0.8322595091080447,0.0,0.9751670180543331,0.0,0.0,0.0,0.0
full_nl,lstm,CftsCels,16,1,0,20.301681088853975,4.084049302635577,0.87,0.1,0.66,1.1328698425550041,0.9165667933031831,30,0,38,0.0,0.3848824567719829,0.0,0.9714149265447348,0.0,0.0,0.0,0.0
full_nl,lstm,CftsCels,17,1,0,19.125881695522743,3.7773010707335213,0.873,0.0,0.6,1.1415459281303002,0.8441272335435523,15,0,44,0.0,0.8719564907463102,0.0,0.9777516319906792,0.0,0.0,0.0,0.0
full_nl,lstm,CftsCels,18,0,0,0.029209417611651585,0.0073178690271431335,0.989,0.5,0.9,1.6550883538999999,0.9989148360476364,60,0,14,0.0,0.8641236381773506,1.0,0.9999175638716599,0.0,0.0,,
full_nl,lstm,CftsCels,19,1,0,5.8683173664449,2.128744939033162,0.936,0.0,0.89,1.1110132676138813,0.9635700194668709,88,0,11,0.0,0.8759553101353628,0.0,0.9523632918634748,0.0,0.0,0.0,0.0
full_nl,lstm,CftsCels,20,0,0,0.1019849946287032,0.017990409837768544,0.965,0.0,0.74,1.632285939142935,0.9960527283894687,18,0,33,0.0,0.8765702681966858,1.0,0.9998740663343572,0.0,0.0,,
full_nl,lstm,CftsCels,21,1,0,7.563174852355439,1.6596267873320665,0.949,0.0,0.87,1.3437176150753385,0.9352977056932892,84,0,15,0.0,0.8081524458788882,0.0,0.9508429898196196,0.0,0.0,0.0,0.0
full_nl,lstm,CftsCels,22,1,0,7.274702429397267,2.504517168139506,0.928,0.0,0.89,1.1305732855115869,0.9426438034469787,88,0,11,0.0,0.8612478267704055,0.0,0.9413109176353516,0.0,0.0,0.0,0.0
full_nl,lstm,CftsCels,23,1,0,6.049518584001196,2.1207236049210745,0.941,0.0,0.9,1.1192308211011557,0.9370490252861,90,0,10,0.0,0.8527880163126105,0.0,0.9414468591386037,0.0,0.0,0.0,0.0
full_nl,lstm,CftsCels,24,1,0,7.5139320795511795,2.59130014319249,0.93,0.0,0.89,1.149035942939738,0.9397346058843451,88,0,11,0.0,0.8560575162845357,0.0,0.9394930719430374,0.0,0.0,0.0,0.0
full_nl,lstm,CftsCels,25,1,0,20.17304715042571,4.078503648351107,0.858,0.0,0.51,1.1235186887054949,0.8499785774519197,5,0,53,0.0,0.8730669708621069,0.0,0.9789844552975421,0.0,0.0,0.0,0.0
full_nl,lstm,CftsCels,26,1,0,6.727544143991152,2.511508349567423,0.932,0.0,0.88,1.1132064897969833,0.9454060859751751,88,0,12,0.0,0.852669212793151,0.0,0.9455929121743021,0.0,0.0,0.0,0.0
full_nl,lstm,CftsCels,27,0,0,0.10873635548730501,0.0194752541197932,0.962,0.0,0.73,1.59992533793697,0.9821664714943327,16,0,30,0.0,0.8884158951606639,1.0,0.9998725756947967,0.0,0.0,,
full_nl,lstm,CftsCels,28,1,0,2.2588191422661903,1.3790394225283267,0.957,0.0,0.92,1.0436033138473892,0.971752420084628,92,0,8,0.0,0.8817506858479262,0.0,0.9722348722111027,0.0,0.0,0.0,0.0
full_nl,lstm,CftsCels,29,1,0,21.219115068693863,3.93521780028734,0.849,0.0,0.46,1.123047657022606,0.8825830495300441,0,0,56,0.0,0.8823315685452748,0.0,0.9790051535138318,0.0,0.0,0.0,0.0
full_nl,lstm,CftsCels,30,1,0,1.8830394369573968,0.5272962979444622,0.969,0.0,0.92,1.0030665870740816,0.9755234322573095,92,0,8,0.0,0.863990499212722,0.0,0.976270430665616,0.0,0.0,0.0,0.0
full_nl,lstm,CftsCels,31,1,0,19.831591141618155,3.9427250064606834,0.875,0.1,0.59,1.1062005934973058,0.9124724990461055,0,0,48,0.0,0.8828791948037411,0.0,0.9803642478130787,0.0,0.0,0.0,0.0
full_nl,lstm,CftsCels,32,0,0,0.09719575279998653,0.01842817209013202,0.968,0.0,0.82,1.6521470947707242,0.9661774322467277,23,0,20,0.0,0.8757494073788034,1.0,0.9998730157840509,0.0,0.0,,
full_nl,lstm,CftsCels,33,0,0,0.02094224428318244,0.005228282352985198,0.991,0.4,0.92,1.6823166373858136,0.9566360051369627,0,0,9,0.0,0.890198759960336,1.0,0.9999764827582949,0.0,0.0,,
full_nl,lstm,CftsCels,34,1,0,6.181509210941074,2.274506031905775,0.935,0.0,0.89,1.10170210776892,0.9799008723403917,88,0,11,0.0,0.8406588665376726,0.0,0.9499350565044605,0.0,0.0,0.0,0.0
full_nl,lstm,CftsCels,35,0,0,0.046461091177605704,0.009643469784722544,0.982,0.2,0.86,1.5844826267798515,0.9480060434010531,57,0,17,0.0,0.880255431249374,1.0,0.9998948116188339,0.0,0.0,,
full_nl,lstm,CftsCels,36,1,0,6.0075683566200615,2.17845593271441,0.939,0.0,0.9,1.1124050200484517,0.9352225985255675,90,0,10,0.0,0.8637748881459683,0.0,0.9418163527992318,0.0,0.0,0.0,0.0
full_nl,lstm,CftsCels,37,1,0,21.42970353330333,4.282507855058744,0.85,0.0,0.52,1.1381490250792128,0.9112321278052734,3,0,58,0.0,0.8789460786707085,0.0,0.9781512770483384,0.0,0.0,0.0,0.0
full_nl,lstm,CftsCels,38,1,0,5.491840391564217,1.2697177836260634,0.959,0.0,0.91,1.0570422666788024,0.9846777405053918,57,0,10,0.0,0.8847053659411704,0.0,0.9873159999772079,0.0,0.0,0.0,0.0
full_nl,lstm,CftsCels,39,1,0,6.667056295280227,2.627417006469361,0.935,0.0,0.89,1.1037187773137531,0.9830536411131227,89,0,11,0.0,0.8586568727828142,0.0,0.9413298470111658,0.0,0.0,0.0,0.0
full_nl,lstm,CftsCels,40,1,0,6.948209858802789,2.53074147993528,0.93,0.0,0.89,1.1358082610086857,0.9334956543425026,89,0,11,0.0,0.8564978282289987,0.0,0.9389621879574767,0.0,0.0,0.0,0.0
full_nl,lstm,CftsCels,41,0,0,0.10861917973201367,0.01900574302630594,0.971,0.0,0.79,1.699396325984259,0.9996171029090568,14,0,29,0.0,0.8773913803479959,1.0,0.9998785302497163,0.0,0.0,,
full_nl,lstm,CftsCels,42,1,0,7.341597743858055,2.557209423715601,0.926,0.0,0.88,1.1420704785812636,0.9433377746195462,88,0,12,0.0,0.8497682903971855,0.0,0.9408270962602551,0.0,0.0,0.0,0.0
full_nl,lstm,CftsCels,43,1,0,19.25285297179951,3.625502817979841,0.874,0.0,0.65,1.1421348567850296,0.9297716051342345,2,0,40,0.0,0.8825734989098016,0.0,0.9805429447796294,0.0,0.0,0.0,0.0
full_nl,lstm,CftsCels,44,1,0,6.779938016509345,2.4488288354618226,0.935,0.0,0.9,1.1226794037308843,0.9302402574054026,90,0,10,0.0,0.8588623102261881,0.0,0.934659914114192,0.0,0.0,0.0,0.0
full_nl,lstm,CftsCels,45,1,0,6.456593839689758,2.3263716767176055,0.935,0.0,0.9,1.1131296471300007,0.9633133266597016,90,0,10,0.0,0.8539364968562904,0.0,0.9376480171487501,0.0,0.0,0.0,0.0
full_nl,lstm,CftsCels,46,1,0,13.563368055417014,3.3446193753545366,0.925,0.0,0.71,1.4627899705059964,0.9072616814330753,32,0,33,0.0,0.8500123881384245,0.0,0.9802511566679873,0.0,0.0,0.0,0.0
full_nl,lstm,CftsCels,47,0,0,0.13853715520495014,0.044391203818690016,0.967,0.0,0.72,1.7792186902491345,0.9915921861360621,20,0,35,0.0,0.8590420377730154,1.0,0.9998232110423703,0.0,0.0,,
full_nl,lstm,CftsCels,48,1,0,1.0780638030440683,0.2761691724448278,0.968,0.1,0.9,1.2726983787800514,0.9998753892952056,84,0,12,0.0,0.8904762758414225,0.0,0.993063580488853,0.0,0.0,0.0,0.0
full_nl,lstm,CftsCels,49,1,0,4.621594934598396,1.1299257565565244,0.955,0.0,0.88,1.0900189113097958,0.986902375067241,46,0,14,0.0,0.8753597230499697,0.0,0.9914805187668787,0.0,0.0,0.0,0.0
full_nl,lstm,CftsCels,50,1,0,13.567525339291624,3.3687726900556387,0.921,0.0,0.66,1.4573243873532626,0.8474985978640615,24,0,43,0.0,0.8377859630581656,0.0,0.9823021602710444,0.0,0.0,0.0,0.0
full_nl,lstm,CftsCels,51,1,0,20.338445669664825,4.038884379265388,0.848,0.1,0.42,1.13730489763055,0.8884858815707937,0,0,64,0.0,0.8811275183984926,0.0,0.9798676710039189,0.0,0.0,0.0,0.0
full_nl,lstm,CftsCels,52,1,0,2.8726080003016192,1.5270049226549083,0.956,0.0,0.92,1.068487880950441,0.9710208730733556,90,0,9,0.0,0.8983198938666798,0.0,0.9717519824314318,0.0,0.0,0.0,0.0
full_nl,lstm,CftsCels,53,0,0,0.1148461112393679,0.01816187658463347,0.958,0.0,0.65,1.576611166886002,0.9885050992122648,13,0,43,0.0,0.8816406463516298,1.0,0.9998715061311076,0.0,0.0,,
full_nl,lstm,CftsCels,54,1,0,20.788592973857877,4.043984703625184,0.854,0.1,0.52,1.0951036833583474,0.9066615795073696,4,0,51,0.0,0.883204669504346,0.0,0.978580510776732,0.0,0.0,0.0,0.0
full_nl,lstm,CftsCels,55,1,0,18.975979927680417,3.9056344482304706,0.875,0.0,0.65,1.1258000991891257,0.9009978918621686,14,0,39,0.0,0.8754748038986659,0.0,0.9781710979336917,0.0,0.0,0.0,0.0
full_nl,lstm,CftsCels,56,1,0,6.855068538604605,2.5657186392620908,0.924,0.0,0.87,1.1127431481735375,0.9834644155385024,87,0,13,0.0,0.8148931300260897,0.0,0.9486935850037288,0.0,0.0,0.0,0.0
full_nl,lstm,CftsCels,57,1,0,7.1904335186564285,2.5189494168685704,0.928,0.0,0.88,1.1407855437658274,0.9259642997661294,88,0,12,0.0,0.8530316721622196,0.0,0.9419546336347382,0.0,0.0,0.0,0.0
full_nl,lstm,CftsCels,58,1,0,19.919718340146755,3.8217708098781125,0.862,0.0,0.59,1.1255129794237662,0.9579220058845694,0,0,47,0.0,0.8873701765593297,0.0,0.9802787674723508,0.0,0.0,0.0,0.0
full_nl,lstm,CftsCels,59,0,0,0.10130769549544352,0.017952749538241258,0.967,0.1,0.73,1.6557920295326756,0.9758222711794681,16,0,32,0.0,0.8614821683266797,1.0,0.9998773276667415,0.0,0.0,,
full_nl,lstm,CftsCels,60,1,0,20.76534050503307,4.131758332969075,0.849,0.0,0.51,1.10940783341461,0.8798267767700191,16,0,53,0.0,0.8784087770416799,0.0,0.9755893928850402,0.0,0.0,0.0,0.0
full_nl,lstm,CftsCels,61,1,0,20.65689930420989,4.163476050125118,0.856,0.0,0.52,1.1196625503145594,0.896716603210227,1,0,53,0.0,0.8853676302334708,0.0,0.9793518375044477,0.0,0.0,0.0,0.0
full_nl,lstm,CftsCels,62,0,0,0.15186167948693555,0.035841317801506296,0.959,0.1,0.71,1.6643948790268204,0.9830924954735988,15,0,31,0.0,0.8802116309220323,1.0,0.999769196055457,0.0,0.0,,
full_nl,lstm,CftsCels,63,1,0,19.919877470521755,4.013599472087696,0.863,0.1,0.57,1.1237352664298386,0.8986138987896631,0,0,45,0.0,0.8841215777760132,0.0,0.9802777672933435,0.0,0.0,0.0,0.0
full_nl,lstm,CftsCels,64,1,0,21.637216367898315,4.069018915277741,0.873,0.1,0.71,1.0936944246381033,0.8664132185308062,59,0,30,0.0,0.4310310175927598,0.0,0.9483591957610474,0.0,0.0,0.0,0.0
full_nl,lstm,CftsCels,65,0,0,0.03152130737670506,0.007298140750658982,0.986,0.3,0.87,1.5496750867668265,0.9852885105490867,66,0,16,0.0,0.8792670635534356,1.0,0.9999092052016015,0.0,0.0,,
full_nl,lstm,CftsCels,66,0,0,0.10741859054756882,0.01819271733695926,0.967,0.1,0.71,1.634266247101563,0.9913974381878939,17,0,41,0.0,0.8401683055725112,1.0,0.9998706350719783,0.0,0.0,,
full_nl,lstm,CftsCels,67,1,0,3.267021864972693,1.898689906213677,0.956,0.0,0.9,1.051352390054927,0.9993850127305407,87,0,11,0.0,0.8788907636852736,0.0,0.9752044438193845,0.0,0.0,0.0,0.0
full_nl,lstm,CftsCels,68,1,0,23.967239321901076,4.333473340381686,0.906,0.0,0.73,1.2788574487923827,0.926678076962048,0,0,28,0.0,0.8698761069103262,0.0,0.9763177483235804,0.0,0.0,0.0,0.0
full_nl,lstm,CftsCels,69,1,0,2.0317148967578005,1.1564538645897957,0.962,0.0,0.92,1.0265965749663717,0.9448436924125486,90,0,9,0.0,0.8627262453189241,0.0,0.9799150732520627,0.0,0.0,0.0,0.0
full_nl,lstm,CftsCels,70,1,0,5.141694966129853,1.5614337437744965,0.963,0.0,0.89,1.1378845791476537,0.9929921244323506,55,0,14,0.0,0.8904843101709156,0.0,0.9886443840090747,0.0,0.0,0.0,0.0
full_nl,lstm,CftsCels,71,1,0,5.67545401697157,2.08161590965407,0.937,0.0,0.9,1.1037627173355502,0.9894226257130193,90,0,10,0.0,0.8428456261716173,0.0,0.9449643936327264,0.0,0.0,0.0,0.0
full_nl,lstm,CftsCels,72,0,0,0.12187760565537809,0.021710034855616428,0.961,0.0,0.73,1.60905293947902,0.9894149246854972,14,0,32,0.0,0.8861658833345806,1.0,0.9998597229207575,0.0,0.0,,
full_nl,lstm,CftsCels,73,1,0,19.80796300161407,3.9093395939799502,0.867,0.1,0.64,1.1082427955103473,0.9248734679028996,15,0,39,0.0,0.8842190262331822,0.0,0.9769708454401586,0.0,0.0,0.0,0.0
full_nl,lstm,CftsCels,74,0,0,0.10608530638197272,0.01721863973825667,0.962,0.0,0.67,1.5951297001680382,0.9907470397931265,11,0,39,0.0,0.8609803936643914,1.0,0.99988222977501,0.0,0.0,,
full_nl,lstm,CftsCels,75,1,0,20.477131427252676,3.799004053660828,0.867,0.0,0.63,1.1060509602869146,0.8543205891426588,16,0,41,0.0,0.8733633313451531,0.0,0.9759229567327147,0.0,0.0,0.0,0.0
full_nl,lstm,CftsCels,76,1,0,7.124340590837393,2.4898890515423036,0.928,0.0,0.88,1.1247009546609246,0.9558439638496926,88,0,12,0.0,0.8466425789077167,0.0,0.9424847760787589,0.0,0.0,0.0,0.0
full_nl,lstm,CftsCels,77,1,0,6.679391632111378,2.512000155727837,0.925,0.0,0.88,1.110158050376895,0.9627037716334312,88,0,12,0.0,0.8495074594123037,0.0,0.9459871741585405,0.0,0.0,0.0,0.0
full_nl,lstm,CftsCels,78,1,0,2.0889855456971236,1.1927021679771237,0.96,0.0,0.92,1.033910463731722,0.9648989820405535,92,0,8,0.0,0.8761719593689329,0.0,0.9743094243788385,0.0,0.0,0.0,0.0
full_nl,lstm,CftsCels,79,1,0,7.055089653833247,2.4422928888685225,0.932,0.0,0.9,1.136131702191138,0.9950701788963032,90,0,10,0.0,0.8609026268760841,0.0,0.9320239419406781,0.0,0.0,0.0,0.0
full_nl,lstm,CftsCels,80,1,0,18.582074470040133,3.7177606089695034,0.876,0.0,0.68,1.1279446393768386,0.8839219802238026,12,0,35,0.0,0.874828201169399,0.0,0.979107225320362,0.0,0.0,0.0,0.0
full_nl,lstm,CftsCels,81,0,0,0.06065374200135713,0.009213396624225021,0.975,0.0,0.75,1.6169909588497353,0.9601938083950625,3,0,31,0.0,0.8532256346116293,1.0,0.9999377412579399,0.0,0.0,,
full_nl,lstm,CftsCels,82,1,0,6.281320686073402,2.5823791401937624,0.925,0.0,0.88,1.0877516640222777,0.913254507156898,88,0,12,0.0,0.8052245542833741,0.0,0.9491223976312777,0.0,0.0,0.0,0.0
full_nl,lstm,CftsCels,83,1,0,18.090853781092566,4.007497538286064,0.923,0.1,0.77,1.133574770634942,0.8585004034785084,63,0,25,0.0,0.5329909428968688,0.0,0.9522690767307422,0.0,0.0,0.0,0.0
full_nl,lstm,CftsCels,84,1,0,5.81599741398888,2.2650331330361344,0.934,0.0,0.9,1.0903280204763464,0.8752618224724054,90,0,10,0.0,0.7904281929055295,0.0,0.9436508686469757,0.0,0.0,0.0,0.0
full_nl,lstm,CftsCels,85,0,0,0.06422213920094427,0.012129526865042126,0.974,0.0,0.77,1.6009289156809583,0.9879688541839642,31,0,25,0.0,0.8788655784084713,1.0,0.9998977517883908,0.0,0.0,,
full_nl,lstm,CftsCels,86,1,0,4.2798040796135695,1.3847016326546207,0.967,0.0,0.92,1.031552203808776,0.9718883070241697,91,0,9,0.0,0.8803899926846877,0.0,0.9536522639307414,0.0,0.0,0.0,0.0
full_nl,lstm,CftsCels,87,1,0,6.4952833952823825,2.3811304328548033,0.931,0.0,0.89,1.1061538392423635,0.9902487192018811,88,0,11,0.0,0.8427614211097855,0.0,0.9474608814964285,0.0,0.0,0.0,0.0
full_nl,lstm,CftsCels,88,0,0,0.07209413035479803,0.011236682885615027,0.965,0.2,0.67,1.533244641926653,0.9933396651436377,0,0,33,0.0,0.8779620166128042,1.0,0.9999280927118486,0.0,0.0,,
full_nl,lstm,CftsCels,89,1,0,20.96448352279228,4.094770078789776,0.856,0.0,0.55,1.1410079706993759,0.866862557136569,1,0,49,0.0,0.8777935943218848,0.0,0.9790497006738094,0.0,0.0,0.0,0.0
full_nl,lstm,CftsCels,90,1,0,20.533024550034533,4.0232964535272275,0.877,0.1,0.61,1.1137426097039032,0.9053847323740274,0,0,44,0.0,0.8829331563673033,0.0,0.9796768552624445,0.0,0.0,0.0,0.0
full_nl,lstm,CftsCels,91,1,0,18.248959933752527,3.6937458499727724,0.876,0.1,0.66,1.1642972045319342,0.8994857272928528,2,0,38,0.0,0.8786208096269008,0.0,0.9815499666540414,0.0,0.0,0.0,0.0
full_nl,lstm,CftsCels,92,1,0,12.976904042860467,3.275650212668074,0.906,0.0,0.58,1.4797802754942848,0.9007768334905988,0,0,47,0.0,0.8652790553715496,0.0,0.9871059450563152,0.0,0.0,0.0,0.0
full_nl,lstm,CftsCels,93,1,0,6.38985460875309,2.2872849754831464,0.934,0.0,0.9,1.1179548074758976,0.9565706860581167,90,0,10,0.0,0.8552165162605374,0.0,0.9382118144750582,0.0,0.0,0.0,0.0
full_nl,lstm,CftsCels,94,0,0,0.11137381102953214,0.021351405056419637,0.967,0.0,0.74,1.6292326092670846,0.9899478445704142,19,0,30,0.0,0.8840819159083806,1.0,0.9998558838434991,0.0,0.0,,
full_nl,lstm,CftsCels,95,1,0,18.826780371652656,3.826177068699311,0.872,0.0,0.65,1.1250395346356243,0.9247613602977536,8,0,40,0.0,0.8864741733597468,0.0,0.9797444906854826,0.0,0.0,0.0,0.0
full_nl,lstm,CftsCels,96,0,0,0.10344746512672512,0.017764209504109837,0.964,0.0,0.71,1.6262267783689064,0.9919600743734541,11,0,37,0.0,0.8605858275507806,1.0,0.9998857880469639,0.0,0.0,,
full_nl,lstm,CftsCels,97,1,0,6.907160934931137,2.5422550067660503,0.932,0.0,0.88,1.1214686349565077,0.9340596332326029,88,0,12,0.0,0.8682834148111374,0.0,0.9441918115167989,0.0,0.0,0.0,0.0
full_nl,lstm,CftsCels,98,1,0,3.432853149356047,1.078597367284816,0.963,0.0,0.91,1.027640275416557,0.998115288126022,91,0,9,0.0,0.9017768128123766,0.0,0.9626411940534275,0.0,0.0,0.0,0.0
full_nl,lstm,CftsCels,99,0,0,0.09499309015402599,0.034233211904286985,0.969,0.1,0.7,1.7129818597730502,0.9787828919264059,0,0,33,0.0,0.886854537465787,1.0,0.9999061795257269,0.0,0.0,,
full_nl,lstm,CftsConfeti,0,1,0,707.9871986112555,39.11873262397367,0.49,0.0,0.0,1.4522550413286848,0.09985144292560048,0,0,100,0.0,0.27696051378430525,0.0,0.27995441603200566,0.0,0.0,0.0,0.0
full_nl,lstm,CftsConfeti,1,1,0,705.8051625043031,39.21335130158516,0.488,0.0,0.0,1.4074832386506915,0.09204654046949502,0,0,100,0.0,0.252555514496319,0.0,0.2514408105896109,0.0,0.0,0.0,0.0
full_nl,lstm,CftsConfeti,2,1,0,813.6939931662107,45.07345043536361,0.491,0.0,0.0,1.2027949307220702,0.08903747256015795,0,0,100,0.0,0.41782604459564743,0.0,0.4449448451712275,0.0,0.0,0.0,0.0
full_nl,lstm,CftsConfeti,3,1,0,784.9099340273737,44.13070601711756,0.501,0.0,0.0,1.1772684163446323,0.0951368791222643,0,0,100,0.0,0.4364506733312944,0.0,0.45819989324271027,0.0,0.0,0.0,0.0
full_nl,lstm,CftsConfeti,4,1,0,690.4120198684689,38.55414752179551,0.501,0.0,0.0,1.4683166019838367,0.09469172978504263,0,0,100,0.0,0.2633973983299896,0.0,0.26411122112118185,0.0,0.0,0.0,0.0
full_nl,lstm,CftsConfeti,5,1,0,721.1834841196,40.09163567854155,0.49,0.0,0.01,1.4107176247608322,0.09440511016444039,0,0,100,0.0,0.40451216388827743,0.0,0.48406529371076146,0.0,0.0,0.0,0.0
full_nl,lstm,CftsConfeti,6,1,0,717.752566815438,39.245732909845756,0.487,0.0,0.0,1.5068780501360461,0.09064584309743526,0,0,100,0.0,0.26346410943556864,0.0,0.26732649573477407,0.0,0.0,0.0,0.0
full_nl,lstm,CftsConfeti,7,1,0,749.7860247942813,42.999218286783545,0.509,0.0,0.0,1.2492187730704476,0.0953470502989719,0,0,100,0.0,0.4435852603364658,0.0,0.4727636385960427,0.0,0.0,0.0,0.0
full_nl,lstm,CftsConfeti,8,1,0,705.2880831544933,39.01387347308072,0.495,0.0,0.0,1.4421260752147178,0.09379359866882186,0,0,100,0.0,0.4626053037232077,0.0,0.4954695259680553,0.0,0.0,0.0,0.0
full_nl,lstm,CftsConfeti,9,0,0,2.5098394383235578e-05,9.90806965744622e-07,1.0,1.0,1.0,1.3776496078117926,0.9700215417170396,99,1,0,nan,nan,nan,nan,0.0,0.0,,
full_nl,lstm,CftsConfeti,10,1,0,712.1955367614395,39.08930459325952,0.492,0.0,0.0,1.4784064345961716,0.09193713046394196,0,0,100,0.0,0.23781787122493828,0.0,0.2345650727636564,0.0,0.0,0.0,0.0
full_nl,lstm,CftsConfeti,11,1,0,688.7635270224265,38.489004997919906,0.523,0.0,0.0,1.4914400499470335,0.09261803151662559,0,0,100,0.0,0.2744456522718051,0.0,0.2765744981430851,0.0,0.0,0.0,0.0
full_nl,lstm,CftsConfeti,12,1,0,816.9728390015662,44.83609140909248,0.489,0.0,0.01,1.20549953335393,0.09034561282945852,0,0,100,0.0,0.4211949063506696,0.0,0.44554806653810985,0.0,0.0,0.0,0.0
full_nl,lstm,CftsConfeti,13,1,0,755.257708099296,43.11722479636483,0.509,0.0,0.0,1.2356691760423562,0.09329222394849072,0,0,100,0.0,0.44869843174812335,0.0,0.47207942856206714,0.0,0.0,0.0,0.0
full_nl,lstm,CftsConfeti,14,1,0,703.8183281140895,39.0633267134224,0.487,0.0,0.0,1.4892206740319849,0.09155764343428105,0,0,100,0.0,0.2654096066572758,0.0,0.2693219946040547,0.0,0.0,0.0,0.0
full_nl,lstm,CftsConfeti,15,1,0,612.9611739325737,36.3466215748531,0.514,0.0,0.0,1.4355881204320253,0.10030611833388431,0,0,100,0.0,0.5084430423321454,0.0,0.5421215686315176,0.0,0.0,0.0,0.0
full_nl,lstm,CftsConfeti,16,1,0,718.6979781225527,40.63141197135302,0.498,0.0,0.0,1.3409055125563114,0.09145789434241793,0,0,100,0.0,0.28761147781808294,0.0,0.2928882408938151,0.0,0.0,0.0,0.0
full_nl,lstm,CftsConfeti,17,1,0,763.1585255252767,43.12537171656639,0.498,0.0,0.0,1.230125081700959,0.09226861891395256,0,0,100,0.0,0.4424977972118165,0.0,0.47057420321782556,0.0,0.0,0.0,0.0
full_nl,lstm,CftsConfeti,18,1,0,716.5094360356729,39.60208531888048,0.497,0.0,0.0,1.4820967279725328,0.0901746926081362,0,0,100,0.0,0.2583864248833076,0.0,0.2607980974556159,0.0,0.0,0.0,0.0
full_nl,lstm,CftsConfeti,19,1,0,694.2297987373195,39.03840821377572,0.515,0.0,0.0,1.4618981231698265,0.08989597363678087,0,0,100,0.0,0.2535261603915459,0.0,0.25345225828669643,0.0,0.0,0.0,0.0
full_nl,lstm,CftsConfeti,20,1,0,678.9364051932168,38.06699610762799,0.519,0.0,0.0,1.4878466233021053,0.09360695010606121,0,0,100,0.0,0.47321885022238835,0.0,0.5038117780910669,0.0,0.0,0.0,0.0
full_nl,lstm,CftsConfeti,21,0,0,2.4513880350199302e-05,9.817850085157756e-07,1.0,1.0,1.0,1.4249414924776869,0.9481299644002329,99,1,0,nan,nan,nan,nan,0.0,0.0,,
full_nl,lstm,CftsConfeti,22,1,0,695.1877649913558,38.47950008899166,0.503,0.0,0.0,1.4955436695576851,0.09099447602963297,0,0,100,0.0,0.23448686745853942,0.0,0.23225398972008426,0.0,0.0,0.0,0.0
full_nl,lstm,CftsConfeti,23,1,0,733.565148552706,39.84043348816016,0.479,0.0,0.01,1.4829330110505274,0.08881402537250199,0,0,100,0.0,0.2338750835993287,0.0,0.2243667101960215,0.0,0.0,0.0,0.0
full_nl,lstm,CftsConfeti,24,1,0,708.4248875630581,39.11352526346388,0.515,0.0,0.0,1.512421551087997,0.09183465072233117,0,0,100,0.0,0.46339672843348945,0.0,0.4952086193081988,0.0,0.0,0.0,0.0
full_nl,lstm,CftsConfeti,25,1,0,788.1703498774534,44.35063869139174,0.495,0.0,0.0,1.2006935130629333,0.09247348221342576,0,0,100,0.0,0.4309450005381817,0.0,0.4578229801806403,0.0,0.0,0.0,0.0
full_nl,lstm,CftsConfeti,26,1,0,697.9395176882648,38.43718436638243,0.495,0.0,0.0,1.5106818672271565,0.08805991756428526,0,0,100,0.0,0.47505866164706234,0.0,0.5004517532976718,0.0,0.0,0.0,0.0
full_nl,lstm,CftsConfeti,27,1,0,685.5996004046578,38.148508643332775,0.499,0.0,0.0,1.488243459755458,0.09677660190335005,0,0,100,0.0,0.4745485169647117,0.0,0.5039382164500225,0.0,0.0,0.0,0.0
full_nl,lstm,CftsConfeti,28,0,0,2.546116776949714e-05,9.844150095187268e-07,1.0,1.0,1.0,1.4099250646758257,0.9779078127681914,99,1,0,nan,nan,nan,nan,0.0,0.0,,
full_nl,lstm,CftsConfeti,29,1,0,800.629313834872,44.58072038092867,0.491,0.0,0.0,1.2280293181500572,0.08926534564090242,0,0,100,0.0,0.428365648335602,0.0,0.4495143313216713,0.0,0.0,0.0,0.0
full_nl,lstm,CftsConfeti,30,1,0,610.2805499541589,36.14381704723834,0.506,0.0,0.01,1.490364193606504,0.0979268901388843,0,0,100,0.0,0.5117181360450291,0.0,0.5433453785144723,0.0,0.0,0.0,0.0
full_nl,lstm,CftsConfeti,31,1,0,810.2655074964866,44.83274889772466,0.492,0.0,0.0,1.1977568763437259,0.08921715625048703,0,0,100,0.0,0.425514225678573,0.0,0.4472650724377026,0.0,0.0,0.0,0.0
full_nl,lstm,CftsConfeti,32,1,0,751.0155557864186,40.20662451381342,0.479,0.0,0.0,1.5015211245709785,0.09166691967538608,0,0,100,0.0,0.26654338526748106,0.0,0.2691039119324868,0.0,0.0,0.0,0.0
full_nl,lstm,CftsConfeti,33,1,0,708.5393950354018,38.92338643334274,0.492,0.0,0.0,1.465940433490207,0.0979993849164968,0,0,100,0.0,0.4680900689870955,0.0,0.49451846874233263,0.0,0.0,0.0,0.0
full_nl,lstm,CftsConfeti,34,1,0,777.5044191453632,41.12121021896529,0.457,0.0,0.0,1.4570656038344088,0.08553646007100747,0,0,100,0.0,0.22856253723713543,0.0,0.22767337691360662,0.0,0.0,0.0,0.0
full_nl,lstm,CftsConfeti,35,1,0,707.4223297372628,38.97034034541174,0.489,0.0,0.0,1.507214101205793,0.09326611594215355,0,0,100,0.0,0.2622846009531054,0.0,0.2636941313035212,0.0,0.0,0.0,0.0
full_nl,lstm,CftsConfeti,36,1,0,774.4857021412201,41.4391470644565,0.477,0.0,0.0,1.484505919398248,0.08710298754141446,0,0,100,0.0,0.26322067253003867,0.0,0.26727860855785573,0.0,0.0,0.0,0.0
full_nl,lstm,CftsConfeti,37,1,0,812.0600578765881,45.054646124570404,0.488,0.0,0.0,1.2042106898035307,0.08621353341776938,0,0,100,0.0,0.4244531795433375,0.0,0.4484721169634142,0.0,0.0,0.0,0.0
full_nl,lstm,CftsConfeti,38,0,0,2.4562481260287372e-05,9.640212551414224e-07,1.0,1.0,1.0,1.4161676340589828,0.9842657435196537,99,1,0,nan,nan,nan,nan,0.0,0.0,,
full_nl,lstm,CftsConfeti,39,1,0,656.9804322177456,37.514885207027646,0.521,0.0,0.0,1.4548371982203028,0.09390452415166765,0,0,100,0.0,0.2337028316825898,0.0,0.23123213218602004,0.0,0.0,0.0,0.0
full_nl,lstm,CftsConfeti,40,1,0,692.0011704965337,38.63573389745414,0.5,0.0,0.0,1.517709827739878,0.09432551311951802,0,0,100,0.0,0.23284176152484617,0.0,0.22321997974265387,0.0,0.0,0.0,0.0
full_nl,lstm,CftsConfeti,41,1,0,707.2361172898122,38.58375891589688,0.486,0.0,0.0,1.4991023903582774,0.09223475572387371,0,0,100,0.0,0.2698469282476315,0.0,0.270616777538119,0.0,0.0,0.0,0.0
full_nl,lstm,CftsConfeti,42,1,0,694.1232314721107,38.41234813480435,0.504,0.0,0.0,1.4540724353567163,0.09156851876544626,0,0,100,0.0,0.2494190604892984,0.0,0.24728844606955203,0.0,0.0,0.0,0.0
full_nl,lstm,CftsConfeti,43,1,0,728.9137224506778,42.35850919967597,0.527,0.0,0.0,1.232669705429947,0.09571593003917486,0,0,100,0.0,0.46005069257432285,0.0,0.48501412049211295,0.0,0.0,0.0,0.0
full_nl,lstm,CftsConfeti,44,1,0,702.5381209368086,39.11555109914419,0.512,0.0,0.0,1.4925817516432165,0.0902069004720732,0,0,100,0.0,0.4644905692059066,0.0,0.49633059843091093,0.0,0.0,0.0,0.0
full_nl,lstm,CftsConfeti,45,1,0,713.0476035727663,39.379869588516776,0.506,0.0,0.0,1.4887686525200252,0.09121210864945437,0,0,100,0.0,0.24241021473640886,0.0,0.22837215150212348,0.0,0.0,0.0,0.0
full_nl,lstm,CftsConfeti,46,1,0,674.900469310562,38.26959044929453,0.516,0.0,0.0,1.4826128161599141,0.09664504633545967,0,0,100,0.0,0.27762831021824796,0.0,0.28011080820370465,0.0,0.0,0.0,0.0
full_nl,lstm,CftsConfeti,47,1,0,747.4919892856706,40.55205845601468,0.482,0.0,0.01,1.4777064803316908,0.08502291707805427,0,0,100,0.0,0.2510393525770777,0.0,0.2505607943535859,0.0,0.0,0.0,0.0
full_nl,lstm,CftsConfeti,48,1,0,611.5360847833406,36.17201363098767,0.492,0.0,0.0,1.471195624501885,0.10066333577233333,0,0,100,0.0,0.5064873325338104,0.0,0.5440576666674013,0.0,0.0,0.0,0.0
full_nl,lstm,CftsConfeti,49,0,0,2.511999224562994e-05,9.843025870653924e-07,1.0,1.0,1.0,1.4271292055887985,0.9849098613931875,99,1,0,nan,nan,nan,nan,0.0,0.0,,
full_nl,lstm,CftsConfeti,50,1,0,670.0969165174153,38.05369145319645,0.514,0.0,0.0,1.4471452039960364,0.09288220202892392,0,0,100,0.0,0.2530666421997407,0.0,0.25846838427292995,0.0,0.0,0.0,0.0
full_nl,lstm,CftsConfeti,51,1,0,768.7884808773935,43.21760451727215,0.513,0.0,0.01,1.2025020172980918,0.09261069479433559,0,0,100,0.0,0.44102108652838534,0.0,0.4666153251860945,0.0,0.0,0.0,0.0
full_nl,lstm,CftsConfeti,52,0,0,2.4921029882690737e-05,9.859585793278983e-07,1.0,1.0,1.0,1.4330586633408335,0.9842017669983713,99,1,0,nan,nan,nan,nan,0.0,0.0,,
full_nl,lstm,CftsConfeti,53,1,0,633.6968639157155,36.827479903298276,0.535,0.0,0.0,1.4934448821493,0.09965137964693947,0,0,100,0.0,0.49663908620037717,0.0,0.5277391301324187,0.0,0.0,0.0,0.0
full_nl,lstm,CftsConfeti,54,1,0,753.2941438453793,42.84961952783861,0.517,0.0,0.0,1.2191049707423351,0.09334076482879347,0,0,100,0.0,0.44946273672105563,0.0,0.4739325956546223,0.0,0.0,0.0,0.0
full_nl,lstm,CftsConfeti,55,1,0,819.6493444463426,45.49730972042884,0.501,0.0,0.0,1.22952112467748,0.08710185788061098,0,0,100,0.0,0.4193998058143124,0.0,0.4443352327377421,0.0,0.0,0.0,0.0
full_nl,lstm,CftsConfeti,56,1,0,658.7944411474942,37.41599347676267,0.507,0.0,0.0,1.5016124046361257,0.09254191129794717,0,0,100,0.0,0.2760283048292236,0.0,0.2773973311732198,0.0,0.0,0.0,0.0
full_nl,lstm,CftsConfeti,57,1,0,713.5638275163363,39.21169391993912,0.483,0.0,0.01,1.4437327635362796,0.0913596562201467,0,0,100,0.0,0.4592937367806203,0.0,0.49111986645363015,0.0,0.0,0.0,0.0
full_nl,lstm,CftsConfeti,58,1,0,826.3567464061093,45.772821177962875,0.488,0.0,0.01,1.1877246134599024,0.0912550444132031,0,0,100,0.0,0.420878271834914,0.0,0.44085678004493717,0.0,0.0,0.0,0.0
full_nl,lstm,CftsConfeti,59,1,0,702.3012646595921,38.728983153904295,0.487,0.0,0.0,1.5121877961636017,0.09187278134135826,0,0,100,0.0,0.26721945726804636,0.0,0.26915161555473377,0.0,0.0,0.0,0.0
full_nl,lstm,CftsConfeti,60,1,0,747.093247008253,42.87362748656128,0.53,0.0,0.01,1.227119211252694,0.0949825188240374,0,0,100,0.0,0.4518187036422731,0.0,0.4747694649279617,0.0,0.0,0.0,0.0
full_nl,lstm,CftsConfeti,61,1,0,782.0569625451824,43.62031339871967,0.493,0.0,0.0,1.288886993604691,0.0879120214571847,0,0,100,0.0,0.4358234015233467,0.0,0.4594718445224122,0.0,0.0,0.0,0.0
full_nl,lstm,CftsConfeti,62,1,0,724.7788134831351,39.48139782566998,0.486,0.0,0.0,1.4650784488169826,0.09403665795393887,0,0,100,0.0,0.27148729520636106,0.0,0.27313402058116376,0.0,0.0,0.0,0.0
full_nl,lstm,CftsConfeti,63,1,0,825.230455257358,45.68271535446803,0.493,0.0,0.0,1.2063722815057174,0.08581493267987828,0,0,100,0.0,0.41347630916602485,0.0,0.4400051689087186,0.0,0.0,0.0,0.0
full_nl,lstm,CftsConfeti,64,1,0,740.3225281244739,40.57754632688155,0.46,0.0,0.0,1.3789820596189628,0.08961732012328497,0,0,100,0.0,0.3938102944347125,0.0,0.4758383162335551,0.0,0.0,0.0,0.0
full_nl,lstm,CftsConfeti,65,1,0,712.2691974413419,39.16279807396734,0.501,0.0,0.0,1.4985345651944697,0.09186202004668116,0,0,100,0.0,0.26394147942031865,0.0,0.26582203760873696,0.0,0.0,0.0,0.0
full_nl,lstm,CftsConfeti,66,1,0,722.1820040157268,39.56906755460168,0.485,0.0,0.0,1.4600064288117738,0.08906311377741702,0,0,100,0.0,0.2565480714161384,0.0,0.25531374895286385,0.0,0.0,0.0,0.0
full_nl,lstm,CftsConfeti,67,0,0,2.5238156025242115e-05,9.896045001304827e-07,1.0,1.0,1.0,1.3873519629142885,0.9840971062358895,99,1,0,nan,nan,nan,nan,0.0,0.0,,
full_nl,lstm,CftsConfeti,68,1,0,652.3147538003276,37.665461529819304,0.541,0.0,0.0,1.5026612266489718,0.09826997685850739,0,0,100,0.0,0.27311724451155545,0.0,0.27238752570379204,0.0,0.0,0.0,0.0
full_nl,lstm,CftsConfeti,69,0,0,2.5470697263482722e-05,9.962424181082292e-07,1.0,1.0,1.0,1.3929043902715514,0.9581070363110741,99,1,0,nan,nan,nan,nan,0.0,0.0,,
full_nl,lstm,CftsConfeti,70,0,0,2.4926109652129158e-05,9.814527986133077e-07,1.0,1.0,1.0,1.4309992378370253,0.9889990713594604,99,1,0,nan,nan,nan,nan,0.0,0.0,,
full_nl,lstm,CftsConfeti,71,1,0,731.8780594437383,40.17031142730239,0.483,0.0,0.0,1.4760967528095525,0.08737123234994117,0,0,100,0.0,0.2376067004746622,0.0,0.23203404370711023,0.0,0.0,0.0,0.0
full_nl,lstm,CftsConfeti,72,1,0,725.2843566111528,40.079749584948615,0.496,0.0,0.0,1.4813736068307939,0.08808607915875018,0,0,100,0.0,0.4576379501554767,0.0,0.48508428805140147,0.0,0.0,0.0,0.0
full_nl,lstm,CftsConfeti,73,1,0,753.5529188070913,42.694807551551314,0.508,0.0,0.0,1.2488980557181053,0.0919084712948227,0,0,100,0.0,0.44840803798155227,0.0,0.4721569488596307,0.0,0.0,0.0,0.0
full_nl,lstm,CftsConfeti,74,1,0,675.4616671777032,38.36290747865424,0.526,0.0,0.0,1.4868291851740347,0.09361012748044234,0,0,100,0.0,0.27160317466657785,0.0,0.27466375795293374,0.0,0.0,0.0,0.0
full_nl,lstm,CftsConfeti,75,1,0,823.4350359918915,45.506007739827524,0.49,0.0,0.0,1.2159222912581544,0.08737815034634965,0,0,100,0.0,0.4133857507031226,0.0,0.43928226848302865,0.0,0.0,0.0,0.0
full_nl,lstm,CftsConfeti,76,1,0,729.3517026164086,40.29679826729074,0.504,0.0,0.0,1.4950780091589353,0.09208642441151785,0,0,100,0.0,0.45289329442333015,0.0,0.47723434082638333,0.0,0.0,0.0,0.0
full_nl,lstm,CftsConfeti,77,1,0,724.2050088814606,39.9700661343655,0.498,0.0,0.0,1.4528044923529855,0.09009158968789426,0,0,100,0.0,0.2424742559670849,0.0,0.23465752032769266,0.0,0.0,0.0,0.0
full_nl,lstm,CftsConfeti,78,0,0,2.5494971938794242e-05,1.004645656995876e-06,1.0,1.0,1.0,1.426310437355,0.9518859953362225,99,1,0,nan,nan,nan,nan,0.0,0.0,,
full_nl,lstm,CftsConfeti,79,1,0,636.645331659294,36.894344706625205,0.528,0.0,0.01,1.4695981892024819,0.10087908247038918,0,0,100,0.0,0.2496998882316542,0.0,0.23623455212520755,0.0,0.0,0.0,0.0
full_nl,lstm,CftsConfeti,80,1,0,814.3373783397465,44.93278087045215,0.484,0.0,0.0,1.2010741493405155,0.09404653312821504,0,0,100,0.0,0.4204450418285085,0.0,0.4428950322000337,0.0,0.0,0.0,0.0
full_nl,lstm,CftsConfeti,81,1,0,687.49646068097,38.32130717411896,0.503,0.0,0.0,1.454348766854037,0.09458787638505145,0,0,100,0.0,0.46609083836618687,0.0,0.4983854522295578,0.0,0.0,0.0,0.0
full_nl,lstm,CftsConfeti,82,1,0,727.195120092422,40.12622665672542,0.508,0.0,0.0,1.4481476543469378,0.09089477990335623,0,0,100,0.0,0.26708625782118534,0.0,0.2659608104079548,0.0,0.0,0.0,0.0
full_nl,lstm,CftsConfeti,83,1,0,741.7599903473329,40.992080125394914,0.504,0.0,0.0,1.4439263996439435,0.08542420233050314,0,0,100,0.0,0.4146536620411267,0.0,0.47634098389704715,0.0,0.0,0.0,0.0
full_nl,lstm,CftsConfeti,84,1,0,702.9903428084415,39.54509725407091,0.519,0.0,0.0,1.4892907719405493,0.09089327224324704,0,0,100,0.0,0.23954298894237672,0.0,0.17780995876015676,0.0,0.0,0.0,0.0
full_nl,lstm,CftsConfeti,85,1,0,752.5238388923516,40.45091754869034,0.48,0.0,0.0,1.464302569270251,0.0907882200119291,0,0,100,0.0,0.24382150372168124,0.0,0.24574398337213968,0.0,0.0,0.0,0.0
full_nl,lstm,CftsConfeti,86,0,0,2.4582248401454343e-05,9.536271463596757e-07,1.0,1.0,1.0,1.4217981968043145,0.9634775946602656,99,1,0,nan,nan,nan,nan,0.0,0.0,,
full_nl,lstm,CftsConfeti,87,1,0,662.7661307680216,38.013759972700484,0.509,0.0,0.0,1.4622607443135232,0.0973922374223803,0,0,100,0.0,0.47233763953513425,0.0,0.5130234875504998,0.0,0.0,0.0,0.0
full_nl,lstm,CftsConfeti,88,1,0,622.5888093443502,36.436360565522875,0.531,0.0,0.0,1.471777447562253,0.10065626677587328,0,0,100,0.0,0.49719154759563666,0.0,0.5335092304412657,0.0,0.0,0.0,0.0
full_nl,lstm,CftsConfeti,89,1,0,801.0138618954506,44.37483707608422,0.492,0.0,0.0,1.2190488976728866,0.09312717080017852,0,0,100,0.0,0.42874315190243184,0.0,0.4501678494448022,0.0,0.0,0.0,0.0
full_nl,lstm,CftsConfeti,90,1,0,830.1000988698605,45.412049956265534,0.481,0.0,0.0,1.2010455535918998,0.08888537477965393,0,0,100,0.0,0.4143597722425786,0.0,0.43823973645802816,0.0,0.0,0.0,0.0
full_nl,lstm,CftsConfeti,91,1,0,809.3519128240997,44.83196662867331,0.496,0.0,0.0,1.2380105718666994,0.08824114285604161,0,0,100,0.0,0.4278801533566805,0.0,0.4496248786948057,0.0,0.0,0.0,0.0
full_nl,lstm,CftsConfeti,92,1,0,659.6266156244011,37.41763298104506,0.523,0.0,0.0,1.5212238007465435,0.09288594429134205,0,0,100,0.0,0.28089626745677315,0.0,0.28254917040650734,0.0,0.0,0.0,0.0
full_nl,lstm,CftsConfeti,93,1,0,709.77766485094,39.30246677802464,0.494,0.0,0.0,1.4640303898002562,0.09126767092179024,0,0,100,0.0,0.45718242154613703,0.0,0.4925049949064435,0.0,0.0,0.0,0.0
full_nl,lstm,CftsConfeti,94,1,0,665.557272773995,37.59384866332904,0.512,0.0,0.01,1.5016121533160847,0.09631781160366816,0,0,100,0.0,0.26827090191344677,0.0,0.27250400023359117,0.0,0.0,0.0,0.0
full_nl,lstm,CftsConfeti,95,1,0,796.3124734688307,44.19624173014915,0.496,0.0,0.01,1.210150093213524,0.09219528177772451,0,0,100,0.0,0.43053349936721597,0.0,0.4521470272163338,0.0,0.0,0.0,0.0
full_nl,lstm,CftsConfeti,96,1,0,730.3046746631801,39.52673503530164,0.487,0.0,0.0,1.491642480801105,0.09283275099968336,0,0,100,0.0,0.4519924590162785,0.0,0.4775890496058928,0.0,0.0,0.0,0.0
full_nl,lstm,CftsConfeti,97,1,0,661.0149976892097,37.37859135863241,0.523,0.0,0.0,1.4697691851846593,0.09470594218091112,0,0,100,0.0,0.22400781094524813,0.0,0.21881654391228827,0.0,0.0,0.0,0.0
full_nl,lstm,CftsConfeti,98,0,0,2.629562697150159e-05,1.024192178187396e-06,1.0,1.0,1.0,1.427397600764098,0.9928734997793773,99,1,0,nan,nan,nan,nan,0.0,0.0,,
full_nl,lstm,CftsConfeti,99,1,0,660.1417935173724,37.50830382384959,0.509,0.0,0.0,1.4920105108701343,0.09596611647135757,0,0,100,0.0,0.48673329089261896,0.0,0.5158910257638811,0.0,0.0,0.0,0.0
full_nl,lstm,CftsWachter,0,1,0,638.909800494947,32.12831976428795,0.125,0.0,0.0,1.3862323626902087,0.2230323189971712,0,0,100,0.0,0.5174670977240324,0.0,0.5232234009743345,0.0,0.0,0.0,0.0
full_nl,lstm,CftsWachter,1,1,0,1501.982472434595,59.35072029278267,0.001,0.0,0.0,0.9517870026338522,0.9905043084235069,0,0,100,0.0,0.8790487506661427,0.0,0.829264210734854,0.0,0.0,0.0,0.0
full_nl,lstm,CftsWachter,2,1,0,85.02898932154103,8.531682854176983,0.494,0.0,0.0,0.5811201902220419,0.6545127830150136,0,0,99,0.0,0.8278987235750742,0.0,0.9184866395560094,0.0,0.0,0.0,0.0
full_nl,lstm,CftsWachter,3,1,0,772.2828281785446,37.78960260826698,0.048,0.0,0.0,1.2595223804401954,0.2918276017979538,0,0,100,0.0,0.609585743058509,0.0,0.6398476887331616,0.0,0.0,0.0,0.0
full_nl,lstm,CftsWachter,4,1,0,610.7575298659458,30.95931277761451,0.123,0.0,0.0,1.3911442959648785,0.22320078452965256,0,0,100,0.0,0.5198778000869376,0.0,0.5280741754765139,0.0,0.0,0.0,0.0
full_nl,lstm,CftsWachter,5,1,0,1343.148628233626,56.30830836926108,0.014,0.0,0.0,0.9723584029237604,0.38874085542971465,0,0,100,0.0,0.681527612035064,0.0,0.6601997922362169,0.0,0.0,0.0,0.0
full_nl,lstm,CftsWachter,6,1,0,628.2537719475041,31.535409264403185,0.121,0.0,0.0,1.3797619823509877,0.22227885040395623,0,0,100,0.0,0.5195232752300745,0.0,0.5276527204948017,0.0,0.0,0.0,0.0
full_nl,lstm,CftsWachter,7,1,0,79.778281901362,8.217295024167594,0.503,0.0,0.0,0.5781344558457837,0.6497347717778181,0,0,100,0.0,0.8290419580678206,0.0,0.9233314755511826,0.0,0.0,0.0,0.0
full_nl,lstm,CftsWachter,8,1,0,2548.495564768634,88.87665161497301,0.0,0.0,0.0,0.6283234386848607,0.992217076610742,0,0,100,0.0,0.8969561228965116,0.0,0.8531522032811584,0.0,0.0,0.0,0.0
full_nl,lstm,CftsWachter,9,1,0,933.2011015549265,42.539902073468305,0.075,0.0,0.0,1.147422917123738,0.25360698765056583,0,0,100,0.0,0.5402958935729836,0.0,0.5328257659812828,0.0,0.0,0.0,0.0
full_nl,lstm,CftsWachter,10,1,0,623.9596750530752,31.03499937673224,0.129,0.0,0.0,1.387125557092462,0.2198161286726657,0,0,100,0.0,0.5126745140647869,0.0,0.5156116921285258,0.0,0.0,0.0,0.0
full_nl,lstm,CftsWachter,11,1,0,2513.5054955278138,87.72903480164354,0.0,0.0,0.0,0.6516999723458592,0.9771771580022353,0,0,100,0.0,0.8898812207677131,0.0,0.8413101354408772,0.0,0.0,0.0,0.0
full_nl,lstm,CftsWachter,12,1,0,794.1723285147713,38.35426288477838,0.032,0.0,0.0,1.2751604713293951,0.3079636190924558,0,0,100,0.0,0.6443165350903531,0.0,0.6609933314852723,0.0,0.0,0.0,0.0
full_nl,lstm,CftsWachter,13,1,0,668.044820739312,34.117998606999144,0.172,0.0,0.0,1.2430804082307467,0.2307565470744412,0,0,100,0.0,0.49831090117105004,0.0,0.5169831073090323,0.0,0.0,0.0,0.0
full_nl,lstm,CftsWachter,14,1,0,1510.4195958987366,55.703147630339124,0.001,0.0,0.0,1.712954319437231,0.9894336155001349,0,0,100,0.0,0.8584619648384033,0.0,0.8114844366148413,0.0,0.0,0.0,0.0
full_nl,lstm,CftsWachter,15,1,0,1521.339343759083,55.896231826312984,0.0,0.0,0.0,1.7226453668853692,0.9678609087859993,0,0,100,0.0,0.8772424345461304,0.0,0.835641747359684,0.0,0.0,0.0,0.0
full_nl,lstm,CftsWachter,16,1,0,791.0367199696547,36.152607144173906,0.072,0.0,0.0,1.355159173880557,0.2027617872788338,0,0,100,0.0,0.49653199229363126,0.0,0.5094126458814618,0.0,0.0,0.0,0.0
full_nl,lstm,CftsWachter,17,1,0,80.63214916934372,8.33791315707133,0.504,0.0,0.03,0.6303838078324846,0.6553409634816754,0,0,99,0.0,0.8320336793899505,0.0,0.9225382365700946,0.0,0.0,0.0,0.0
full_nl,lstm,CftsWachter,18,1,0,2371.315033519364,80.08086695716905,0.0,0.0,0.0,1.3894326608848189,0.9579942995078372,0,0,100,0.0,0.8640284744138086,0.0,0.8097520055898788,0.0,0.0,0.0,0.0
full_nl,lstm,CftsWachter,19,1,0,929.1599686524399,37.80604774744595,0.058,0.0,0.0,1.6831928310550353,0.18116145874378273,0,0,100,0.0,0.47075421375091947,0.0,0.47372270838725067,0.0,0.0,0.0,0.0
full_nl,lstm,CftsWachter,20,1,0,2501.1347245813004,87.44708052836764,0.0,0.0,0.0,0.6606958076901231,0.9721223397826725,0,0,100,0.0,0.8960199866987438,0.0,0.8437402398523609,0.0,0.0,0.0,0.0
full_nl,lstm,CftsWachter,21,1,0,78.14551974226129,7.126952962666685,0.144,0.0,0.0,1.2748144850575989,0.7429931877491647,0,0,100,0.0,0.8496459657517348,0.0,0.924932534944624,0.0,0.0,0.0,0.0
full_nl,lstm,CftsWachter,22,1,0,925.6879213232407,37.548478587364336,0.053,0.0,0.0,1.6804969262898282,0.17848158329927707,0,0,100,0.0,0.3469172490084321,0.0,0.34896091975082705,0.0,0.0,0.0,0.0
full_nl,lstm,CftsWachter,23,1,0,49.57157843288082,5.247312419476779,0.323,0.0,0.0,1.21301657091028,0.7512012501023942,0,0,100,0.0,0.8543078823979193,0.0,0.9517307389324168,0.0,0.0,0.0,0.0
full_nl,lstm,CftsWachter,24,1,0,626.1539240320591,31.404152555578943,0.129,0.0,0.0,1.3951130327243026,0.224223961454961,0,0,100,0.0,0.5248161100948732,0.0,0.5279743864904243,0.0,0.0,0.0,0.0
full_nl,lstm,CftsWachter,25,1,0,3529.773107659701,116.28661225931604,0.0,0.0,0.0,0.07250829848338608,0.9996899692157788,0,0,100,0.0,0.8929088070348069,0.0,0.8416483750806498,0.0,0.0,0.0,0.0
full_nl,lstm,CftsWachter,26,1,0,2391.0546084480666,80.7664737402454,0.0,0.0,0.0,1.3889951824827818,0.9879169584471285,0,0,100,0.0,0.8841325375788238,0.0,0.8220566358962963,0.0,0.0,0.0,0.0
full_nl,lstm,CftsWachter,27,1,0,645.3783440909983,32.175390107328376,0.135,0.0,0.0,1.4009085944363877,0.2225071808718557,0,0,100,0.0,0.5197851595315625,0.0,0.5246244189034831,0.0,0.0,0.0,0.0
full_nl,lstm,CftsWachter,28,1,0,1510.6357338279286,55.66413167032919,0.0,0.0,0.0,1.720313013364166,0.9996637497496339,0,0,100,0.0,0.8712881740125522,0.0,0.8007173975209375,0.0,0.0,0.0,0.0
full_nl,lstm,CftsWachter,29,1,0,1125.3638193935426,48.27129732559781,0.002,0.0,0.0,1.1698953280378912,0.9376125465715885,0,0,100,0.0,0.8800591547374687,0.0,0.7972035220211444,0.0,0.0,0.0,0.0
full_nl,lstm,CftsWachter,30,1,0,2390.5719261920112,80.65206631036172,0.0,0.0,0.0,1.3930682294778591,0.9458469503417912,0,0,100,0.0,0.8858436548415973,0.0,0.8272524585005039,0.0,0.0,0.0,0.0
full_nl,lstm,CftsWachter,31,1,0,2117.9994446889764,76.45097957461446,0.0,0.0,0.0,0.7302204374435763,0.3446350154338118,0,0,100,0.0,0.6555689889651264,0.0,0.6349058725511403,0.0,0.0,0.0,0.0
full_nl,lstm,CftsWachter,32,1,0,2444.0661766359735,84.48926683428486,0.0,0.0,0.0,0.916463748258991,0.953259275550788,0,0,100,0.0,0.47337202947951057,0.0,0.4708571913226663,0.0,0.0,0.0,0.0
full_nl,lstm,CftsWachter,33,1,0,702.382419087574,32.18782160243802,0.085,0.0,0.0,1.492285469311115,0.21081325283456281,0,0,100,0.0,0.3786019820832363,0.0,0.38915096882227923,0.0,0.0,0.0,0.0
full_nl,lstm,CftsWachter,34,1,0,906.1167059857216,37.37505626488948,0.064,0.0,0.0,1.665163723243532,0.18733791365992997,0,0,100,0.0,0.47031079052982244,0.0,0.46704632380065547,0.0,0.0,0.0,0.0
full_nl,lstm,CftsWachter,35,1,0,2379.515951701379,80.22812107665492,0.0,0.0,0.0,1.4006324350797283,0.9897989342015563,0,0,100,0.0,0.8783709749386578,0.0,0.8189664840815966,0.0,0.0,0.0,0.0
full_nl,lstm,CftsWachter,36,1,0,631.8580987762805,31.549035935713686,0.124,0.0,0.0,1.3944787616622345,0.22483814722623366,0,0,100,0.0,0.528793597649524,0.0,0.5359629807035313,0.0,0.0,0.0,0.0
full_nl,lstm,CftsWachter,37,1,0,2519.6529740204214,87.9568989099643,0.0,0.0,0.0,0.6398460528147599,0.9985335216580973,0,0,100,0.0,0.8763781243199856,0.0,0.34225840665859286,0.0,0.0,0.0,0.0
full_nl,lstm,CftsWachter,38,1,0,1558.125595983247,56.79699502700516,0.0,0.0,0.0,1.7200701440365496,0.974189560072053,0,0,100,0.0,0.8775610357788335,0.0,0.8228786658953512,0.0,0.0,0.0,0.0
full_nl,lstm,CftsWachter,39,1,0,1527.0401153874682,56.104937131594745,0.001,0.0,0.0,1.714556595503669,0.9902598057783065,0,0,100,0.0,0.8661640393746575,0.0,0.8213387456211017,0.0,0.0,0.0,0.0
full_nl,lstm,CftsWachter,40,1,0,46.2564836499683,4.910683504466962,0.319,0.0,0.0,1.248179429478399,0.7880229094692023,0,0,100,0.0,0.8496145081188216,0.0,0.954818112444123,0.0,0.0,0.0,0.0
full_nl,lstm,CftsWachter,41,1,0,2386.486315749933,80.48342258258043,0.0,0.0,0.0,1.3935513433037778,0.992563871002175,0,0,100,0.0,0.8810726036305933,0.0,0.8265211463401287,0.0,0.0,0.0,0.0
full_nl,lstm,CftsWachter,42,1,0,1441.8616148718802,57.50202923404014,0.0,0.0,0.0,0.9812780309669735,0.9746693337215864,0,0,100,0.0,0.8879238176169262,0.0,0.8308382849791084,0.0,0.0,0.0,0.0
full_nl,lstm,CftsWachter,43,1,0,2527.3656692633454,88.27120418233737,0.0,0.0,0.0,0.6391399654088432,0.9647793988228232,0,0,100,0.0,0.8686039671132182,0.0,0.8147323565364969,0.0,0.0,0.0,0.0
full_nl,lstm,CftsWachter,44,1,0,1532.8546694845684,56.03822480632881,0.001,0.0,0.0,1.7132039853069767,0.9976762197792497,0,0,100,0.0,0.8522113423593469,0.0,0.8019313500519825,0.0,0.0,0.0,0.0
full_nl,lstm,CftsWachter,45,1,0,1108.9801134821057,48.54905187883449,0.015,0.0,0.0,1.1357498742893357,0.4404851913263545,0,0,100,0.0,0.7103265423248979,0.0,0.6790524166344002,0.0,0.0,0.0,0.0
full_nl,lstm,CftsWachter,46,1,0,71.2966699782802,7.294589167483295,0.527,0.0,0.01,1.1457333033086199,0.6871397562101486,0,0,99,0.0,0.8299799669130073,0.0,0.9311996555032471,0.0,0.0,0.0,0.0
full_nl,lstm,CftsWachter,47,1,0,607.3295395694222,30.44425133263067,0.129,0.0,0.0,1.3909162588601762,0.22204845020857725,0,0,100,0.0,0.5129099144440955,0.0,0.5130210061336633,0.0,0.0,0.0,0.0
full_nl,lstm,CftsWachter,48,1,0,883.3731758622205,40.88258110590809,0.075,0.0,0.0,1.1689309650004287,0.2508576779111354,0,0,100,0.0,0.5168937311467244,0.0,0.5048147670200903,0.0,0.0,0.0,0.0
full_nl,lstm,CftsWachter,49,1,0,1520.85240655919,55.81777782080037,0.001,0.0,0.0,1.7179652173254725,0.9993549113475528,0,0,100,0.0,0.8749894274411653,0.0,0.8282552895594087,0.0,0.0,0.0,0.0
full_nl,lstm,CftsWachter,50,1,0,1059.6451247596183,42.19632371995898,0.024,0.0,0.0,1.699799298551547,0.23930274777315289,0,0,100,0.0,0.5792764119888674,0.0,0.5821209523387133,0.0,0.0,0.0,0.0
full_nl,lstm,CftsWachter,51,1,0,81.5069095537314,8.407827038445136,0.476,0.0,0.02,0.5768226811309087,0.6887396993806784,0,0,99,0.0,0.8370404375391923,0.0,0.9217319690960285,0.0,0.0,0.0,0.0
full_nl,lstm,CftsWachter,52,1,0,881.3504000639848,40.825730754809875,0.097,0.0,0.0,1.1584588559823483,0.2463374549175776,0,0,100,0.0,0.5192607598704235,0.0,0.5025616523216963,0.0,0.0,0.0,0.0
full_nl,lstm,CftsWachter,53,1,0,1119.2885789216743,43.89192069808922,0.022,0.0,0.0,1.7121887102271314,0.2530446792561171,0,0,100,0.0,0.606912510110223,0.0,0.6030464588023604,0.0,0.0,0.0,0.0
full_nl,lstm,CftsWachter,54,1,0,2516.5087518715263,87.8715226598776,0.0,0.0,0.0,0.6465823320583937,0.9717385374937016,0,0,100,0.0,0.8798754049129823,0.0,0.8274815996736897,0.0,0.0,0.0,0.0
full_nl,lstm,CftsWachter,55,1,0,2179.005244736773,78.10829377155332,0.0,0.0,0.0,0.7064353628711474,0.3863099045453771,0,0,100,0.0,0.6996878834537668,0.0,0.6523423798206078,0.0,0.0,0.0,0.0
full_nl,lstm,CftsWachter,56,1,0,629.8948607334416,31.394292778688374,0.125,0.0,0.0,1.3932789644619608,0.22796071561756143,0,0,100,0.0,0.5304425714494092,0.0,0.5323310353716462,0.0,0.0,0.0,0.0
full_nl,lstm,CftsWachter,57,1,0,930.977200942996,37.76321799515146,0.046,0.0,0.0,1.6769403484878538,0.18443018329344965,0,0,100,0.0,0.47335571899627454,0.0,0.47973861840416665,0.0,0.0,0.0,0.0
full_nl,lstm,CftsWachter,58,1,0,2553.917823002817,88.7712786530962,0.0,0.0,0.0,0.6245965943263413,0.9951315359700843,0,0,100,0.0,0.8623933538497875,0.0,0.8227093420537641,0.0,0.0,0.0,0.0
full_nl,lstm,CftsWachter,59,1,0,1545.493020260015,56.33675500939508,0.0,0.0,0.0,1.7212089026230524,0.9633102252253507,0,0,100,0.0,0.8838437665643265,0.0,0.7882898107298025,0.0,0.0,0.0,0.0
full_nl,lstm,CftsWachter,60,1,0,643.7115331179509,33.48050464158085,0.173,0.0,0.0,1.2235559288806932,0.23218999303055637,0,0,100,0.0,0.507094581868673,0.0,0.5280619825519831,0.0,0.0,0.0,0.0
full_nl,lstm,CftsWachter,61,1,0,2526.3179591555395,88.14651332117074,0.0,0.0,0.0,0.628977806370856,0.9529389554532789,0,0,100,0.0,0.864489068728073,0.0,0.8172173190450142,0.0,0.0,0.0,0.0
full_nl,lstm,CftsWachter,62,1,0,2514.3100827349635,87.65507191599238,0.0,0.0,0.0,0.640900679506673,0.9969262436357276,0,0,100,0.0,0.8915295734950028,0.0,0.8451602181529341,0.0,0.0,0.0,0.0
full_nl,lstm,CftsWachter,63,1,0,2509.1409727085356,87.70360413267048,0.0,0.0,0.0,0.6467478339592424,0.9975880783226483,0,0,100,0.0,0.8715088573087563,0.0,0.7879798014250551,0.0,0.0,0.0,0.0
full_nl,lstm,CftsWachter,64,1,0,1388.524531343214,53.149037715845445,0.002,0.0,0.0,1.5771969403936756,0.9963222189422897,0,0,100,0.0,0.8630195462249849,0.0,0.6403892027386417,0.0,0.0,0.0,0.0
full_nl,lstm,CftsWachter,65,1,0,2374.429286626022,80.33481058420178,0.0,0.0,0.0,1.3883044991147733,0.9698191006382879,0,0,100,0.0,0.8808831677909601,0.0,0.8307787042427183,0.0,0.0,0.0,0.0
full_nl,lstm,CftsWachter,66,1,0,1060.8804668955236,42.595207685624935,0.019,0.0,0.0,1.6944197905179321,0.24726673677344632,0,0,100,0.0,0.5905526915828524,0.0,0.3809925557497117,0.0,0.0,0.0,0.0
full_nl,lstm,CftsWachter,67,1,0,1146.276947120682,48.81664845801399,0.0,0.0,0.0,1.177254247243697,0.9852365293833448,0,0,100,0.0,0.8963512526005145,0.0,0.8527993598156798,0.0,0.0,0.0,0.0
full_nl,lstm,CftsWachter,68,1,0,1042.9612952067941,41.72499287362451,0.021,0.0,0.0,1.6985042039506364,0.22678912122895634,0,0,100,0.0,0.5565520216939405,0.0,0.561303727392254,0.0,0.0,0.0,0.0
full_nl,lstm,CftsWachter,69,1,0,1134.6534247294107,48.54512369261126,0.003,0.0,0.0,1.1716132353386417,0.9562359131444478,0,0,100,0.0,0.8970931181511299,0.0,0.8469177651537242,0.0,0.0,0.0,0.0
full_nl,lstm,CftsWachter,70,1,0,1114.6602296861245,47.68356899467514,0.003,0.0,0.0,1.1770421880696464,0.9862320777278055,0,0,100,0.0,0.889178049143989,0.0,0.8438320799854544,0.0,0.0,0.0,0.0
full_nl,lstm,CftsWachter,71,1,0,926.2245204075259,37.93440506882364,0.074,0.0,0.0,1.6696034222248743,0.1855258221068021,0,0,100,0.0,0.47028536700261514,0.0,0.4741943109022123,0.0,0.0,0.0,0.0
full_nl,lstm,CftsWachter,72,1,0,56.531277289474154,6.4904768836336295,0.56,0.0,0.03,1.0051064799516511,0.738960656316167,0,0,100,0.0,0.8507433850568661,0.0,0.9452758869963671,0.0,0.0,0.0,0.0
full_nl,lstm,CftsWachter,73,1,0,80.74394810338279,8.353170927693757,0.49,0.0,0.02,0.6146392743653916,0.7162188200366457,0,0,100,0.0,0.8450268118663338,0.0,0.9224433862296633,0.0,0.0,0.0,0.0
full_nl,lstm,CftsWachter,74,1,0,1179.8202198937943,50.4540691468535,0.023,0.0,0.0,1.0774700442773575,0.42730302823591393,0,0,100,0.0,0.7177019244209505,0.0,0.6904516908971464,0.0,0.0,0.0,0.0
full_nl,lstm,CftsWachter,75,1,0,3530.000249602026,116.09419940244739,0.0,0.0,0.0,0.0750247499589252,0.9601803996118431,0,0,100,0.0,0.8896097172264723,0.0,0.838977407408378,0.0,0.0,0.0,0.0
full_nl,lstm,CftsWachter,76,1,0,639.8130529969496,32.15334345564607,0.123,0.0,0.0,1.389909026054346,0.22715748657414372,0,0,100,0.0,0.5282097033568982,0.0,0.535331138179537,0.0,0.0,0.0,0.0
full_nl,lstm,CftsWachter,77,1,0,53.82742185255034,5.291221258556875,0.258,0.0,0.0,1.3269407970774345,0.7626629642956358,0,0,100,0.0,0.8519687418637214,0.0,0.9476431094157672,0.0,0.0,0.0,0.0
full_nl,lstm,CftsWachter,78,1,0,74.72469617473391,6.214356600671772,0.093,0.0,0.0,1.3565047727628707,0.8480970237953873,0,0,100,0.0,0.8657688191002503,0.0,0.928079433710076,0.0,0.0,0.0,0.0
full_nl,lstm,CftsWachter,79,1,0,632.1513763180885,31.601938855584404,0.099,0.0,0.0,1.3825758619630772,0.22423086481657348,0,0,100,0.0,0.524487476426635,0.0,0.5283580921560557,0.0,0.0,0.0,0.0
full_nl,lstm,CftsWachter,80,1,0,651.741961696468,33.85887510703762,0.177,0.0,0.0,1.2384141775245532,0.2278854407721258,0,0,100,0.0,0.49934469163798334,0.0,0.5229840614729573,0.0,0.0,0.0,0.0
full_nl,lstm,CftsWachter,81,1,0,1094.1566059589622,47.591185448732695,0.021,0.0,0.0,1.09591526804252,0.36099463548784283,0,0,100,0.0,0.6612305833435607,0.0,0.6423376906889562,0.0,0.0,0.0,0.0
full_nl,lstm,CftsWachter,82,1,0,1501.2375705392956,55.42300311927976,0.0,0.0,0.0,1.7077471959096948,0.9841217298084209,0,0,100,0.0,0.8652405634599835,0.0,0.8049589523741338,0.0,0.0,0.0,0.0
full_nl,lstm,CftsWachter,83,1,0,2690.98179717785,93.34461613086623,0.001,0.0,0.0,0.5193075928215324,0.971090467287292,0,0,100,0.0,0.8949994437109948,0.0,0.8426866479718617,0.0,0.0,0.0,0.0
full_nl,lstm,CftsWachter,84,1,0,1474.4934271852312,58.47636369992606,0.0,0.0,0.0,0.9672696845964744,0.963158738337286,0,0,100,0.0,0.8867860209404745,0.0,0.6130408763469879,0.0,0.0,0.0,0.0
full_nl,lstm,CftsWachter,85,1,0,1562.0594693949981,57.08850491043995,0.0,0.0,0.0,1.7245162710777067,0.9861634779784236,0,0,100,0.0,0.8883089363169644,0.0,0.8235151957389213,0.0,0.0,0.0,0.0
full_nl,lstm,CftsWachter,86,1,0,804.1525060088285,38.09628069758871,0.149,0.0,0.0,1.2016930716223113,0.22515595076454212,0,0,100,0.0,0.47605769395828595,0.0,0.47478533321185873,0.0,0.0,0.0,0.0
full_nl,lstm,CftsWachter,87,1,0,1488.5874968012504,59.04975915983263,0.001,0.0,0.0,0.9483434183465408,0.9778055555530532,0,0,100,0.0,0.8813299186169844,0.0,0.825738651384126,0.0,0.0,0.0,0.0
full_nl,lstm,CftsWachter,88,1,0,1064.5898122711671,42.29015387035562,0.017,0.0,0.0,1.7072747218155064,0.2284495470180654,0,0,100,0.0,0.5740222330998689,0.0,0.5726041020837137,0.0,0.0,0.0,0.0
full_nl,lstm,CftsWachter,89,1,0,2110.226259967597,76.03090471230276,0.002,0.0,0.0,0.7039129945679087,0.3041851259211936,0,0,100,0.0,0.6253626191842645,0.0,0.6265399075444138,0.0,0.0,0.0,0.0
full_nl,lstm,CftsWachter,90,1,0,3522.82629153384,115.90696350710348,0.0,0.0,0.0,0.06810149173953557,0.9888127232758714,0,0,100,0.0,0.8938687795265101,0.0,0.8553778121775778,0.0,0.0,0.0,0.0
full_nl,lstm,CftsWachter,91,1,0,719.5757859481903,35.98585936590301,0.12,0.0,0.0,1.2370233281972365,0.23461141432702853,0,0,100,0.0,0.5468957768504717,0.0,0.5718331605069878,0.0,0.0,0.0,0.0
full_nl,lstm,CftsWachter,92,1,0,1080.889765084281,42.89999131397775,0.013,0.0,0.0,1.7038818365720474,0.2419436304810224,0,0,100,0.0,0.5783760533617456,0.0,0.579180656428218,0.0,0.0,0.0,0.0
full_nl,lstm,CftsWachter,93,1,0,2535.62528708821,88.41814493254778,0.001,0.0,0.0,0.6390802628662907,0.9617598736965854,0,0,100,0.0,0.8865950070687724,0.0,0.8452525376765264,0.0,0.0,0.0,0.0
full_nl,lstm,CftsWachter,94,1,0,647.1361476983656,32.32615041601982,0.11,0.0,0.0,1.3868928552840278,0.22315604193895588,0,0,100,0.0,0.5143741901525771,0.0,0.5239368753069787,0.0,0.0,0.0,0.0
full_nl,lstm,CftsWachter,95,1,0,709.513012906165,35.488617164212386,0.122,0.0,0.0,1.2397916145982348,0.2389237706813491,0,0,100,0.0,0.553712597410112,0.0,0.5662643948435925,0.0,0.0,0.0,0.0
full_nl,lstm,CftsWachter,96,1,0,1455.8788033359015,58.05465085302924,0.001,0.0,0.0,0.9792292921970034,0.9553321933081983,0,0,100,0.0,0.8745800258224726,0.0,0.8003345188578713,0.0,0.0,0.0,0.0
full_nl,lstm,CftsWachter,97,1,0,63.057320132184316,6.376131569237769,0.208,0.0,0.0,1.3847453243417347,0.723752625869304,0,0,100,0.0,0.8456211094685818,0.0,0.9389161320467767,0.0,0.0,0.0,0.0
full_nl,lstm,CftsWachter,98,1,0,1530.6828525488045,56.38849009594401,0.0,0.0,0.0,1.7150935476378104,0.950105009415794,0,0,100,0.0,0.8574021884114494,0.0,0.8196983013306145,0.0,0.0,0.0,0.0
full_nl,lstm,CftsWachter,99,1,0,1468.4972995562057,58.50687383959605,0.002,0.0,0.0,0.9833626228561888,0.9567095409528207,0,0,100,0.0,0.8604023089749744,0.0,0.811360451653246,0.0,0.0,0.0,0.0
full_nl,lstm,NoiselessSCMRecourse,0,0,1,1060.0414524063863,49.274502591518356,0.25,0.0,0.25,1.0124483085401867,0.3278902279074065,25,0,75,1.0,0.9999999364249466,0.0,0.8773004450163322,0.0,0.0,,
full_nl,lstm,NoiselessSCMRecourse,1,1,0,706.3128243697764,39.99843374235708,0.5,0.0,0.5,0.9755597739456265,0.6188943766260644,50,0,50,1.0,0.9999999254216427,0.0,0.8714024407575482,1.0,0.0,1.0,0.0
full_nl,lstm,NoiselessSCMRecourse,2,1,0,523.2738997616336,32.30230829627187,0.5,0.0,0.5,1.179837643688384,0.5997598725647952,50,0,50,1.0,0.9999998604344004,0.0,0.8872287637654093,1.0,0.0,1.0,0.0
full_nl,lstm,NoiselessSCMRecourse,3,1,0,532.4545975362213,32.745035862664096,0.5,0.0,0.5,1.1547211482879962,0.5891364046292974,50,0,50,1.0,0.9999999056223295,0.0,0.862435114356544,1.0,0.0,1.0,0.0
full_nl,lstm,NoiselessSCMRecourse,4,0,1,1092.8791724361959,50.23354147780884,0.25,0.0,0.25,0.9738796776697763,0.2773575857924568,25,0,75,1.0,0.9999999358550691,0.0,0.8747455303124464,0.0,0.0,,
full_nl,lstm,NoiselessSCMRecourse,5,0,1,1328.438364009818,59.18669698616901,0.251,0.0,0.25,0.8504957966799607,0.33816730049345006,25,0,75,1.0,0.9999999385100299,0.0,0.8675426217844799,0.0,0.0,,
full_nl,lstm,NoiselessSCMRecourse,6,1,0,1191.9440182569294,59.53471225041771,0.5,0.0,0.5,0.6666745314006466,0.6284929409173048,50,0,50,1.0,0.9999999267908839,0.0,0.11429168746076489,1.0,0.0,1.0,0.0
full_nl,lstm,NoiselessSCMRecourse,7,1,0,525.4063038889917,32.61519231962186,0.501,0.0,0.5,1.1963071955226547,0.6301399297110045,50,0,50,1.0,0.9999999114496401,0.0,0.29195929572704027,1.0,0.0,1.0,0.0
full_nl,lstm,NoiselessSCMRecourse,8,1,0,706.729256253301,40.09980192931179,0.5,0.0,0.5,0.9639943547185765,0.5882407929861813,50,0,50,1.0,0.9999999298123423,0.0,0.2700983072180892,1.0,0.0,1.0,0.0
full_nl,lstm,NoiselessSCMRecourse,9,0,1,77.60439737300332,6.157698087182001,0.505,0.0,0.5,1.2574504157552602,0.5681949374460776,50,0,50,1.0,0.9999999364556683,0.0,0.8970550530292292,0.0,0.0,,
full_nl,lstm,NoiselessSCMRecourse,10,1,0,699.7803502974608,39.55690843595355,0.5,0.0,0.5,0.9745928293036025,0.57150241870668,50,0,50,1.0,0.9999999264387338,0.0,0.2684539760685236,1.0,0.0,1.0,0.0
full_nl,lstm,NoiselessSCMRecourse,11,0,1,1040.2149853609003,48.61622142937332,0.25,0.0,0.25,1.0049175327883897,0.31737226746349306,25,0,75,1.0,0.9999999379403222,0.0,0.2620769848317934,0.0,0.0,,
full_nl,lstm,NoiselessSCMRecourse,12,1,0,1770.4114300668768,73.03582066565811,0.25,0.0,0.25,0.6677535736403052,0.3289122266284612,25,0,75,1.0,0.9999999366956783,0.0,0.8435130835299249,1.0,0.0,1.0,0.0
full_nl,lstm,NoiselessSCMRecourse,13,1,0,524.9292025828074,32.5913303293101,0.5,0.0,0.5,1.18103326260567,0.5874361696606598,50,0,50,1.0,0.9999999303202207,0.0,0.38287462971807884,1.0,0.0,1.0,0.0
full_nl,lstm,NoiselessSCMRecourse,14,0,1,716.3414674543196,40.22608360812402,0.5,0.0,0.5,0.9835337121065837,0.6208753229055486,50,0,50,1.0,0.9999999337099909,0.0,0.26574354694932245,0.0,0.0,,
full_nl,lstm,NoiselessSCMRecourse,15,0,1,99.36955952152324,6.842298643597394,0.502,0.0,0.5,1.240487917052772,0.5698544887351926,50,0,50,1.0,0.9999999325237132,0.0,0.8516061082014985,0.0,0.0,,
full_nl,lstm,NoiselessSCMRecourse,16,1,0,526.6419870652669,32.520691988055106,0.501,0.0,0.5,1.1686852352963828,0.5982547486477228,50,0,50,1.0,0.9999998945850637,0.0,0.36483817133364493,1.0,0.0,1.0,0.0
full_nl,lstm,NoiselessSCMRecourse,17,1,0,1750.8480593213126,72.35986987020154,0.25,0.0,0.25,0.6803135243774435,0.35466723514933285,25,0,75,1.0,0.9999997932720781,0.0,0.2599076253874877,1.0,0.0,1.0,0.0
full_nl,lstm,NoiselessSCMRecourse,18,0,1,714.0066343965981,40.289842787712224,0.5,0.0,0.5,0.9869076662549874,0.5784362094406725,50,0,50,1.0,0.9999999372106626,0.0,0.8839760074225396,0.0,0.0,,
full_nl,lstm,NoiselessSCMRecourse,19,0,1,705.3189229369862,39.87846556691442,0.5,0.0,0.5,0.9877515294779761,0.5593583241109532,50,0,50,1.0,0.999999931859347,0.0,0.855678136804752,0.0,0.0,,
full_nl,lstm,NoiselessSCMRecourse,20,0,1,1048.6122519692449,48.79675687805564,0.25,0.0,0.25,1.0151108704905667,0.3160579150350363,25,0,75,1.0,0.9999999373436539,0.0,0.6997096996442483,0.0,0.0,,
full_nl,lstm,NoiselessSCMRecourse,21,0,1,133.69847585800534,8.326019293134863,0.263,0.0,0.26,1.2138452386648513,0.2532817359467501,26,1,74,1.0,0.9999999408414786,0.0,0.837163160074627,0.0,0.0,,
full_nl,lstm,NoiselessSCMRecourse,22,0,1,1075.1767570614352,49.50925042085678,0.25,0.0,0.25,0.9845582498252867,0.3630519600384241,25,0,75,1.0,0.9999999390443425,0.0,0.8883398223817318,0.0,0.0,,
full_nl,lstm,NoiselessSCMRecourse,23,1,0,673.0662050393635,38.436928723120566,0.5,0.0,0.5,0.9926280919096337,0.6006920021698577,50,0,50,1.0,0.9999998132258912,0.0,0.2850065467510687,1.0,0.0,1.0,0.0
full_nl,lstm,NoiselessSCMRecourse,24,1,0,1194.2043016881128,59.93215455182165,0.5,0.0,0.5,0.6590974030848514,0.5688840658130991,50,0,50,1.0,0.9999999278132051,0.0,0.872968165981674,1.0,0.0,1.0,0.0
full_nl,lstm,NoiselessSCMRecourse,25,1,0,526.9979555491011,32.615572849078035,0.5,0.0,0.5,1.1776590404999772,0.605431983514446,50,0,50,1.0,0.9999999336173461,0.0,0.7828167397155115,1.0,0.0,1.0,0.0
full_nl,lstm,NoiselessSCMRecourse,26,0,1,679.8547696489635,38.95141763553305,0.5,0.0,0.5,1.0157275761886015,0.5821274159550868,50,0,50,1.0,0.9999999346455821,0.0,0.8709551139181846,0.0,0.0,,
full_nl,lstm,NoiselessSCMRecourse,27,0,1,1054.1896199197972,48.82916396439685,0.25,0.0,0.25,1.0010010430160723,0.3113089496396286,25,0,75,1.0,0.9999999358356925,0.0,0.8897608172448317,0.0,0.0,,
full_nl,lstm,NoiselessSCMRecourse,28,0,1,108.05834948437945,5.714001291019991,0.252,0.0,0.25,1.1842607841135933,0.2577270177917209,25,0,75,1.0,0.9999999383117639,0.0,0.8720983425088618,0.0,0.0,,
full_nl,lstm,NoiselessSCMRecourse,29,1,0,492.3779478755587,31.194154644138646,0.501,0.0,0.5,1.17008659300813,0.5851273349046201,50,0,50,1.0,0.9999995152852501,0.0,0.3896499504782335,1.0,0.0,1.0,0.0
full_nl,lstm,NoiselessSCMRecourse,30,0,1,95.26960067016729,7.399801480277281,0.5,0.0,0.5,1.1624845783864457,0.5830199058891573,50,0,50,1.0,0.9999999385148706,0.0,0.8768911572736633,0.0,0.0,,
full_nl,lstm,NoiselessSCMRecourse,31,1,0,522.515552394673,32.33447449831898,0.5,0.0,0.5,1.1819571867315546,0.5694156159583114,50,0,50,1.0,0.9999999010570925,0.0,0.8837899821366794,1.0,0.0,1.0,0.0
full_nl,lstm,NoiselessSCMRecourse,32,0,1,1044.4274039118613,48.676972147631496,0.25,0.0,0.25,1.0109556872762226,0.31067478016584354,25,0,75,1.0,0.9999999364024923,0.0,0.869968983302414,0.0,0.0,,
full_nl,lstm,NoiselessSCMRecourse,33,0,1,714.4560311779463,40.27771763705765,0.501,0.0,0.5,0.9954942169696293,0.5903098752706311,50,0,50,1.0,0.9999999372919006,0.0,0.8856280144475398,0.0,0.0,,
full_nl,lstm,NoiselessSCMRecourse,34,1,0,725.1760373278308,40.582921981294355,0.5,0.0,0.5,0.9536347007075296,0.5821298910768438,50,0,50,1.0,0.9999999238632861,0.0,0.837102875396039,1.0,0.0,1.0,0.0
full_nl,lstm,NoiselessSCMRecourse,35,0,1,1063.391384904584,49.138086348156094,0.251,0.0,0.25,0.9978569713636465,0.2869678467361172,25,0,75,1.0,0.9999999331510301,0.0,0.8855761737255569,0.0,0.0,,
full_nl,lstm,NoiselessSCMRecourse,36,1,0,689.2161433468775,39.18884749286735,0.5,0.0,0.5,0.9803511831012903,0.6277252151159884,50,0,50,1.0,0.9999999065767966,0.0,0.8828813852490656,1.0,0.0,1.0,0.0
full_nl,lstm,NoiselessSCMRecourse,37,1,0,526.7560309774714,32.68203011093363,0.5,0.0,0.5,1.1794226669668408,0.5652984197046781,50,0,50,1.0,0.9999998939324722,0.0,0.8616634831187225,1.0,0.0,1.0,0.0
full_nl,lstm,NoiselessSCMRecourse,38,0,1,95.84888102798342,4.8583706129770325,0.256,0.0,0.25,1.2665163138074613,0.273651874605799,25,0,75,1.0,0.9999999381428205,0.0,0.8827477610730964,0.0,0.0,,
full_nl,lstm,NoiselessSCMRecourse,39,1,0,679.9376366005013,38.74457286583888,0.5,0.0,0.5,1.0022614829743133,0.5282013732072791,50,0,50,1.0,0.9999999312422133,0.0,0.863376713803385,1.0,0.0,1.0,0.0
full_nl,lstm,NoiselessSCMRecourse,40,0,1,1053.9282828375299,48.86816465244354,0.25,0.0,0.25,1.0043074303765605,0.35500520994553336,25,0,75,1.0,0.9999999416673644,0.0,0.8755359123892017,0.0,0.0,,
full_nl,lstm,NoiselessSCMRecourse,41,0,1,1075.6893326728762,49.48380711987107,0.251,0.0,0.25,0.9901673422244978,0.2889985086181591,25,0,75,1.0,0.9999999384327879,0.0,0.8837736474559541,0.0,0.0,,
full_nl,lstm,NoiselessSCMRecourse,42,1,0,656.0186988825781,38.01263366873108,0.501,0.0,0.5,0.9977852734511249,0.5607592452150842,50,0,50,1.0,0.9999995051321928,0.0,0.8318784311179246,1.0,0.0,1.0,0.0
full_nl,lstm,NoiselessSCMRecourse,43,1,0,506.8574132030792,31.864557107694658,0.5,0.0,0.5,1.1922562914057913,0.5769412417525183,50,0,50,1.0,0.9999999191697984,0.0,0.8765890599981909,1.0,0.0,1.0,0.0
full_nl,lstm,NoiselessSCMRecourse,44,0,1,696.8674047900739,39.51296072822775,0.5,0.0,0.5,0.9908180125365749,0.6155344220479173,50,0,50,1.0,0.9999999314802788,0.0,0.8800271184581211,0.0,0.0,,
full_nl,lstm,NoiselessSCMRecourse,45,1,0,696.1683540207109,39.62928784504571,0.501,0.0,0.5,0.9792967987305047,0.5884093177280868,50,0,50,1.0,0.9999999084912006,0.0,0.35249392456386147,1.0,0.0,1.0,0.0
full_nl,lstm,NoiselessSCMRecourse,46,0,1,704.5731841061516,39.96391338090014,0.5,0.0,0.5,1.008934749764443,0.5882811731772549,50,0,50,1.0,0.9999999369965172,0.0,0.8733781592624463,0.0,0.0,,
full_nl,lstm,NoiselessSCMRecourse,47,0,1,718.0634602915768,40.303384285254914,0.5,0.0,0.5,0.9752529298695896,0.613473385724875,50,0,50,1.0,0.9999999365358191,0.0,0.8799403449892882,0.0,0.0,,
full_nl,lstm,NoiselessSCMRecourse,48,0,1,114.39104200689037,8.968386776594503,0.503,0.0,0.5,1.1062162056449711,0.5574621853168246,50,0,50,1.0,0.99999989185218,0.0,0.2692677111110264,0.0,0.0,,
full_nl,lstm,NoiselessSCMRecourse,49,0,1,96.65425393654611,5.1407195993917325,0.268,0.0,0.26,1.238944561698989,0.2543511216715224,26,1,74,1.0,0.999999939525549,0.0,0.878544711206839,0.0,0.0,,
full_nl,lstm,NoiselessSCMRecourse,50,0,1,1082.2778618584525,49.799792346343594,0.25,0.0,0.25,0.9820048632176658,0.35169196973678984,25,0,75,1.0,0.9999999395125053,0.0,0.8480602168221515,0.0,0.0,,
full_nl,lstm,NoiselessSCMRecourse,51,1,0,512.3981487092645,32.08585339031384,0.5,0.0,0.5,1.1895523559588,0.6091711185408106,50,0,50,1.0,0.9999998004680288,0.0,0.8748292297421126,1.0,0.0,1.0,0.0
full_nl,lstm,NoiselessSCMRecourse,52,0,1,115.8583142543877,7.4906014289165865,0.263,0.0,0.26,1.2165235919826005,0.2615032498174216,26,1,74,1.0,0.9999999374510519,0.0,0.8570201747076861,0.0,0.0,,
full_nl,lstm,NoiselessSCMRecourse,53,0,1,1036.0654486394847,48.15494270609613,0.25,0.0,0.25,1.0107827216812928,0.29704665219406856,25,0,75,1.0,0.99999993841319,0.0,0.8426413435519836,0.0,0.0,,
full_nl,lstm,NoiselessSCMRecourse,54,1,0,531.4454004667937,32.81495624002931,0.5,0.0,0.5,1.169142226656433,0.5486697625584869,50,0,50,1.0,0.9999999334023039,0.0,0.8499298570089737,1.0,0.0,1.0,0.0
full_nl,lstm,NoiselessSCMRecourse,55,1,0,523.1326824892348,32.332871325528,0.5,0.0,0.5,1.182968346789792,0.5688082616594144,50,0,50,1.0,0.9999999275497713,0.0,0.8740692226793474,1.0,0.0,1.0,0.0
full_nl,lstm,NoiselessSCMRecourse,56,0,1,1076.6148462793722,49.63770140995139,0.25,0.0,0.25,0.9972788731159972,0.3129479775530619,25,0,75,1.0,0.9999999383175013,0.0,0.8728666411481375,0.0,0.0,,
full_nl,lstm,NoiselessSCMRecourse,57,0,1,716.2502511636616,40.318238080732776,0.5,0.0,0.5,0.9892833974580947,0.6388895830350895,50,0,50,1.0,0.9999999374373053,0.0,0.883268250572059,0.0,0.0,,
full_nl,lstm,NoiselessSCMRecourse,58,1,0,510.16114940597544,31.91928176045664,0.5,0.0,0.5,1.1709438256760174,0.5437684415197999,50,0,50,1.0,0.9999997462720097,0.0,0.8259995890751456,1.0,0.0,1.0,0.0
full_nl,lstm,NoiselessSCMRecourse,59,0,1,1079.4961224251656,49.60717033611524,0.251,0.0,0.25,0.9764110322666358,0.3228540125948246,25,0,75,1.0,0.9999999367855653,0.0,0.8789137395511403,0.0,0.0,,
full_nl,lstm,NoiselessSCMRecourse,60,1,0,514.992626876856,32.05218122191593,0.501,0.0,0.5,1.1760319455905015,0.5916686982636452,50,0,50,1.0,0.9999998036732684,0.0,0.3729587052837319,1.0,0.0,1.0,0.0
full_nl,lstm,NoiselessSCMRecourse,61,1,0,500.2861800700434,31.56534953625269,0.5,0.0,0.5,1.1741026109046224,0.5515137603496776,50,0,50,1.0,0.9999997382177824,0.0,0.8504854701371665,1.0,0.0,1.0,0.0
full_nl,lstm,NoiselessSCMRecourse,62,0,1,701.7218374020993,39.67449973591395,0.5,0.0,0.5,1.0097245593706188,0.5839789580827772,50,0,50,1.0,0.9999999357792161,0.0,0.8814737037680459,0.0,0.0,,
full_nl,lstm,NoiselessSCMRecourse,63,1,0,507.9004013213912,32.02575276296312,0.501,0.0,0.5,1.190609933079313,0.5734885320536268,50,0,50,1.0,0.9999998465561375,0.0,0.8741159795348644,1.0,0.0,1.0,0.0
full_nl,lstm,NoiselessSCMRecourse,64,1,0,1371.1371709773753,60.70668092318604,0.25,0.0,0.25,0.8161898916023986,0.31334663854601297,25,0,75,1.0,0.9999999172407642,0.0,0.8825183246831827,1.0,0.0,1.0,0.0
full_nl,lstm,NoiselessSCMRecourse,65,0,1,1077.4800495732668,49.972249962139,0.252,0.0,0.25,0.9878827174176956,0.2888096919941546,25,0,75,1.0,0.9999999393556198,0.0,0.8518384976123372,0.0,0.0,,
full_nl,lstm,NoiselessSCMRecourse,66,0,1,1124.6456884000113,51.30240378485526,0.25,0.0,0.25,0.9412701231167829,0.3259267227208267,25,0,75,1.0,0.9999999392888421,0.0,0.8818137320441725,0.0,0.0,,
full_nl,lstm,NoiselessSCMRecourse,67,0,1,63.392662251576844,3.895427207304785,0.514,0.0,0.51,1.1851760151484352,0.4680297498760751,51,1,49,1.0,0.9999999366850931,0.0,0.8810435262479618,0.0,0.0,,
full_nl,lstm,NoiselessSCMRecourse,68,0,1,694.5337364036167,39.674074372796895,0.5,0.0,0.5,1.0320044267665052,0.6191766313692003,50,0,50,1.0,0.9999999341026874,0.0,0.8883062808770013,0.0,0.0,,
full_nl,lstm,NoiselessSCMRecourse,69,0,1,110.24653487401349,6.473657626877279,0.267,0.0,0.26,1.1855299686475433,0.2662194202896947,26,1,74,1.0,0.9999999368780514,0.0,0.8628656685817598,0.0,0.0,,
full_nl,lstm,NoiselessSCMRecourse,70,0,1,92.12981251267078,8.234302797474552,0.504,0.0,0.5,1.3107310558497711,0.5762729005943433,50,0,50,1.0,0.9999999270141468,0.0,0.872577355254993,0.0,0.0,,
full_nl,lstm,NoiselessSCMRecourse,71,1,0,681.8635438509409,39.07062728001002,0.5,0.0,0.5,1.0010159005166668,0.5609786874655273,50,0,50,1.0,0.9999999296302924,0.0,0.8467490090448941,1.0,0.0,1.0,0.0
full_nl,lstm,NoiselessSCMRecourse,72,0,1,1045.5378005971136,48.46436183940537,0.25,0.0,0.25,1.00598227174295,0.2989610589875353,25,0,75,1.0,0.9999999375047018,0.0,0.8777339084880502,0.0,0.0,,
full_nl,lstm,NoiselessSCMRecourse,73,1,0,511.4215241097845,32.08673498821817,0.501,0.0,0.5,1.1733035955504025,0.534361391097721,50,0,50,1.0,0.9999999165644273,0.0,0.863846121140812,1.0,0.0,1.0,0.0
full_nl,lstm,NoiselessSCMRecourse,74,1,0,1061.2237172956554,49.01543923709805,0.25,0.0,0.25,0.9824397502975925,0.29906498309099594,25,0,75,1.0,0.9999999310327219,0.0,0.256532692612004,1.0,0.0,1.0,0.0
full_nl,lstm,NoiselessSCMRecourse,75,1,0,2478.2504622654137,96.52398648189971,0.25,0.0,0.25,0.0875919495389953,0.3407026754691062,25,0,75,1.0,0.9999998911113877,0.0,0.8450559446447924,1.0,0.0,1.0,0.0
full_nl,lstm,NoiselessSCMRecourse,76,1,0,672.4110179337953,38.63747616852131,0.5,0.0,0.5,1.0082544538835052,0.5718822089792895,50,0,50,1.0,0.9999999268537887,0.0,0.8522834752316957,1.0,0.0,1.0,0.0
full_nl,lstm,NoiselessSCMRecourse,77,0,1,713.3806232440818,40.28030627185628,0.5,0.0,0.5,0.9890985142197182,0.6248412852701105,50,0,50,1.0,0.9999999349207509,0.0,0.8922014712544826,0.0,0.0,,
full_nl,lstm,NoiselessSCMRecourse,78,0,1,102.77475338578355,5.668556706507301,0.261,0.0,0.26,1.202317345164338,0.23540131224075156,26,1,74,1.0,0.9999999405721367,0.0,0.8737185309115015,0.0,0.0,,
full_nl,lstm,NoiselessSCMRecourse,79,1,0,664.8301667519125,38.17577628639337,0.5,0.0,0.5,1.0006403259849508,0.5789603652763843,50,0,50,1.0,0.9999998355473733,0.0,0.79147027194336,1.0,0.0,1.0,0.0
full_nl,lstm,NoiselessSCMRecourse,80,1,0,1781.8878028191011,73.19292389704472,0.25,0.0,0.25,0.6674720383513262,0.3458743642020974,25,0,75,1.0,0.9999999052655676,0.0,0.25932500526570323,1.0,0.0,1.0,0.0
full_nl,lstm,NoiselessSCMRecourse,81,0,1,1075.792091339041,49.89922352641907,0.25,0.0,0.25,0.9863184805789684,0.3123947195441733,25,0,75,1.0,0.999999938841211,0.0,0.8743389754247748,0.0,0.0,,
full_nl,lstm,NoiselessSCMRecourse,82,0,1,1096.5308635057997,50.348319171430994,0.25,0.0,0.25,0.9843367487211827,0.37887568553654644,25,0,75,1.0,0.9999999351914585,0.0,0.8531898518105427,0.0,0.0,,
full_nl,lstm,NoiselessSCMRecourse,83,1,0,862.3554072959937,47.63537073593783,0.5,0.0,0.5,0.8465234850126394,0.5693409563718013,50,0,50,1.0,0.9999999035563006,0.0,0.8459139299227071,1.0,0.0,1.0,0.0
full_nl,lstm,NoiselessSCMRecourse,84,1,0,702.6824921313934,39.691969884863525,0.5,0.0,0.5,0.9881565172750914,0.6513957057599292,50,0,50,1.0,0.9999999309411862,0.0,0.26626243091223456,1.0,0.0,1.0,0.0
full_nl,lstm,NoiselessSCMRecourse,85,0,1,706.1912881795495,39.89754988972622,0.5,0.0,0.5,0.9923531772038884,0.6176155649666079,50,0,50,1.0,0.9999999373629105,0.0,0.8734994310996036,0.0,0.0,,
full_nl,lstm,NoiselessSCMRecourse,86,0,1,90.5455531347242,4.633572718221647,0.263,0.0,0.26,1.2948511413821828,0.21954864153931666,26,1,74,1.0,0.9999999403804252,0.0,0.8863125457192866,0.0,0.0,,
full_nl,lstm,NoiselessSCMRecourse,87,1,0,707.6835305120907,39.92303518518135,0.5,0.0,0.5,0.9696255204761354,0.5734351306910892,50,0,50,1.0,0.9999999207241532,0.0,0.8714736442796529,1.0,0.0,1.0,0.0
full_nl,lstm,NoiselessSCMRecourse,88,1,0,1055.0076710393882,48.89361635971831,0.25,0.0,0.25,1.0066170448982052,0.3316225556535217,25,0,75,1.0,0.9999999376133509,0.0,0.8732192338368757,1.0,0.0,1.0,0.0
full_nl,lstm,NoiselessSCMRecourse,89,1,0,522.1690549692621,32.37807208046715,0.5,0.0,0.5,1.1781317976609373,0.6062872224531337,50,0,50,1.0,0.9999999116729985,0.0,0.8889689002203802,1.0,0.0,1.0,0.0
full_nl,lstm,NoiselessSCMRecourse,90,1,0,508.5643076259162,31.732244841171397,0.501,0.0,0.5,1.1815276659495595,0.5339588458020118,50,0,50,1.0,0.9999999057791321,0.0,0.8558141690599089,1.0,0.0,1.0,0.0
full_nl,lstm,NoiselessSCMRecourse,91,1,0,518.9163813166756,32.38519888003932,0.502,0.0,0.5,1.1889485163957718,0.6027313186318497,50,0,50,1.0,0.9999999133413446,0.0,0.3695436635234103,1.0,0.0,1.0,0.0
full_nl,lstm,NoiselessSCMRecourse,92,1,0,690.3842810410906,39.1850952679605,0.5,0.0,0.5,1.0014052504374784,0.5608613787377862,50,0,50,1.0,0.9999999386689161,0.0,0.2791324384754772,1.0,0.0,1.0,0.0
full_nl,lstm,NoiselessSCMRecourse,93,0,1,1076.717309871254,49.88177711261105,0.251,0.0,0.25,0.9872983162411783,0.3277634321250062,25,0,75,1.0,0.9999999365217278,0.0,0.8756715029032536,0.0,0.0,,
full_nl,lstm,NoiselessSCMRecourse,94,0,1,1054.8192352633928,49.02386649510463,0.25,0.0,0.25,1.010941444563568,0.3166878293411734,25,0,75,1.0,0.9999999390313398,0.0,0.8637549935692156,0.0,0.0,,
full_nl,lstm,NoiselessSCMRecourse,95,1,0,525.7639066089108,32.592571412804396,0.5,0.0,0.5,1.18002467287793,0.5634419341032755,50,0,50,1.0,0.9999999076728256,0.0,0.36231698620076236,1.0,0.0,1.0,0.0
full_nl,lstm,NoiselessSCMRecourse,96,1,0,1080.3523045933132,49.657758552965895,0.25,0.0,0.25,0.9754526149163564,0.34138615616352985,25,0,75,1.0,0.9999999340371043,0.0,0.8621871537817608,1.0,0.0,1.0,0.0
full_nl,lstm,NoiselessSCMRecourse,97,0,1,696.9333104358949,39.52027940437017,0.501,0.0,0.5,1.0103502137052667,0.6265831268896217,50,0,50,1.0,0.999999936295573,0.0,0.869293635996489,0.0,0.0,,
full_nl,lstm,NoiselessSCMRecourse,98,0,1,112.00380418423745,9.101973976855115,0.501,0.0,0.5,1.130854292729582,0.5520457824771243,50,0,50,1.0,0.9999999115025324,0.0,0.8693498172244801,0.0,0.0,,
full_nl,lstm,NoiselessSCMRecourse,99,1,0,1049.686362003964,48.63039742948794,0.25,0.0,0.25,1.010670266555879,0.3068444691549452,25,0,75,1.0,0.9999999381128408,0.0,0.26690454212259246,1.0,0.0,1.0,0.0
full_nl,lstm,PearlSCMRecourse,0,0,1,1066.5772969185805,49.211404172730646,0.25,0.0,0.25,0.9831942592171514,0.9412303014081307,25,0,1,0.0,0.8763860617114069,1.0,0.999999902665991,0.0,0.0,,
full_nl,lstm,PearlSCMRecourse,1,1,0,1156.5893662084861,58.89372422166424,0.5,0.0,0.5,0.6422551764585529,0.8997371028894133,50,0,1,0.0,0.3529265596995845,1.0,0.9999998033644899,0.0,1.0,0.0,1.0
full_nl,lstm,PearlSCMRecourse,2,1,0,513.8110577446799,32.10783689401712,0.501,0.0,0.5,1.1781349109310502,0.895125392489949,50,0,1,0.0,0.8873737245835333,1.0,0.9999999056849879,0.0,1.0,0.0,1.0
full_nl,lstm,PearlSCMRecourse,3,1,0,499.1924015147427,31.57259828929115,0.501,0.0,0.5,1.1699064635873053,0.938023440240133,50,0,1,0.0,0.8627962700405544,1.0,0.999999884184376,0.0,1.0,0.0,1.0
full_nl,lstm,PearlSCMRecourse,4,1,0,739.4961503985356,41.21660457987789,0.5,0.0,0.5,0.9617480957686546,0.8761907608775906,50,0,1,0.0,0.8880253895086305,1.0,0.9999999173817873,0.0,1.0,0.0,1.0
full_nl,lstm,PearlSCMRecourse,5,0,1,7.930629906061082e-05,4.241272397062703e-06,1.0,1.0,1.0,1.2352777238228465,0.9847214116293543,99,1,0,nan,nan,nan,nan,0.0,0.0,,
full_nl,lstm,PearlSCMRecourse,6,1,0,736.3392889308979,41.16509772412166,0.5,0.0,0.5,0.9416417758830541,0.9222204245964569,50,0,1,0.0,0.8106881577001,1.0,0.9999998741258698,0.0,1.0,0.0,1.0
full_nl,lstm,PearlSCMRecourse,7,1,0,527.250939082646,32.61021831044714,0.5,0.0,0.5,1.1687251144295507,0.8722501405516324,50,0,1,0.0,0.35293820917638774,1.0,0.9999999031303044,0.0,1.0,0.0,1.0
full_nl,lstm,PearlSCMRecourse,8,1,0,716.9603807277306,40.35735571966755,0.501,0.0,0.5,0.9344767644898543,0.9271891849115104,50,0,1,0.0,0.871757651338,1.0,0.9999998834195573,0.0,1.0,0.0,1.0
full_nl,lstm,PearlSCMRecourse,9,0,1,7.439120121825737e-05,3.4741669364235995e-06,1.0,1.0,1.0,1.2456541923599318,0.9700215628903904,99,1,0,nan,nan,nan,nan,0.0,0.0,,
full_nl,lstm,PearlSCMRecourse,10,1,0,718.9865988966877,40.279780967926065,0.5,0.0,0.5,0.9473132749881352,0.9572904152710965,50,0,1,0.0,0.8678339590190671,1.0,0.9999998904923053,0.0,1.0,0.0,1.0
full_nl,lstm,PearlSCMRecourse,11,1,0,688.6088808777957,39.16251328194406,0.5,0.0,0.5,1.0019064672638731,0.8378487692529634,50,0,1,0.0,0.8640623376764345,1.0,0.999999789039281,0.0,1.0,0.0,1.0
full_nl,lstm,PearlSCMRecourse,12,1,0,1713.2290510585926,71.54055659644901,0.25,0.0,0.25,0.6715807991608717,0.9530885069334591,25,0,1,0.0,0.2828453973902356,1.0,0.9999998757126592,0.0,1.0,0.0,1.0
full_nl,lstm,PearlSCMRecourse,13,1,0,486.8810908599189,31.05456928237187,0.501,0.0,0.5,1.1796871396368307,0.9521268058023824,50,0,1,0.0,0.8523468962240645,1.0,0.999999863575295,0.0,1.0,0.0,1.0
full_nl,lstm,PearlSCMRecourse,14,0,1,1089.4117581629116,50.05554781944108,0.251,0.0,0.25,0.96579204985438,0.9143709480766734,25,0,1,0.0,0.8811378513366959,1.0,0.99999991055043,0.0,0.0,,
full_nl,lstm,PearlSCMRecourse,15,0,1,7.736642172125746e-05,3.9742722188935275e-06,1.0,1.0,1.0,1.2318813242145792,0.9682200939620772,99,1,0,nan,nan,nan,nan,0.0,0.0,,
full_nl,lstm,PearlSCMRecourse,16,1,0,509.8279047326109,31.90269856107953,0.5,0.0,0.5,1.1721245865684733,0.9251458415067106,50,0,1,0.0,0.8484410718098229,1.0,0.9999999017518335,0.0,1.0,0.0,1.0
full_nl,lstm,PearlSCMRecourse,17,1,0,526.7350829409723,32.45667546970018,0.5,0.0,0.5,1.1716761287017863,0.8529493054196531,50,0,1,0.0,0.8752744916860712,1.0,0.9999997553124484,0.0,1.0,0.0,1.0
full_nl,lstm,PearlSCMRecourse,18,1,0,1203.138145457675,59.867992665819806,0.5,0.0,0.5,0.6516374735428159,0.8798604368832911,50,0,1,0.0,0.8714286647221583,1.0,0.9999999021876478,0.0,1.0,0.0,1.0
full_nl,lstm,PearlSCMRecourse,19,0,1,708.658885159043,40.24188141593863,0.5,0.0,0.5,0.9630212163800627,0.949830375319699,50,0,1,0.0,0.8498896852369945,1.0,0.9999998969931978,0.0,0.0,,
full_nl,lstm,PearlSCMRecourse,20,1,0,1218.6206354366755,55.12368907058177,0.25,0.0,0.25,0.8870163040388268,0.9471216208126896,25,0,1,0.0,0.697183382980083,1.0,0.9999998733817711,0.0,1.0,0.0,1.0
full_nl,lstm,PearlSCMRecourse,21,0,1,9.056523104962466e-05,5.247898213520143e-06,1.0,1.0,1.0,1.233455959081567,0.9481299931656819,99,1,0,nan,nan,nan,nan,0.0,0.0,,
full_nl,lstm,PearlSCMRecourse,22,1,0,687.8110559244574,39.05637064639546,0.5,0.0,0.5,0.9722681620357775,0.9300284185737332,50,0,1,0.0,0.8399664141840999,1.0,0.999999460696832,0.0,1.0,0.0,1.0
full_nl,lstm,PearlSCMRecourse,23,1,0,1037.9984421318188,48.26001478366438,0.25,0.0,0.25,0.9911389096361101,0.9371778459671876,25,0,1,0.0,0.8797276179785599,1.0,0.9999998989201627,0.0,1.0,0.0,1.0
full_nl,lstm,PearlSCMRecourse,24,0,1,1092.501271027181,50.09948741282949,0.25,0.0,0.25,0.9754131098058104,0.8825946863425823,25,0,1,0.0,0.8746900254024818,1.0,0.9999999176609256,0.0,0.0,,
full_nl,lstm,PearlSCMRecourse,25,1,0,484.59054209269516,30.75236507492788,0.5,0.0,0.5,1.1764929197158993,0.8800375239480139,50,0,1,0.0,0.8261368124466438,1.0,0.9999998745155978,0.0,1.0,0.0,1.0
full_nl,lstm,PearlSCMRecourse,26,0,1,1082.712008714301,49.74223138239909,0.25,0.0,0.25,0.9751991803237419,0.9169878230229547,25,0,1,0.0,0.8618141743818272,1.0,0.999999907136227,0.0,0.0,,
full_nl,lstm,PearlSCMRecourse,27,0,1,697.2975114871061,39.57506890362894,0.5,0.0,0.5,1.0067786248801531,0.9293773014885989,50,0,1,0.0,0.8940236054798325,1.0,0.9999999226611719,0.0,0.0,,
full_nl,lstm,PearlSCMRecourse,28,0,1,24.60277934293593,4.960313972002407,0.906,0.0,0.86,1.0900868505065218,0.8939866480223928,50,0,1,0.0,0.863058375975505,1.0,0.9999999052464368,0.0,0.0,,
full_nl,lstm,PearlSCMRecourse,29,1,0,493.63144365922807,31.267884014473044,0.5,0.0,0.5,1.1676958387869034,0.9152676355260575,50,0,1,0.0,0.8272974701835831,1.0,0.9999998688065501,0.0,1.0,0.0,1.0
full_nl,lstm,PearlSCMRecourse,30,0,1,26.520505281518076,5.1788959486679955,0.882,0.0,0.84,1.046372584808607,0.9498140312560652,50,0,1,0.0,0.8770553440251208,1.0,0.999999917918093,0.0,0.0,,
full_nl,lstm,PearlSCMRecourse,31,1,0,522.7935942140228,32.567374980075556,0.5,0.0,0.5,1.1760963348140294,0.9386654574254277,50,0,1,0.0,0.8778614673757404,1.0,0.9999999008571482,0.0,1.0,0.0,1.0
full_nl,lstm,PearlSCMRecourse,32,0,1,1063.860571762628,49.12801993579335,0.25,0.0,0.25,0.9855213986959518,0.9306914860112563,25,0,1,0.0,0.8699987193994287,1.0,0.999999904448642,0.0,0.0,,
full_nl,lstm,PearlSCMRecourse,33,0,1,714.2326991100143,40.30064903533997,0.5,0.0,0.5,0.9819264462730829,0.922232958420676,50,0,1,0.0,0.8850858794137443,1.0,0.9999999097683232,0.0,0.0,,
full_nl,lstm,PearlSCMRecourse,34,1,0,705.9691210939576,39.7710061733867,0.5,0.0,0.5,0.9523489830973606,0.9370612383714859,50,0,1,0.0,0.27490794440693367,1.0,0.9999998664625647,0.0,1.0,0.0,1.0
full_nl,lstm,PearlSCMRecourse,35,1,0,695.6933060302916,39.40516237436291,0.5,0.0,0.5,0.9820677788248889,0.92437394656438,50,0,1,0.0,0.2736202362864431,1.0,0.9999999032879664,0.0,1.0,0.0,1.0
full_nl,lstm,PearlSCMRecourse,36,1,0,677.6089183183783,38.67832562335322,0.5,0.0,0.5,0.9813095331279684,0.9033907626980617,50,0,1,0.0,0.28775017286648213,1.0,0.9999998999476266,0.0,1.0,0.0,1.0
full_nl,lstm,PearlSCMRecourse,37,1,0,506.2733179388689,31.695847522043763,0.5,0.0,0.5,1.1789384292709788,0.9465072618013745,50,0,1,0.0,0.8614592993346856,1.0,0.9999998341960016,0.0,1.0,0.0,1.0
full_nl,lstm,PearlSCMRecourse,38,0,1,6.70605725947293e-05,3.145003555253932e-06,1.0,1.0,1.0,1.247198968229273,0.984265742542034,99,1,0,nan,nan,nan,nan,0.0,0.0,,
full_nl,lstm,PearlSCMRecourse,39,1,0,685.0171004471696,39.00390271254427,0.5,0.0,0.5,0.9907955465162491,0.9492798610475515,50,0,1,0.0,0.863417916735228,1.0,0.9999998980995687,0.0,1.0,0.0,1.0
full_nl,lstm,PearlSCMRecourse,40,0,1,1064.444010543006,49.21154921190535,0.25,0.0,0.25,0.9893512236385434,0.9244917646991229,25,0,1,0.0,0.8785278884893588,1.0,0.999999904650865,0.0,0.0,,
full_nl,lstm,PearlSCMRecourse,41,0,1,7.594448065502066e-05,3.7030917042803033e-06,1.0,1.0,1.0,1.2323229971587741,0.9998649710653282,99,1,0,nan,nan,nan,nan,0.0,0.0,,
full_nl,lstm,PearlSCMRecourse,42,1,0,683.1736567078143,38.91804559419519,0.5,0.0,0.5,0.9844236943112632,0.9232904796262936,50,0,1,0.0,0.2752578229047292,1.0,0.9999998944747825,0.0,1.0,0.0,1.0
full_nl,lstm,PearlSCMRecourse,43,1,0,521.3848504224828,32.53364326669229,0.5,0.0,0.5,1.1749526631140452,0.9611466087135943,50,0,1,0.0,0.8836626315973788,1.0,0.9999999111280403,0.0,1.0,0.0,1.0
full_nl,lstm,PearlSCMRecourse,44,0,1,8.688056984755554e-05,7.2925663904478845e-06,1.0,1.0,1.0,1.184081233534655,0.9695342545641352,99,1,0,nan,nan,nan,nan,0.0,0.0,,
full_nl,lstm,PearlSCMRecourse,45,1,0,1184.9254837516974,59.36576457206865,0.5,0.0,0.5,0.6634262494864932,0.9343704986351485,50,0,1,0.0,0.34725357721914124,1.0,0.9999998952996072,0.0,1.0,0.0,1.0
full_nl,lstm,PearlSCMRecourse,46,0,1,1087.9306238035094,49.98416261177625,0.25,0.0,0.25,0.9660743063198068,0.9614128546051018,25,0,1,0.0,0.8700145467700904,1.0,0.9999999154967036,0.0,0.0,,
full_nl,lstm,PearlSCMRecourse,47,0,1,716.8344740529957,40.47907034671513,0.5,0.0,0.5,0.9865391576987307,0.903508399915689,50,0,1,0.0,0.881603979398488,1.0,0.9999999069888451,0.0,0.0,,
full_nl,lstm,PearlSCMRecourse,48,0,1,60.9131386050358,10.837730602290407,0.87,0.0,0.83,1.0047823949223693,0.8505129775998079,50,0,1,0.0,0.8637919857671853,1.0,0.9999999153991032,0.0,0.0,,
full_nl,lstm,PearlSCMRecourse,49,0,1,6.338139506025658e-05,2.881447370731569e-06,1.0,1.0,1.0,1.3112238493634953,0.9849098627035755,99,1,0,nan,nan,nan,nan,0.0,0.0,,
full_nl,lstm,PearlSCMRecourse,50,1,0,736.6823253154009,41.0892589604776,0.5,0.0,0.5,0.9395717607835723,0.8506402346751271,50,0,1,0.0,0.25604842177142556,1.0,0.9999998927919502,0.0,1.0,0.0,1.0
full_nl,lstm,PearlSCMRecourse,51,1,0,488.1372114669916,31.019697810096893,0.501,0.0,0.5,1.1710204277007044,0.9189688467224639,50,0,1,0.0,0.3833981346324532,1.0,0.9999989573824344,0.0,1.0,0.0,1.0
full_nl,lstm,PearlSCMRecourse,52,0,1,9.08290844757742e-05,6.042893330901772e-06,1.0,1.0,1.0,1.2512704154279242,0.9842017459104483,99,1,0,nan,nan,nan,nan,0.0,0.0,,
full_nl,lstm,PearlSCMRecourse,53,1,0,751.8312609270885,42.39313060754398,0.5,0.0,0.5,0.9398501455472081,0.8295255086252995,50,0,1,0.0,0.7763786347247532,1.0,0.9999998319898616,0.0,1.0,0.0,1.0
full_nl,lstm,PearlSCMRecourse,54,1,0,488.63404765621556,31.05159441035529,0.5,0.0,0.5,1.182904295619876,0.9492811304064606,50,0,1,0.0,0.8301167170052642,1.0,0.999999861240389,0.0,1.0,0.0,1.0
full_nl,lstm,PearlSCMRecourse,55,1,0,511.30498640704906,32.115562049056884,0.502,0.0,0.5,1.1760810761627278,0.9236855728374926,50,0,1,0.0,0.36522475661837633,1.0,0.9999998521439448,0.0,1.0,0.0,1.0
full_nl,lstm,PearlSCMRecourse,56,0,1,703.0104070253112,39.76562441067008,0.5,0.0,0.5,0.9861876930089803,0.945412250184265,50,0,1,0.0,0.8738571697060667,1.0,0.9999999178658248,0.0,0.0,,
full_nl,lstm,PearlSCMRecourse,57,0,1,8.803528760468679e-05,5.168884341142553e-06,1.0,1.0,1.0,1.2520909025955327,0.9629745726302614,99,1,0,nan,nan,nan,nan,0.0,0.0,,
full_nl,lstm,PearlSCMRecourse,58,1,0,469.9147497314122,30.32652994444293,0.502,0.0,0.5,1.1791321215615298,0.9918915187108375,50,0,1,0.0,0.3999315521852699,1.0,0.9999999074547764,0.0,1.0,0.0,1.0
full_nl,lstm,PearlSCMRecourse,59,0,1,1073.9544498593175,49.44066045811915,0.25,0.0,0.25,0.977730588137965,0.9241365993434564,25,0,1,0.0,0.8778598848445132,1.0,0.9999999037798961,0.0,0.0,,
full_nl,lstm,PearlSCMRecourse,60,1,0,499.86935475769815,31.521396044256765,0.502,0.0,0.5,1.176735315613462,0.9226152842673156,50,0,1,0.0,0.8608358621624768,1.0,0.9999998538026502,0.0,1.0,0.0,1.0
full_nl,lstm,PearlSCMRecourse,61,1,0,498.59642897043506,31.692522721635765,0.502,0.0,0.5,1.1764812503438506,0.9472584482340967,50,0,1,0.0,0.3758914169371488,1.0,0.9999999012332434,0.0,1.0,0.0,1.0
full_nl,lstm,PearlSCMRecourse,62,1,0,699.4013026088838,39.671213977938926,0.5,0.0,0.5,0.9937465268037037,0.8820314606519715,50,0,1,0.0,0.8746317174222179,1.0,0.9999998670036954,0.0,1.0,0.0,1.0
full_nl,lstm,PearlSCMRecourse,63,1,0,491.3646863349317,31.282207921280005,0.502,0.0,0.5,1.1768083564328615,0.9295619236680437,50,0,1,0.0,0.8725679091690093,1.0,0.9999998057974467,0.0,1.0,0.0,1.0
full_nl,lstm,PearlSCMRecourse,64,0,1,1392.087260303044,61.22103545027296,0.25,0.0,0.25,0.8036925074736487,0.9411220955754461,25,0,1,0.0,0.8788471147254422,1.0,0.9999999098682886,0.0,0.0,,
full_nl,lstm,PearlSCMRecourse,65,1,0,688.6377403950466,39.2803444256289,0.5,0.0,0.5,0.9833932156176043,0.8993558189973614,50,0,1,0.0,0.3059134057700109,1.0,0.9999999140355088,0.0,1.0,0.0,1.0
full_nl,lstm,PearlSCMRecourse,66,0,1,1105.3032931739779,50.5100830061206,0.25,0.0,0.25,0.9464012203964187,0.9404128386418255,25,0,1,0.0,0.8818845169662074,1.0,0.9999999147894624,0.0,0.0,,
full_nl,lstm,PearlSCMRecourse,67,0,1,7.263497782393187e-05,3.4971241259820975e-06,1.0,1.0,1.0,1.2706014368957037,0.9840970905226483,99,1,0,nan,nan,nan,nan,0.0,0.0,,
full_nl,lstm,PearlSCMRecourse,68,0,1,1061.12520954182,49.07617838001492,0.25,0.0,0.25,0.9837927482608082,0.9706223447374871,25,0,1,0.0,0.8889904461777446,1.0,0.999999915754999,0.0,0.0,,
full_nl,lstm,PearlSCMRecourse,69,0,1,25.20630990392137,5.205088248293402,0.892,0.0,0.85,1.2722530953318099,0.9089549442152404,50,0,1,0.0,0.8796614979899985,1.0,0.9999999246717439,0.0,0.0,,
full_nl,lstm,PearlSCMRecourse,70,0,1,46.11761282553664,7.613138214030193,0.869,0.0,0.82,1.252879986037359,0.9074432391581222,50,0,1,0.0,0.2773178941105969,1.0,0.9999999041194051,0.0,0.0,,
full_nl,lstm,PearlSCMRecourse,71,1,0,687.2102959652474,39.25744224695269,0.5,0.0,0.5,0.9615863565861873,0.9512997109202647,50,0,1,0.0,0.8381501375314266,1.0,0.9999998957595043,0.0,1.0,0.0,1.0
full_nl,lstm,PearlSCMRecourse,72,0,1,698.3824349509371,39.66291418126175,0.5,0.0,0.5,1.0014562146460049,0.881482388312612,50,0,1,0.0,0.8752486625068155,1.0,0.9999998333635621,0.0,0.0,,
full_nl,lstm,PearlSCMRecourse,73,1,0,497.41140930881835,31.432555069676937,0.501,0.0,0.5,1.1821151026136811,0.9895908999854036,50,0,1,0.0,0.8418364952750134,1.0,0.9999998743946599,0.0,1.0,0.0,1.0
full_nl,lstm,PearlSCMRecourse,74,0,1,8.548109110544794e-05,4.859787373238282e-06,1.0,1.0,1.0,1.2457913764900577,0.9909744592575493,99,1,0,nan,nan,nan,nan,0.0,0.0,,
full_nl,lstm,PearlSCMRecourse,75,1,0,1788.1950743493906,73.58594633415504,0.25,0.0,0.25,0.637069703733625,0.8897373982233597,25,0,1,0.0,0.2619714072546492,1.0,0.9999998569049036,0.0,1.0,0.0,1.0
full_nl,lstm,PearlSCMRecourse,76,1,0,691.1425509529848,39.15766300863976,0.5,0.0,0.5,0.9809685843396224,0.9246972373026835,50,0,1,0.0,0.8526304941230046,1.0,0.9999998992457066,0.0,1.0,0.0,1.0
full_nl,lstm,PearlSCMRecourse,77,0,1,692.8382324341217,39.582083235812476,0.5,0.0,0.5,0.9995071703010496,0.9461534523278256,50,0,1,0.0,0.8921831006426696,1.0,0.9999999126972792,0.0,0.0,,
full_nl,lstm,PearlSCMRecourse,78,0,1,23.13055936017424,5.260817069099247,0.896,0.0,0.86,1.1622254626913002,0.9537534251969371,50,0,1,0.0,0.876496995438555,1.0,0.9999999222640303,0.0,0.0,,
full_nl,lstm,PearlSCMRecourse,79,1,0,725.8062977451804,40.74545224415229,0.5,0.0,0.5,0.9239433178135246,0.9647054152240807,50,0,1,0.0,0.24821525148926696,1.0,0.9999997779270832,0.0,1.0,0.0,1.0
full_nl,lstm,PearlSCMRecourse,80,1,0,519.4388685690712,32.2967195172511,0.501,0.0,0.5,1.1730772052977398,0.8986378280526806,50,0,1,0.0,0.8866966900898104,1.0,0.9999999045471635,0.0,1.0,0.0,1.0
full_nl,lstm,PearlSCMRecourse,81,1,0,715.0063615149672,40.183989929591604,0.5,0.0,0.5,0.972221787656302,0.8352633877908526,50,0,1,0.0,0.8531181908903511,1.0,0.9999998870781668,0.0,1.0,0.0,1.0
full_nl,lstm,PearlSCMRecourse,82,1,0,1103.7191211085542,50.418454923034666,0.25,0.0,0.25,0.9637806338711997,0.8820367296032151,25,0,1,0.0,0.2688474823844487,1.0,0.9999998980548931,0.0,1.0,0.0,1.0
full_nl,lstm,PearlSCMRecourse,83,1,0,878.1806377003627,48.08669878919015,0.5,0.0,0.5,0.8144743041752468,0.9190040056892836,50,0,1,0.0,0.8457967269380877,1.0,0.9999999044827781,0.0,1.0,0.0,1.0
full_nl,lstm,PearlSCMRecourse,84,1,0,1053.1110362438628,54.63433358883692,0.5,0.0,0.5,0.7158766894845137,0.8398065213170359,50,0,1,0.0,0.6607682470657408,1.0,0.9999998988925806,0.0,1.0,0.0,1.0
full_nl,lstm,PearlSCMRecourse,85,1,0,1047.7151010564444,48.64095340684165,0.25,0.0,0.25,0.9855851710100852,0.9461722533444384,25,0,1,0.0,0.8632624969846721,1.0,0.9999999059359903,0.0,1.0,0.0,1.0
full_nl,lstm,PearlSCMRecourse,86,0,1,7.242796175323946e-05,3.475195660951508e-06,1.0,1.0,1.0,1.228430599016381,0.9634776464031317,99,1,0,nan,nan,nan,nan,0.0,0.0,,
full_nl,lstm,PearlSCMRecourse,87,0,1,1132.033919129821,51.52114364662363,0.25,0.0,0.25,0.9438107683929183,0.9372236522980494,25,0,1,0.0,0.8559945016747181,1.0,0.9999998933570015,0.0,0.0,,
full_nl,lstm,PearlSCMRecourse,88,1,0,1057.9930453066195,48.95331703820219,0.25,0.0,0.25,0.9903857614130729,0.9321858631728215,25,0,1,0.0,0.8732755410761326,1.0,0.9999999054486112,0.0,1.0,0.0,1.0
full_nl,lstm,PearlSCMRecourse,89,1,0,505.99009717289516,31.851583063208583,0.501,0.0,0.5,1.1746479784795922,0.9249959222689104,50,0,1,0.0,0.8854358486878797,1.0,0.9999998834433568,0.0,1.0,0.0,1.0
full_nl,lstm,PearlSCMRecourse,90,1,0,499.845783958279,31.742044972186086,0.502,0.0,0.5,1.1753900745975296,0.9794553467808101,50,0,1,0.0,0.3701163234263201,1.0,0.9999998556782219,0.0,1.0,0.0,1.0
full_nl,lstm,PearlSCMRecourse,91,1,0,507.594169676098,31.916178984665972,0.502,0.0,0.5,1.1793500743066812,0.9253899096752434,50,0,1,0.0,0.8693145384518125,1.0,0.9999998786188738,0.0,1.0,0.0,1.0
full_nl,lstm,PearlSCMRecourse,92,1,0,1053.3872438492313,48.83464885498937,0.25,0.0,0.25,0.9870732211099106,0.9408769073278925,25,0,1,0.0,0.2588268819220488,1.0,0.9999998920814255,0.0,1.0,0.0,1.0
full_nl,lstm,PearlSCMRecourse,93,1,0,1207.6216821037658,60.110974291150065,0.5,0.0,0.5,0.6523765927206798,0.9087776790718416,50,0,1,0.0,0.8884488636887425,1.0,0.9999999114160962,0.0,1.0,0.0,1.0
full_nl,lstm,PearlSCMRecourse,94,0,1,706.6050426622236,40.04455497186251,0.5,0.0,0.5,0.9934872800387038,0.9308686997614323,50,0,1,0.0,0.8846412883372653,1.0,0.9999999127816513,0.0,0.0,,
full_nl,lstm,PearlSCMRecourse,95,1,0,521.2001634067817,32.226136259771245,0.502,0.0,0.5,1.1760428928784918,0.9360124133123346,50,0,1,0.0,0.8718179316556559,1.0,0.9999997433922815,0.0,1.0,0.0,1.0
full_nl,lstm,PearlSCMRecourse,96,1,0,699.8051830035301,39.7327852328796,0.5,0.0,0.5,0.9485209696046533,0.917519978000981,50,0,1,0.0,0.2790087852306532,1.0,0.9999997914954694,0.0,1.0,0.0,1.0
full_nl,lstm,PearlSCMRecourse,97,0,1,1067.5174603350783,49.29597656841962,0.25,0.0,0.25,0.993492908834501,0.9095149788146993,25,0,1,0.0,0.8742155576375192,1.0,0.9999999021459257,0.0,0.0,,
full_nl,lstm,PearlSCMRecourse,98,0,1,46.11805876590633,14.746906581935038,0.863,0.0,0.81,1.254647524708183,0.8295842640010342,50,0,1,0.0,0.8640996663991385,1.0,0.9999999185343809,0.0,0.0,,
full_nl,lstm,PearlSCMRecourse,99,0,1,1064.9863121151332,49.29389474270062,0.251,0.0,0.25,0.9782986702363748,0.9788883265017659,25,0,1,0.0,0.8663137864549404,1.0,0.9999999057504371,0.0,0.0,,
full_nl,lstm,TSCausal,0,0,1,171.1359547048736,9.357296979717614,0.007,0.0,0.0,1.2486335662541286,0.0019589661195620646,0,0,100,0.0,0.9979249151246948,0.0,0.25153616211960605,0.0,0.0,,
full_nl,lstm,TSCausal,1,0,1,215.82256522327566,12.031374199442856,0.004,0.0,0.0,1.185387762416699,0.003535702026694574,0,0,100,0.0,0.9969098878200698,0.0,0.8351440909013785,0.0,0.0,,
full_nl,lstm,TSCausal,2,0,1,192.99064455383748,12.401203556962706,0.005,0.0,0.0,0.8720912023118139,0.0013003024971092122,0,0,100,0.0,0.9973062308884808,0.0,0.035786135522832635,0.0,0.0,,
full_nl,lstm,TSCausal,3,0,1,188.45525590846623,12.572799855375797,0.006,0.0,0.0,0.8717391666241932,0.0010030511667088052,0,0,100,0.0,0.9971407272337884,0.0,0.8794547029506525,0.0,0.0,,
full_nl,lstm,TSCausal,4,0,1,186.91773035237114,10.262297442520309,0.007,0.0,0.0,1.2074811425662846,0.0023861116000741854,0,0,100,0.0,0.9978636885891236,0.0,0.2521415510325238,0.0,0.0,,
full_nl,lstm,TSCausal,5,0,1,195.91671148913548,11.155707296654104,0.005,0.0,0.0,1.2114465950081301,0.010274582369055209,0,0,100,0.0,0.7758554727241094,0.0,0.8497401958621948,0.0,0.0,,
full_nl,lstm,TSCausal,6,0,1,193.660588196083,10.96001672599928,0.006,0.0,0.0,1.225887882177817,0.009053517053915341,0,0,100,0.0,0.9955305236997971,0.0,0.24460241703471863,0.0,0.0,,
full_nl,lstm,TSCausal,7,0,1,194.46609959609742,12.3952886041765,0.006,0.0,0.0,0.9085424185119295,0.001076920828203387,0,0,100,0.0,0.9972828409946831,0.0,0.33947826383800517,0.0,0.0,,
full_nl,lstm,TSCausal,8,0,1,197.0764393020752,10.978923871900204,0.005,0.0,0.0,1.2228149499801617,0.003560337162628872,0,0,100,0.0,0.9968146750161804,0.0,0.8481335836652069,0.0,0.0,,
full_nl,lstm,TSCausal,9,0,1,166.3738195597868,9.285623981450696,0.011,0.0,0.0,1.2042604012078009,0.0026982570498002866,0,0,100,0.0,0.9952446918866561,0.0,0.22681105869668114,0.0,0.0,,
full_nl,lstm,TSCausal,10,0,1,178.8903505022027,10.5780876451723,0.003,0.0,0.0,1.198119955751506,0.0040626358153050554,0,0,100,0.0,0.9969148025824727,0.0,0.24446449320749425,0.0,0.0,,
full_nl,lstm,TSCausal,11,0,1,176.0493267354518,9.516640695651017,0.004,0.0,0.0,1.2413149612062782,0.0021880706919658838,0,0,100,0.0,0.9979355462231725,0.0,0.0965471510027632,0.0,0.0,,
full_nl,lstm,TSCausal,12,0,1,182.9254474653282,12.277977196600975,0.004,0.0,0.0,0.8728892231750401,0.0007349227297223249,0,0,100,0.0,0.9973193215603284,0.0,0.09147538581798795,0.0,0.0,,
full_nl,lstm,TSCausal,13,0,1,184.4445135855747,12.386391582980146,0.009,0.0,0.0,0.8801316011369413,0.0010863217831338294,0,0,100,0.0,0.9971050390438541,0.0,0.0862059515817363,0.0,0.0,,
full_nl,lstm,TSCausal,14,0,1,175.50432935257209,9.61943166270484,0.005,0.0,0.0,1.2297891693640393,0.00299598830187132,0,0,100,0.0,0.9977278029488901,0.0,0.22366711011744092,0.0,0.0,,
full_nl,lstm,TSCausal,15,0,1,187.31462071632754,9.960307146077577,0.006,0.0,0.0,1.1926873470017276,0.0034356025940333137,0,0,100,0.0,0.9943173117734508,0.0,0.24980867734337692,0.0,0.0,,
full_nl,lstm,TSCausal,16,0,1,184.12039590301413,10.568206634279155,0.009,0.0,0.0,1.2103294906964461,0.010280369462210004,0,0,100,0.0,0.5251559417394803,0.0,0.8541864221933632,0.0,0.0,,
full_nl,lstm,TSCausal,17,0,1,195.40896213317092,12.63077838652833,0.004,0.0,0.0,0.8752049197805073,0.0010575430525150734,0,0,100,0.0,0.9970239338320237,0.0,0.35389066334323566,0.0,0.0,,
full_nl,lstm,TSCausal,18,0,1,176.45531050250025,9.80515815133621,0.006,0.0,0.0,1.2411002311026404,0.002569088861782944,0,0,100,0.0,0.9977074158207437,0.0,0.08877334752084194,0.0,0.0,,
full_nl,lstm,TSCausal,19,0,1,168.80910709017357,9.407354261389745,0.01,0.0,0.0,1.2375195556247616,0.0036361798432348645,0,0,100,0.0,0.9974322894488076,0.0,0.87848216977495,0.0,0.0,,
full_nl,lstm,TSCausal,20,0,1,168.22186424419513,8.87191870747518,0.007,0.0,0.0,1.1992311440769532,0.0023487796956699193,0,0,100,0.0,0.9980305958942226,0.0,0.2090219409728279,0.0,0.0,,
full_nl,lstm,TSCausal,21,0,1,213.49163001840026,11.875374138986565,0.004,0.0,0.0,1.186242354822735,0.003679807314562254,0,0,100,0.0,0.9946966990058153,0.0,0.3321861024693371,0.0,0.0,,
full_nl,lstm,TSCausal,22,0,1,192.05202408041438,10.976621098694658,0.004,0.0,0.0,1.2032336964996628,0.004652379788435435,0,0,100,0.0,0.9965163644652032,0.0,0.10539624030679484,0.0,0.0,,
full_nl,lstm,TSCausal,23,0,1,172.38054509742716,9.726100977111802,0.003,0.0,0.0,1.257857826971787,0.0032770600449841167,0,0,100,0.0,0.9974714517128436,0.0,0.8738497091004754,0.0,0.0,,
full_nl,lstm,TSCausal,24,0,1,181.91637245873054,10.099929983829378,0.007,0.0,0.0,1.1975254432399889,0.0032999070888741996,0,0,100,0.0,0.9972659530395603,0.0,0.24560295235167762,0.0,0.0,,
full_nl,lstm,TSCausal,25,0,1,192.94843712263338,12.385530027223812,0.009,0.0,0.0,0.8777999188507457,0.0009304389640698799,0,0,100,0.0,0.9973791389500428,0.0,0.33467489541011475,0.0,0.0,,
full_nl,lstm,TSCausal,26,0,1,174.1932469847069,9.987877843689748,0.006,0.0,0.0,1.1632015120546464,0.0027203196002193513,0,0,100,0.0,0.9975333730669362,0.0,0.8657600365290212,0.0,0.0,,
full_nl,lstm,TSCausal,27,0,1,165.69051671254587,9.1038420508045,0.004,0.0,0.0,1.2547961130513245,0.0028553650741180744,0,0,100,0.0,0.9972171631520151,0.0,0.2550565027442461,0.0,0.0,,
full_nl,lstm,TSCausal,28,0,1,172.52453580788836,9.241415091349925,0.004,0.0,0.0,1.2082451730644752,0.004173082365662952,0,0,100,0.0,0.994535993835268,0.0,0.8541679121007554,0.0,0.0,,
full_nl,lstm,TSCausal,29,0,1,178.84355688879486,11.769693750109067,0.013,0.0,0.0,0.8916687887329934,0.001286565528653961,0,0,100,0.0,0.9974366104000536,0.0,0.3741469934789083,0.0,0.0,,
full_nl,lstm,TSCausal,30,0,1,184.65835494296903,10.329844328744889,0.002,0.0,0.0,1.1809858854596165,0.002412821793969536,0,0,100,0.0,0.9951925099530234,0.0,0.2607813196393638,0.0,0.0,,
full_nl,lstm,TSCausal,31,0,1,176.2730763067372,11.445674900975742,0.004,0.0,0.0,0.9263827481695546,0.001359166858853988,0,0,100,0.0,0.9974813562970606,0.0,0.09320892473229901,0.0,0.0,,
full_nl,lstm,TSCausal,32,0,1,178.1973654901157,9.613126565570818,0.005,0.0,0.0,1.2472630932636068,0.0018273265089957683,0,0,100,0.0,0.9979286541702368,0.0,0.09046971668856739,0.0,0.0,,
full_nl,lstm,TSCausal,33,0,1,160.54327297794651,8.966454490417524,0.006,0.0,0.0,1.2287792440720915,0.0025003727921460144,0,0,100,0.0,0.9973054214769733,0.0,0.22656673044717474,0.0,0.0,,
full_nl,lstm,TSCausal,34,0,1,194.90360639840375,10.74762494703752,0.005,0.0,0.0,1.2363861332906534,0.0036650309656331144,0,0,100,0.0,0.9967020126754899,0.0,0.8391027490638383,0.0,0.0,,
full_nl,lstm,TSCausal,35,0,1,168.6861404512698,9.445000055850523,0.007,0.0,0.0,1.2169899907357713,0.0023170212080957176,0,0,100,0.0,0.9978330554513717,0.0,0.10024133777255424,0.0,0.0,,
full_nl,lstm,TSCausal,36,0,1,183.99504783776524,10.377267521277917,0.01,0.0,0.0,1.2386673836552544,0.004094467075186202,0,0,100,0.0,0.9971131901747605,0.0,0.8635499182205357,0.0,0.0,,
full_nl,lstm,TSCausal,37,0,1,183.01418854685778,12.107707514658529,0.008,0.0,0.0,0.8757343632261465,0.0011984938788896446,0,0,100,0.0,0.9975217072405972,0.0,0.3350254144762859,0.0,0.0,,
full_nl,lstm,TSCausal,38,0,1,168.19908084711926,9.19130546540787,0.005,0.0,0.0,1.255655392444774,0.0021300690055525763,0,0,100,0.0,0.9947525128173453,0.0,0.872020517979803,0.0,0.0,,
full_nl,lstm,TSCausal,39,0,1,200.84778682372615,11.192630119449191,0.001,0.0,0.0,1.1872019152708921,0.00382635929496406,0,0,100,0.0,0.9934731845251956,0.0,0.33952335103938946,0.0,0.0,,
full_nl,lstm,TSCausal,40,0,1,186.72703853531468,10.507336003852247,0.009,0.0,0.0,1.2728859235459067,0.0032809509063060336,0,0,100,0.0,0.9964046396654423,0.0,0.8466984813522658,0.0,0.0,,
full_nl,lstm,TSCausal,41,0,1,168.35379720124433,9.084736289442155,0.004,0.0,0.0,1.2472580038627008,0.0022926253332929336,0,0,100,0.0,0.99805729971101,0.0,0.8702216492555854,0.0,0.0,,
full_nl,lstm,TSCausal,42,0,1,169.61445712412777,9.515504297978538,0.008,0.0,0.0,1.2214582232311524,0.003399084313620712,0,0,100,0.0,0.9968819363162174,0.0,0.25769804192502366,0.0,0.0,,
full_nl,lstm,TSCausal,43,0,1,173.03053164509893,11.219609337470986,0.003,0.0,0.0,0.8952063014885899,0.001044866452900644,0,0,100,0.0,0.99784905565107,0.0,0.887462008722714,0.0,0.0,,
full_nl,lstm,TSCausal,44,0,1,178.27752592126558,9.696447838574455,0.004,0.0,0.0,1.2470993896139289,0.0037754799275497614,0,0,100,0.0,0.9970423662142672,0.0,0.1005589447873663,0.0,0.0,,
full_nl,lstm,TSCausal,45,0,1,167.287620002,9.211332223391029,0.005,0.0,0.0,1.2097560826565885,0.0032526776530814997,0,0,100,0.0,0.9977640018697816,0.0,0.8722210404266635,0.0,0.0,,
full_nl,lstm,TSCausal,46,0,1,187.4474674196989,10.11453494087836,0.003,0.0,0.0,1.2453873556679713,0.002548949477829804,0,0,100,0.0,0.9978103827519785,0.0,0.2513837595840588,0.0,0.0,,
full_nl,lstm,TSCausal,47,0,1,192.844441649056,10.628078391316063,0.012,0.0,0.0,1.1751953504575323,0.00250557826435687,0,0,100,0.0,0.9979080003830563,0.0,0.3284914379542346,0.0,0.0,,
full_nl,lstm,TSCausal,48,0,1,194.63819998994393,10.442054331730992,0.005,0.0,0.0,1.218178274124599,0.004299513987121297,0,0,100,0.0,0.9951984115865428,0.0,0.24849807370504473,0.0,0.0,,
full_nl,lstm,TSCausal,49,0,1,197.4891044646335,10.96306312219429,0.007,0.0,0.0,1.2250446421493968,0.002811196623715606,0,0,100,0.0,0.9951942049570044,0.0,0.2380601218474167,0.0,0.0,,
full_nl,lstm,TSCausal,50,0,1,201.85184095843476,11.069509434633295,0.003,0.0,0.0,1.245486064008787,0.0038940368089676776,0,0,100,0.0,0.9972999324757699,0.0,0.23414594869351654,0.0,0.0,,
full_nl,lstm,TSCausal,51,0,1,179.51170015901985,11.806884051581367,0.013,0.0,0.0,0.925307170586677,0.001172038326001738,0,0,100,0.0,0.9978322469586327,0.0,0.34046555290938857,0.0,0.0,,
full_nl,lstm,TSCausal,52,0,1,194.04398604773314,11.038131816403133,0.005,0.0,0.0,1.2378261626752638,0.006373623216244507,0,0,100,0.0,0.9946932397100859,0.0,0.8547738916145075,0.0,0.0,,
full_nl,lstm,TSCausal,53,0,1,159.2255997429338,8.436078243994833,0.005,0.0,0.0,1.2468353712723275,0.0014364330265879805,0,0,100,0.0,0.9983291355734892,0.0,0.2382581156470078,0.0,0.0,,
full_nl,lstm,TSCausal,54,0,1,181.7858228212881,12.125145299631745,0.004,0.0,0.0,0.8938578810687859,0.0009549853008270536,0,0,100,0.0,0.9967826836228891,0.0,0.08677920786818469,0.0,0.0,,
full_nl,lstm,TSCausal,55,0,1,191.7741574141022,12.431022221614315,0.004,0.0,0.0,0.8473316621221421,0.0011673689228468313,0,0,100,0.0,0.9969573384651707,0.0,0.33136805370867084,0.0,0.0,,
full_nl,lstm,TSCausal,56,0,1,177.40606679359257,10.136708288453109,0.006,0.0,0.0,1.158510345580994,0.004228504374590918,0,0,100,0.0,0.9966918927769575,0.0,0.8410793588078689,0.0,0.0,,
full_nl,lstm,TSCausal,57,0,1,182.51886037104936,9.623614397454697,0.006,0.0,0.0,1.2198365027299303,0.0031539082658331562,0,0,100,0.0,0.997689099617883,0.0,0.23978794237064163,0.0,0.0,,
full_nl,lstm,TSCausal,58,0,1,177.83917675416544,12.011520716277902,0.002,0.0,0.0,0.8693870261800398,0.0010436230690111248,0,0,100,0.0,0.9966239371935004,0.0,0.09067214632357243,0.0,0.0,,
full_nl,lstm,TSCausal,59,0,1,203.4584474976215,10.826895505800817,0.007,0.0,0.0,1.2243208666261558,0.0013660991996933066,0,0,100,0.0,0.9980917010006677,0.0,0.8096289215359858,0.0,0.0,,
full_nl,lstm,TSCausal,60,0,1,189.43412605456717,12.585111490159145,0.007,0.0,0.0,0.8834000123385449,0.001052825613356843,0,0,100,0.0,0.9974338527790693,0.0,0.3478928583029579,0.0,0.0,,
full_nl,lstm,TSCausal,61,0,1,182.04748256785592,12.506045690026514,0.011,0.0,0.0,0.8949649056616158,0.001040258234558264,0,0,100,0.0,0.9973851953011679,0.0,0.33452353573086696,0.0,0.0,,
full_nl,lstm,TSCausal,62,0,1,160.57423715200218,8.57846263286675,0.006,0.0,0.0,1.2191777309431706,0.002222141461245681,0,0,100,0.0,0.9982059312489993,0.0,0.3330243095570523,0.0,0.0,,
full_nl,lstm,TSCausal,63,0,1,183.89853342415918,12.136005284004176,0.006,0.0,0.0,0.8705033831745653,0.001426310788802142,0,0,100,0.0,0.9971334117536697,0.0,0.336821917605176,0.0,0.0,,
full_nl,lstm,TSCausal,64,0,1,202.16536751975866,11.523907749980182,0.005,0.0,0.0,1.1904813310167652,0.011052437913388386,0,0,100,0.0,0.7245293238332681,0.0,0.06798021563108399,0.0,0.0,,
full_nl,lstm,TSCausal,65,0,1,200.60383438730534,11.508071910066084,0.009,0.0,0.0,1.206881724232477,0.0033681981868688227,0,0,100,0.0,0.9976995448109814,0.0,0.3301598627659036,0.0,0.0,,
full_nl,lstm,TSCausal,66,0,1,212.63302665630323,11.411474612837246,0.011,0.0,0.0,1.177944466253652,0.004183915669398958,0,0,100,0.0,0.9972133976951795,0.0,0.2901773318834657,0.0,0.0,,
full_nl,lstm,TSCausal,67,0,1,166.29008001916475,9.346472660420444,0.005,0.0,0.0,1.2143465743303952,0.002198774124277471,0,0,100,0.0,0.9959337654285284,0.0,0.3338797773127991,0.0,0.0,,
full_nl,lstm,TSCausal,68,0,1,177.24290927981156,10.080681868685495,0.005,0.0,0.0,1.2395133241100678,0.0009702714700534213,0,0,100,0.0,0.9984396263403403,0.0,0.10141686172302648,0.0,0.0,,
full_nl,lstm,TSCausal,69,0,1,189.84452131977392,10.266202245260388,0.008,0.0,0.0,1.2033406867415428,0.003657058130078234,0,0,100,0.0,0.9946557493025977,0.0,0.0889027227711345,0.0,0.0,,
full_nl,lstm,TSCausal,70,0,1,186.407846876657,10.408921675701588,0.008,0.0,0.0,1.20539831671309,0.003402757810997593,0,0,100,0.0,0.9952600640234646,0.0,0.8455248534879595,0.0,0.0,,
full_nl,lstm,TSCausal,71,0,1,179.51647116100222,10.082648735173704,0.006,0.0,0.0,1.194158460942314,0.003144518404515573,0,0,100,0.0,0.9974951743043828,0.0,0.23760502295216995,0.0,0.0,,
full_nl,lstm,TSCausal,72,0,1,168.45948933774554,9.590443917161796,0.007,0.0,0.0,1.2157008829273195,0.0016486734820495258,0,0,100,0.0,0.9980709686341162,0.0,0.8543562050945459,0.0,0.0,,
full_nl,lstm,TSCausal,73,0,1,180.41350053170987,12.021473919123798,0.005,0.0,0.0,0.894424779431774,0.0010600294967783646,0,0,100,0.0,0.9975727274697233,0.0,0.3539541278771713,0.0,0.0,,
full_nl,lstm,TSCausal,74,0,1,190.9399486298179,10.744263616227503,0.008,0.0,0.0,1.2317075044138566,0.0026731765970162964,0,0,100,0.0,0.9977462632051666,0.0,0.2448155649475905,0.0,0.0,,
full_nl,lstm,TSCausal,75,0,1,191.0545687459009,12.02184527799594,0.007,0.0,0.0,0.895797190031066,0.0011449899706985204,0,0,100,0.0,0.9973445466378805,0.0,0.33039878365631475,0.0,0.0,,
full_nl,lstm,TSCausal,76,0,1,181.703071624754,9.947152268447088,0.009,0.0,0.0,1.1824240163325257,0.003633202536960422,0,0,100,0.0,0.9973186236339787,0.0,0.25329790389978957,0.0,0.0,,
full_nl,lstm,TSCausal,77,0,1,192.93906539398952,10.748635132088681,0.007,0.0,0.0,1.234018832556273,0.004791652408174407,0,0,100,0.0,0.9968306426861707,0.0,0.3306489243193414,0.0,0.0,,
full_nl,lstm,TSCausal,78,0,1,180.71049496159753,9.79633357901332,0.003,0.0,0.0,1.2393672365514539,0.00258825056474043,0,0,100,0.0,0.9956860379281981,0.0,0.2205425928729462,0.0,0.0,,
full_nl,lstm,TSCausal,79,0,1,171.2293755528928,9.456905104329804,0.007,0.0,0.0,1.2045072142672106,0.00409046828409651,0,0,100,0.0,0.9968149308453693,0.0,0.8684213851316873,0.0,0.0,,
full_nl,lstm,TSCausal,80,0,1,192.6307346950162,12.443604565716658,0.005,0.0,0.0,0.8476607605312049,0.0012801933168169026,0,0,100,0.0,0.9967893575801424,0.0,0.3278526053721371,0.0,0.0,,
full_nl,lstm,TSCausal,81,0,1,202.9566808604618,11.433830463681915,0.01,0.0,0.0,1.2153040239579342,0.0033786081647766185,0,0,100,0.0,0.9975543193777416,0.0,0.3315276518512736,0.0,0.0,,
full_nl,lstm,TSCausal,82,0,1,207.64430777095578,11.448303239000404,0.006,0.0,0.0,1.1955739840253374,0.0035419724976836096,0,0,100,0.0,0.9965636063886003,0.0,0.2242995160267621,0.0,0.0,,
full_nl,lstm,TSCausal,83,0,1,188.65478219480073,10.691191542922722,0.004,0.0,0.0,1.2287729033909136,0.009872397281198696,0,0,100,0.0,0.8193482739329466,0.0,0.862410618198881,0.0,0.0,,
full_nl,lstm,TSCausal,84,0,1,193.95905579533706,10.11472625061261,0.006,0.0,0.0,1.1763453441323493,0.0038645558766865393,0,0,100,0.0,0.9973701370770985,0.0,0.3268753933783635,0.0,0.0,,
full_nl,lstm,TSCausal,85,0,1,173.79134081446966,9.5285353616143,0.014,0.0,0.0,1.202189109293,0.0028130321581549744,0,0,100,0.0,0.9978292338662291,0.0,0.8674702196082449,0.0,0.0,,
full_nl,lstm,TSCausal,86,0,1,163.4440634319599,9.125693205145081,0.003,0.0,0.0,1.2823101784948796,0.0026027582894487286,0,0,100,0.0,0.9948970757771346,0.0,0.2536273285134366,0.0,0.0,,
full_nl,lstm,TSCausal,87,0,1,205.7734964575089,12.095837977213233,0.008,0.0,0.0,1.2331867640048877,0.005268043031259874,0,0,100,0.0,0.9966239767325629,0.0,0.24632712779289564,0.0,0.0,,
full_nl,lstm,TSCausal,88,0,1,167.65582439073495,8.849089215983243,0.003,0.0,0.0,1.1484215328136873,0.0024629515954858877,0,0,100,0.0,0.9979436489937094,0.0,0.24510574422469233,0.0,0.0,,
full_nl,lstm,TSCausal,89,0,1,189.51849292588054,12.360678356159331,0.006,0.0,0.0,0.8796005739773524,0.0010134895285031575,0,0,100,0.0,0.9974354591042534,0.0,0.09555036005141178,0.0,0.0,,
full_nl,lstm,TSCausal,90,0,1,177.27480775311312,11.778209592398317,0.005,0.0,0.0,0.8865101952192196,0.0009937737455368609,0,0,100,0.0,0.9973258864278371,0.0,0.32831981579307995,0.0,0.0,,
full_nl,lstm,TSCausal,91,0,1,191.89716494702128,12.589995981766373,0.011,0.0,0.0,0.8360965669783237,0.0010581518583981104,0,0,100,0.0,0.9970818953783103,0.0,0.8778168375148652,0.0,0.0,,
full_nl,lstm,TSCausal,92,0,1,186.07554782924012,10.396268454914685,0.009,0.0,0.0,1.2304116035864936,0.0015219696222369939,0,0,100,0.0,0.9980314426301489,0.0,0.8626778975518368,0.0,0.0,,
full_nl,lstm,TSCausal,93,0,1,197.49297175607728,11.22022203258335,0.003,0.0,0.0,1.1983748085407142,0.006651025467903246,0,0,100,0.0,0.9960041845145121,0.0,0.8478700955629187,0.0,0.0,,
full_nl,lstm,TSCausal,94,0,1,169.512195886686,9.020880073320242,0.004,0.0,0.0,1.2263413036938462,0.002280249619591773,0,0,100,0.0,0.9977813800588636,0.0,0.23702926924192472,0.0,0.0,,
full_nl,lstm,TSCausal,95,0,1,179.62200571323535,12.074840011212538,0.005,0.0,0.0,0.8719694315612269,0.0010026735206204206,0,0,100,0.0,0.9977471055461175,0.0,0.8896366370255029,0.0,0.0,,
full_nl,lstm,TSCausal,96,0,1,195.84252196935705,10.542372071204747,0.007,0.0,0.0,1.2241146134657894,0.002632213095955172,0,0,100,0.0,0.9979030301606826,0.0,0.3315018742070798,0.0,0.0,,
full_nl,lstm,TSCausal,97,0,1,179.1991548803877,9.758324225453539,0.007,0.0,0.0,1.2241004325310212,0.00276540074987522,0,0,100,0.0,0.9976786082663023,0.0,0.33140137139741954,0.0,0.0,,
full_nl,lstm,TSCausal,98,0,1,185.7579001683841,10.165827849307782,0.003,0.0,0.0,1.191461657641463,0.0023473459325133285,0,0,100,0.0,0.9951742085938075,0.0,0.22722169847228227,0.0,0.0,,
full_nl,lstm,TSCausal,99,0,1,158.23812638586818,8.743661514768299,0.007,0.0,0.0,1.2383066836892942,0.0014848170056342568,0,0,100,0.0,0.9981678867939482,0.0,0.877522085648492,0.0,0.0,,
