benchmark,classifier,method,instance,validity,no_cf_found,proximity_l1,proximity_l2,sparsity,sparsity_channels,sparsity_timepoints,trsi,scm_noise_plausibility,intervention_t,vacuous,do_complexity,cf_faith_rollout_hard,cf_faith_rollout_soft,cf_faith_pearl_hard,cf_faith_pearl_soft,cf_faith_rollout_hard_valid,cf_faith_pearl_hard_valid,cf_faith_rollout_hard_given_valid,cf_faith_pearl_hard_given_valid
full,lstm,CftsCOMTE,0,1,0,29.726109647083003,3.982714375523173,0.9,0.9,0.0,1.4097191949947645,0.6652183710406767,0,0,100,0.0,0.7816660911986314,0.0,0.9643288829702776,0.0,0.0,0.0,0.0
full,lstm,CftsCOMTE,1,1,0,29.627862953064298,3.4987359553944795,0.901,0.9,0.01,1.4284167843925655,0.6754132706403193,0,0,100,0.0,0.7561278598583823,0.0,0.958851817710506,0.0,0.0,0.0,0.0
full,lstm,CftsCOMTE,2,1,0,34.80537377714127,4.494410519511135,0.9,0.9,0.0,1.6238517849508352,0.6283355424235385,0,0,100,0.0,0.7337894239905137,0.0,0.9539578706116207,0.0,0.0,0.0,0.0
full,lstm,CftsCOMTE,3,1,0,31.72195540477748,3.8973499354506074,0.9,0.9,0.0,1.4628831328795198,0.646652895878888,0,0,100,0.0,0.7500657964233408,0.0,0.958024157546787,0.0,0.0,0.0,0.0
full,lstm,CftsCOMTE,4,1,0,31.1424657369518,3.8439766158065427,0.901,0.9,0.01,1.354047388596425,0.6659144953829269,0,0,100,0.0,0.7713410067030587,0.0,0.9655788669914893,0.0,0.0,0.0,0.0
full,lstm,CftsCOMTE,5,1,0,30.497457270017385,3.7869496483012806,0.9,0.9,0.0,1.4607017866063177,0.667851624478892,0,0,100,0.0,0.7780754502813791,0.0,0.9576537037582182,0.0,0.0,0.0,0.0
full,lstm,CftsCOMTE,6,1,0,28.218956433050565,3.640916997732543,0.9,0.9,0.0,1.5755256518012677,0.6803287520604362,0,0,100,0.0,0.7834772167327979,0.0,0.9598706378127008,0.0,0.0,0.0,0.0
full,lstm,CftsCOMTE,7,1,0,28.18900161277714,3.5966046517858743,0.9,0.9,0.0,1.4801877680269822,0.6909529507709089,0,0,100,0.0,0.791535389691301,0.0,0.9685344256172569,0.0,0.0,0.0,0.0
full,lstm,CftsCOMTE,8,1,0,34.03822899535545,4.2250520603330095,0.9,0.9,0.0,1.3818279451591946,0.62406189822565,0,0,100,0.0,0.759321106388831,0.0,0.9626882905132319,0.0,0.0,0.0,0.0
full,lstm,CftsCOMTE,9,1,0,30.303893063656993,3.853839065830689,0.9,0.9,0.0,1.3973470426904633,0.6284047579961122,0,0,100,0.0,0.7370747861216734,0.0,0.9652653159776557,0.0,0.0,0.0,0.0
full,lstm,CftsCOMTE,10,1,0,29.62135197283014,3.741162268521345,0.9,0.9,0.0,1.3386920215168765,0.6621040369887573,0,0,100,0.0,0.7827029507195651,0.0,0.960088354151533,0.0,0.0,0.0,0.0
full,lstm,CftsCOMTE,11,1,0,29.321309180594923,3.7948237130482156,0.9,0.9,0.0,1.3651743217743717,0.6438765219224731,0,0,100,0.0,0.7636634702425844,0.0,0.9699994769685589,0.0,0.0,0.0,0.0
full,lstm,CftsCOMTE,12,1,0,27.542884012611104,3.56450577096846,0.9,0.9,0.0,1.569244182912853,0.6955445650488296,0,0,100,0.0,0.7981379855296014,0.0,0.9670389850034772,0.0,0.0,0.0,0.0
full,lstm,CftsCOMTE,13,1,0,31.44463517284561,3.738627864231826,0.9,0.9,0.0,1.3305346103198554,0.6498871540162063,0,0,100,0.0,0.7452990202779589,0.0,0.9625305684842138,0.0,0.0,0.0,0.0
full,lstm,CftsCOMTE,14,1,0,33.09786186619864,3.9885637210269915,0.901,0.9,0.01,1.4095217129223216,0.638762466103478,0,0,100,0.0,0.7606499406321326,0.0,0.9547149694277529,0.0,0.0,0.0,0.0
full,lstm,CftsCOMTE,15,1,0,34.735423203239606,4.217625901759719,0.901,0.9,0.01,1.6531176572663377,0.6323551422804066,0,0,100,0.0,0.7777070731364905,0.0,0.9632910354323537,0.0,0.0,0.0,0.0
full,lstm,CftsCOMTE,16,1,0,31.305198003201895,3.8001765759504202,0.9,0.9,0.0,1.577128363463726,0.6562371336126813,0,0,100,0.0,0.7682909274352955,0.0,0.9670050750357952,0.0,0.0,0.0,0.0
full,lstm,CftsCOMTE,17,1,0,28.022950525742566,3.414242162287775,0.9,0.9,0.0,1.4535909885285965,0.6836524891192518,0,0,100,0.0,0.785836520454294,0.0,0.9591574396025279,0.0,0.0,0.0,0.0
full,lstm,CftsCOMTE,18,1,0,33.09868932726318,4.2333968856109525,0.9,0.9,0.0,1.6885480491173317,0.6601804835671372,0,0,100,0.0,0.7830559686293018,0.0,0.9622175610776716,0.0,0.0,0.0,0.0
full,lstm,CftsCOMTE,19,1,0,30.529845871008433,3.8145619265844863,0.9,0.9,0.0,1.5443239775116326,0.6770389559017099,0,0,100,0.0,0.7996334225945966,0.0,0.9639446624401792,0.0,0.0,0.0,0.0
full,lstm,CftsCOMTE,20,1,0,33.938469482792584,4.268390206520257,0.901,0.9,0.01,1.3506364346613366,0.6283661421171054,0,0,100,0.0,0.7567554102857575,0.0,0.948405736659976,0.0,0.0,0.0,0.0
full,lstm,CftsCOMTE,21,1,0,28.422331744598345,3.508612301401457,0.9,0.9,0.0,1.47806023575927,0.6869965688781728,0,0,100,0.0,0.780678658770924,0.0,0.9631620803200188,0.0,0.0,0.0,0.0
full,lstm,CftsCOMTE,22,1,0,30.497710031764317,3.682743135099014,0.9,0.9,0.0,1.368872251359191,0.6668951689500967,0,0,100,0.0,0.7921746332254824,0.0,0.9589528062586942,0.0,0.0,0.0,0.0
full,lstm,CftsCOMTE,23,1,0,32.98191793588588,4.042145253267277,0.9,0.9,0.0,1.421984694934408,0.6257538705948262,0,0,100,0.0,0.7541653394646599,0.0,0.9613634532278529,0.0,0.0,0.0,0.0
full,lstm,CftsCOMTE,24,1,0,32.95775235230363,4.142677105612542,0.9,0.9,0.0,1.529712184703914,0.6394228895133931,0,0,100,0.0,0.7645070277134932,0.0,0.9510868855148205,0.0,0.0,0.0,0.0
full,lstm,CftsCOMTE,25,1,0,29.055327525667494,3.647647285104909,0.9,0.9,0.0,1.5506030783750369,0.6682207383141734,0,0,100,0.0,0.7655950352086678,0.0,0.9645667139054752,0.0,0.0,0.0,0.0
full,lstm,CftsCOMTE,26,1,0,27.844773164492594,3.502858094716658,0.9,0.9,0.0,1.5055419517203876,0.6780846492114636,0,0,100,0.0,0.7799152677872486,0.0,0.967937184444063,0.0,0.0,0.0,0.0
full,lstm,CftsCOMTE,27,1,0,32.99346540634723,4.2979269670727485,0.901,0.9,0.01,1.5210676187799381,0.6556268941672061,0,0,100,0.0,0.7599826582013194,0.0,0.9629230698496125,0.0,0.0,0.0,0.0
full,lstm,CftsCOMTE,28,1,0,31.550924382079344,3.8213873392046973,0.9,0.9,0.0,1.4030803054263956,0.6700140185915885,0,0,100,0.0,0.7860271879835435,0.0,0.9656692084662072,0.0,0.0,0.0,0.0
full,lstm,CftsCOMTE,29,1,0,28.8906057583417,3.4946869186765355,0.9,0.9,0.0,1.3749995616926045,0.6650742470067631,0,0,100,0.0,0.7730274989471567,0.0,0.9694330774220805,0.0,0.0,0.0,0.0
full,lstm,CftsCOMTE,30,1,0,28.74096669600494,3.381941115214171,0.9,0.9,0.0,1.4251058844589386,0.6709474220440174,0,0,100,0.0,0.7662993032247913,0.0,0.9688887039302241,0.0,0.0,0.0,0.0
full,lstm,CftsCOMTE,31,1,0,28.31747764281863,3.5199316481334204,0.901,0.9,0.01,1.4241367667948317,0.6681691850379688,0,0,100,0.0,0.7711528697055219,0.0,0.9628217529506364,0.0,0.0,0.0,0.0
full,lstm,CftsCOMTE,32,1,0,28.47083792636728,3.6023743698319977,0.9,0.9,0.0,1.6090175508055977,0.6816443656374221,0,0,100,0.0,0.7885567993716862,0.0,0.9710846974810993,0.0,0.0,0.0,0.0
full,lstm,CftsCOMTE,33,1,0,25.301136031478393,3.190142522731158,0.9,0.9,0.0,1.4338005894001438,0.742094846456856,0,0,100,0.0,0.7874880228449574,0.0,0.9711594620131363,0.0,0.0,0.0,0.0
full,lstm,CftsCOMTE,34,1,0,29.664658837100035,3.7612668799409756,0.9,0.9,0.0,1.5181688473616721,0.6453896885581113,0,0,100,0.0,0.7787970413216944,0.0,0.9653965619293987,0.0,0.0,0.0,0.0
full,lstm,CftsCOMTE,35,1,0,28.6708742424088,3.4858765384984087,0.9,0.9,0.0,1.5032980193730017,0.6694362790273223,0,0,100,0.0,0.7873097524430364,0.0,0.9688808439806673,0.0,0.0,0.0,0.0
full,lstm,CftsCOMTE,36,1,0,30.464154576650365,3.64023839205905,0.9,0.9,0.0,1.4755822332570485,0.6514423939096226,0,0,100,0.0,0.7825196630799889,0.0,0.9666739951517892,0.0,0.0,0.0,0.0
full,lstm,CftsCOMTE,37,1,0,27.996705994501095,3.4101911782397605,0.9,0.9,0.0,1.340479919314145,0.6808237028570654,0,0,100,0.0,0.792820977406934,0.0,0.9627126030320311,0.0,0.0,0.0,0.0
full,lstm,CftsCOMTE,38,1,0,27.179089483916783,3.4755727355495756,0.901,0.9,0.01,1.4330449962191956,0.6960979292886865,0,0,100,0.0,0.7734641544278494,0.0,0.9706577753864205,0.0,0.0,0.0,0.0
full,lstm,CftsCOMTE,39,1,0,32.01188099696567,3.9221810324256445,0.9,0.9,0.0,1.5033888719517337,0.6412634080053017,0,0,100,0.0,0.7607150768269486,0.0,0.9524826182534202,0.0,0.0,0.0,0.0
full,lstm,CftsCOMTE,40,1,0,30.075100791863434,3.6043553446997056,0.9,0.9,0.0,1.4281925718823052,0.6511805648922395,0,0,100,0.0,0.7554907679998827,0.0,0.9655439490096165,0.0,0.0,0.0,0.0
full,lstm,CftsCOMTE,41,1,0,30.33009575798197,3.892187085588623,0.9,0.9,0.0,1.5015694004981954,0.6821148711289744,0,0,100,0.0,0.7830588963261403,0.0,0.9665330291503293,0.0,0.0,0.0,0.0
full,lstm,CftsCOMTE,42,1,0,32.916286797880346,4.148790859290625,0.9,0.9,0.0,1.4209601927801516,0.640465038462976,0,0,100,0.0,0.7813174294620229,0.0,0.9615457429024074,0.0,0.0,0.0,0.0
full,lstm,CftsCOMTE,43,1,0,31.895674437547417,3.8795496448576823,0.901,0.9,0.01,1.474367873844559,0.6659056209825922,0,0,100,0.0,0.771697992986997,0.0,0.9645407174715614,0.0,0.0,0.0,0.0
full,lstm,CftsCOMTE,44,1,0,29.435560306124714,3.6879889517586393,0.9,0.9,0.0,1.4921733722300876,0.671941148480583,0,0,100,0.0,0.7604919154639944,0.0,0.9691227781740791,0.0,0.0,0.0,0.0
full,lstm,CftsCOMTE,45,1,0,29.52210696554462,3.908484641967769,0.9,0.9,0.0,1.531792718091913,0.6786490328860917,0,0,100,0.0,0.7746302022082184,0.0,0.9708322803405632,0.0,0.0,0.0,0.0
full,lstm,CftsCOMTE,46,1,0,31.754610476356017,3.9883966228732883,0.9,0.9,0.0,1.5171171142468267,0.6424609674250508,0,0,100,0.0,0.7734654365241742,0.0,0.9676791792608527,0.0,0.0,0.0,0.0
full,lstm,CftsCOMTE,47,1,0,30.766413725828986,4.031380215784957,0.9,0.9,0.0,1.5138246671959172,0.6456005448592269,0,0,100,0.0,0.7751557604251891,0.0,0.9605761751320477,0.0,0.0,0.0,0.0
full,lstm,CftsCOMTE,48,1,0,27.48553074667135,3.4586267471601637,0.902,0.9,0.02,1.3094323310822176,0.6885967937306087,0,0,100,0.0,0.7738862984072007,0.0,0.9716488043689778,0.0,0.0,0.0,0.0
full,lstm,CftsCOMTE,49,1,0,26.552228136435406,3.4369271902533245,0.9,0.9,0.0,1.4894945962203519,0.6812881251892111,0,0,100,0.0,0.7810247548166191,0.0,0.9729384756753288,0.0,0.0,0.0,0.0
full,lstm,CftsCOMTE,50,1,0,27.548591471715767,3.27395759494702,0.9,0.9,0.0,1.3237422687207974,0.6973220779545799,0,0,100,0.0,0.8027754637947396,0.0,0.96307536754263,0.0,0.0,0.0,0.0
full,lstm,CftsCOMTE,51,1,0,31.90939820185651,4.021162298831996,0.9,0.9,0.0,1.3847709444210061,0.6571249960098813,0,0,100,0.0,0.76829406153038,0.0,0.9634883714261209,0.0,0.0,0.0,0.0
full,lstm,CftsCOMTE,52,1,0,33.191721393374024,4.315865869352748,0.9,0.9,0.0,1.3396211478905882,0.626395568027609,0,0,100,0.0,0.7553516706224579,0.0,0.9542529488913065,0.0,0.0,0.0,0.0
full,lstm,CftsCOMTE,53,1,0,31.355678137585706,4.05472995439427,0.901,0.9,0.01,1.5479077923431186,0.651908941759185,0,0,100,0.0,0.7352695539112862,0.0,0.9589343160942599,0.0,0.0,0.0,0.0
full,lstm,CftsCOMTE,54,1,0,30.041822485106618,3.7662665636684793,0.901,0.9,0.01,1.5734417434647616,0.674857101086287,0,0,100,0.0,0.7789912402469248,0.0,0.9682417185836095,0.0,0.0,0.0,0.0
full,lstm,CftsCOMTE,55,1,0,30.683624010223337,3.7427117972445005,0.9,0.9,0.0,1.3554343138558518,0.6541983525771831,0,0,100,0.0,0.7732263943444696,0.0,0.9619927733549627,0.0,0.0,0.0,0.0
full,lstm,CftsCOMTE,56,1,0,32.166312514525586,3.915231432061346,0.9,0.9,0.0,1.5402196508305703,0.6429271557563482,0,0,100,0.0,0.786328152207933,0.0,0.9672395217248654,0.0,0.0,0.0,0.0
full,lstm,CftsCOMTE,57,1,0,32.110703179525004,3.9933530684544616,0.901,0.9,0.01,1.31703831280324,0.6274477211318893,0,0,100,0.0,0.7703870251316232,0.0,0.9644436526629319,0.0,0.0,0.0,0.0
full,lstm,CftsCOMTE,58,1,0,30.540365655651065,3.918673599692441,0.9,0.9,0.0,1.380987924396567,0.6469652750618752,0,0,100,0.0,0.771936219741639,0.0,0.9649150882307115,0.0,0.0,0.0,0.0
full,lstm,CftsCOMTE,59,1,0,27.806789071503513,3.3911582391386594,0.9,0.9,0.0,1.2931890115593176,0.6616915910194667,0,0,100,0.0,0.783619372824542,0.0,0.9718407517152996,0.0,0.0,0.0,0.0
full,lstm,CftsCOMTE,60,1,0,29.456406425331757,3.6417304475466996,0.9,0.9,0.0,1.3335984568812573,0.6646957775615346,0,0,100,0.0,0.7911861418964926,0.0,0.9681686165883289,0.0,0.0,0.0,0.0
full,lstm,CftsCOMTE,61,1,0,30.75723113512337,3.690046934822112,0.9,0.9,0.0,1.4804055030826313,0.6515106597604453,0,0,100,0.0,0.76627945853926,0.0,0.9696194342518506,0.0,0.0,0.0,0.0
full,lstm,CftsCOMTE,62,1,0,27.38482896650971,3.443797513195939,0.901,0.9,0.01,1.4332355048746894,0.7059914827855749,0,0,100,0.0,0.773183853272509,0.0,0.9609618433953385,0.0,0.0,0.0,0.0
full,lstm,CftsCOMTE,63,1,0,30.11577192255462,3.768789311412227,0.9,0.9,0.0,1.4519735552848827,0.6478410099202714,0,0,100,0.0,0.7752001372484476,0.0,0.9651643345752311,0.0,0.0,0.0,0.0
full,lstm,CftsCOMTE,64,1,0,30.076593738382428,3.653200860387204,0.9,0.9,0.0,1.3835355078925187,0.6667304761572069,0,0,100,0.0,0.7595527446282401,0.0,0.9581626344164316,0.0,0.0,0.0,0.0
full,lstm,CftsCOMTE,65,1,0,26.125303208350303,3.3268283546122994,0.9,0.9,0.0,1.5421275476348009,0.7062966180945061,0,0,100,0.0,0.7895029670435776,0.0,0.9647545918799277,0.0,0.0,0.0,0.0
full,lstm,CftsCOMTE,66,1,0,28.796591303276863,3.5251330987145804,0.9,0.9,0.0,1.4539324416385857,0.6730085527998454,0,0,100,0.0,0.7620383766656905,0.0,0.9712798515901174,0.0,0.0,0.0,0.0
full,lstm,CftsCOMTE,67,1,0,32.28102443132034,3.8764211903162424,0.9,0.9,0.0,1.4904608045306798,0.6517879074480026,0,0,100,0.0,0.7528179490178483,0.0,0.9668517973288854,0.0,0.0,0.0,0.0
full,lstm,CftsCOMTE,68,1,0,27.153669829217545,3.4358646914893325,0.9,0.9,0.0,1.5421792586824896,0.6756422414618702,0,0,100,0.0,0.7604390166082564,0.0,0.9647257613007747,0.0,0.0,0.0,0.0
full,lstm,CftsCOMTE,69,1,0,25.51758516858652,3.077804651320001,0.9,0.9,0.0,1.305772072398352,0.7065806471021604,0,0,100,0.0,0.785958947873012,0.0,0.9680644226890068,0.0,0.0,0.0,0.0
full,lstm,CftsCOMTE,70,1,0,32.24517643102545,4.067502734045498,0.9,0.9,0.0,1.6230457169337944,0.6236617940309489,0,0,100,0.0,0.7664776478218374,0.0,0.9674623735985763,0.0,0.0,0.0,0.0
full,lstm,CftsCOMTE,71,1,0,33.77414906672239,4.202983696780178,0.9,0.9,0.0,1.6279824750186964,0.615806978913315,0,0,100,0.0,0.7630644875850635,0.0,0.96115645437078,0.0,0.0,0.0,0.0
full,lstm,CftsCOMTE,72,1,0,29.76485103708849,3.654968243657266,0.9,0.9,0.0,1.5467737938028245,0.6811482697413562,0,0,100,0.0,0.7788504239135641,0.0,0.9700246293557663,0.0,0.0,0.0,0.0
full,lstm,CftsCOMTE,73,1,0,30.655968190296,3.6884817848649236,0.9,0.9,0.0,1.4063518948692864,0.6481413435575802,0,0,100,0.0,0.7914982047206102,0.0,0.9645079204611078,0.0,0.0,0.0,0.0
full,lstm,CftsCOMTE,74,1,0,28.793476821109095,3.580339105675813,0.9,0.9,0.0,1.3695448787082838,0.6806608310761734,0,0,100,0.0,0.7841038714393168,0.0,0.9656583500925889,0.0,0.0,0.0,0.0
full,lstm,CftsCOMTE,75,1,0,32.2176709116915,4.063220227869655,0.9,0.9,0.0,1.5250829343733214,0.632307138596899,0,0,100,0.0,0.776874451037829,0.0,0.9654375862713404,0.0,0.0,0.0,0.0
full,lstm,CftsCOMTE,76,1,0,34.244426857969806,4.07768689628354,0.9,0.9,0.0,1.5006458671599445,0.6529489201466481,0,0,100,0.0,0.7590509269762035,0.0,0.9617604565420531,0.0,0.0,0.0,0.0
full,lstm,CftsCOMTE,77,1,0,35.728174392846405,4.288384699803606,0.9,0.9,0.0,1.5672705101103523,0.6046844145238425,0,0,100,0.0,0.729336410366762,0.0,0.9648169716764423,0.0,0.0,0.0,0.0
full,lstm,CftsCOMTE,78,1,0,29.279924885254367,3.6599272885833214,0.9,0.9,0.0,1.5401013380244026,0.6507036723863144,0,0,100,0.0,0.7607878559432951,0.0,0.9666489742745716,0.0,0.0,0.0,0.0
full,lstm,CftsCOMTE,79,1,0,28.427881141064237,3.4319172648556475,0.9,0.9,0.0,1.3384640197685476,0.6817146308247203,0,0,100,0.0,0.7886240152454828,0.0,0.9660114386994868,0.0,0.0,0.0,0.0
full,lstm,CftsCOMTE,80,1,0,27.87092354422921,3.442813358419473,0.9,0.9,0.0,1.5636506380939288,0.6890710875055253,0,0,100,0.0,0.7898118264150022,0.0,0.9666358718504523,0.0,0.0,0.0,0.0
full,lstm,CftsCOMTE,81,1,0,29.528244429628778,3.801977655616883,0.9,0.9,0.0,1.5438860006811645,0.6376458580932728,0,0,100,0.0,0.7595047892487784,0.0,0.9652637918089871,0.0,0.0,0.0,0.0
full,lstm,CftsCOMTE,82,1,0,31.377844289260274,3.9044286851000103,0.9,0.9,0.0,1.4063363214789228,0.6439456682887551,0,0,100,0.0,0.767555759825682,0.0,0.9604342252237803,0.0,0.0,0.0,0.0
full,lstm,CftsCOMTE,83,1,0,27.742412260611893,3.621558939332081,0.9,0.9,0.0,1.3714760439160727,0.6662328886299635,0,0,100,0.0,0.7679871350234779,0.0,0.9716429499165365,0.0,0.0,0.0,0.0
full,lstm,CftsCOMTE,84,1,0,29.461316167637357,3.6982410644446344,0.9,0.9,0.0,1.3876928273936242,0.6551396506318303,0,0,100,0.0,0.7704553654360111,0.0,0.9635927229141952,0.0,0.0,0.0,0.0
full,lstm,CftsCOMTE,85,1,0,26.32434323409889,3.386237115261355,0.9,0.9,0.0,1.5704530811961421,0.6869913054826672,0,0,100,0.0,0.7844730006784542,0.0,0.964709127667528,0.0,0.0,0.0,0.0
full,lstm,CftsCOMTE,86,1,0,31.41856812460666,3.8036603755368503,0.9,0.9,0.0,1.4776654753134157,0.6557480743903862,0,0,100,0.0,0.7746915462788156,0.0,0.9665339664305811,0.0,0.0,0.0,0.0
full,lstm,CftsCOMTE,87,1,0,33.88137712894941,4.096955003395888,0.9,0.9,0.0,1.4332281085772423,0.6419664696729397,0,0,100,0.0,0.7828447748063228,0.0,0.959937521898656,0.0,0.0,0.0,0.0
full,lstm,CftsCOMTE,88,1,0,28.047201646928418,3.5694543492534088,0.9,0.9,0.0,1.4422301543557092,0.7008379702300629,0,0,100,0.0,0.7819396727127916,0.0,0.9655533452566565,0.0,0.0,0.0,0.0
full,lstm,CftsCOMTE,89,1,0,29.53909813661827,3.943866710958476,0.9,0.9,0.0,1.6348885624468894,0.6478464016910734,0,0,100,0.0,0.7752514908778212,0.0,0.9642737750540978,0.0,0.0,0.0,0.0
full,lstm,CftsCOMTE,90,1,0,31.65955567608269,3.895795995636922,0.9,0.9,0.0,1.4292779098014106,0.6478169235699458,0,0,100,0.0,0.7704185163110986,0.0,0.9567167730968291,0.0,0.0,0.0,0.0
full,lstm,CftsCOMTE,91,1,0,30.36166281097327,3.8214833830899115,0.9,0.9,0.0,1.4000356184942466,0.640170130136529,0,0,100,0.0,0.7812703433144416,0.0,0.9565218946448999,0.0,0.0,0.0,0.0
full,lstm,CftsCOMTE,92,1,0,27.660375795563333,3.4142575042880705,0.9,0.9,0.0,1.470251569895973,0.6976653751429157,0,0,100,0.0,0.7735333656751945,0.0,0.9627599061516667,0.0,0.0,0.0,0.0
full,lstm,CftsCOMTE,93,1,0,33.604381570611295,4.324175509787978,0.9,0.9,0.0,1.486187650510957,0.6166669308556006,0,0,100,0.0,0.7778163625481871,0.0,0.9648624078257176,0.0,0.0,0.0,0.0
full,lstm,CftsCOMTE,94,1,0,31.500172162061688,3.9367312346602974,0.9,0.9,0.0,1.370106190548188,0.6417475090293187,0,0,100,0.0,0.7708956615878351,0.0,0.9612328283618279,0.0,0.0,0.0,0.0
full,lstm,CftsCOMTE,95,1,0,32.66783807405974,4.135489887282312,0.9,0.9,0.0,1.4597893293550999,0.6216648202608218,0,0,100,0.0,0.7501665018351265,0.0,0.963393144080824,0.0,0.0,0.0,0.0
full,lstm,CftsCOMTE,96,1,0,31.01284145583135,3.962364201502566,0.9,0.9,0.0,1.6121211197029612,0.6510860344442138,0,0,100,0.0,0.7719012673103367,0.0,0.9685569289650137,0.0,0.0,0.0,0.0
full,lstm,CftsCOMTE,97,1,0,31.681656162923105,3.990319515356897,0.902,0.9,0.02,1.4616752242365818,0.630736331437499,0,0,100,0.0,0.7693828472668172,0.0,0.9678352121821875,0.0,0.0,0.0,0.0
full,lstm,CftsCOMTE,98,1,0,30.662942492372466,3.8510376626578835,0.9,0.9,0.0,1.5205569278910218,0.6530005440843274,0,0,100,0.0,0.772615935237083,0.0,0.9691968301972923,0.0,0.0,0.0,0.0
full,lstm,CftsCOMTE,99,1,0,33.37490907237917,4.092144482855791,0.9,0.9,0.0,1.6083089253345697,0.6121807280952435,0,0,100,0.0,0.7683324899232571,0.0,0.9546439972432572,0.0,0.0,0.0,0.0
full,lstm,CftsCels,0,1,0,0.8463007618737206,0.7821626872085009,0.98,0.1,0.94,1.0120717608547884,0.9988359807646837,92,0,5,0.0,0.7816118824585606,0.0,0.9891969041146449,0.0,0.0,0.0,0.0
full,lstm,CftsCels,1,1,0,0.5064353065713719,0.25616587419446396,0.984,0.6,0.88,1.5038417119684921,0.9985252988238772,87,0,13,0.0,0.8251728552242206,0.0,0.9959056756269873,0.0,0.0,0.0,0.0
full,lstm,CftsCels,2,1,0,1.2321760828509483,1.1678709600858714,0.983,0.1,0.96,1.0071821180962106,0.9949686252954617,96,0,4,0.0,0.9024030570514217,0.0,0.9701713454770144,0.0,0.0,0.0,0.0
full,lstm,CftsCels,3,0,0,0.00024229170553671624,0.00016779627633017928,1.0,1.0,1.0,1.8911714737859893,0.9711697068243155,99,1,0,nan,nan,nan,nan,0.0,0.0,,
full,lstm,CftsCels,4,1,0,0.18319464093211602,0.12932763258787872,0.987,0.3,0.94,1.144119367704328,0.9615988150685025,92,0,7,0.0,0.8404347833911867,0.0,0.9969063684716364,0.0,0.0,0.0,0.0
full,lstm,CftsCels,5,0,0,6.913351598058712e-06,1.4223867405829546e-06,1.0,1.0,1.0,1.63387136485291,0.9879208277897368,99,1,0,nan,nan,nan,nan,0.0,0.0,,
full,lstm,CftsCels,6,0,0,5.163717440081171e-06,2.505678155587121e-07,1.0,1.0,1.0,1.4158416629753854,0.9708541065906836,99,1,0,nan,nan,nan,nan,0.0,0.0,,
full,lstm,CftsCels,7,1,0,0.33257159688079513,0.26543390149020596,0.984,0.4,0.93,1.0958587919902234,0.9535341685966273,93,0,7,0.0,0.8980238755847129,0.0,0.9950667028445004,0.0,0.0,0.0,0.0
full,lstm,CftsCels,8,1,0,0.21632477901302835,0.15235796266215684,0.984,0.0,0.95,1.1134260648691,0.9984735757652543,95,0,5,0.0,0.9017582928999943,0.0,0.9954022264992005,0.0,0.0,0.0,0.0
full,lstm,CftsCels,9,0,0,0.002014680582864683,0.0012420019861203635,0.999,0.9,0.99,1.659472623486233,0.9699372755726833,96,0,1,0.0,0.8955312647398789,1.0,0.9998918474881229,0.0,0.0,,
full,lstm,CftsCels,10,0,0,7.525974028741323e-06,2.0296474469901713e-06,1.0,1.0,1.0,1.6643709228971317,0.9664672107218016,99,1,0,nan,nan,nan,nan,0.0,0.0,,
full,lstm,CftsCels,11,1,0,0.4182303675883194,0.34774705304758047,0.979,0.1,0.94,1.0657038762353828,0.940068240999465,94,0,6,0.0,0.8516889007981066,0.0,0.993048592727541,0.0,0.0,0.0,0.0
full,lstm,CftsCels,12,1,0,0.1673444476058131,0.11649122442090043,0.986,0.3,0.94,1.0589306926054785,0.9680770992017153,94,0,6,0.0,0.8513624824738925,0.0,0.9971773893988056,0.0,0.0,0.0,0.0
full,lstm,CftsCels,13,0,0,6.417257509654106e-06,3.158228847394081e-07,1.0,1.0,1.0,1.3998041725521957,0.995684128089234,99,1,0,nan,nan,nan,nan,0.0,0.0,,
full,lstm,CftsCels,14,1,0,0.39231030246514104,0.31116406417171816,0.989,0.3,0.95,1.1466840480789469,0.976717578459497,95,0,5,0.0,0.9278939009298726,0.0,0.992365922776595,0.0,0.0,0.0,0.0
full,lstm,CftsCels,15,1,0,0.7089153928272325,0.63240558868774,0.989,0.4,0.95,1.075810399371213,0.9766080618699711,95,0,5,0.0,0.8780516057408772,0.0,0.9859867514098213,0.0,0.0,0.0,0.0
full,lstm,CftsCels,16,1,0,0.24544838986611722,0.1799256360906282,0.981,0.2,0.93,1.0702570895196173,0.9840543886451842,92,0,8,0.0,0.8191137199662835,0.0,0.9968564202843964,0.0,0.0,0.0,0.0
full,lstm,CftsCels,17,0,0,0.0039006282931718953,0.0013340231982148802,1.0,1.0,1.0,1.786863280411979,0.9934150445087084,99,1,0,nan,nan,nan,nan,0.0,0.0,,
full,lstm,CftsCels,18,0,0,6.461951729912555e-05,4.288574263085536e-05,1.0,1.0,1.0,1.3909985711029598,0.961874018601242,99,1,0,nan,nan,nan,nan,0.0,0.0,,
full,lstm,CftsCels,19,1,0,2.4662838386982937,0.4674990425705185,0.951,0.0,0.88,1.1581796633617987,0.9568284251563404,88,0,12,0.0,0.8148178799725276,0.0,0.9796088630261462,0.0,0.0,0.0,0.0
full,lstm,CftsCels,20,0,0,5.9591287169323374e-06,2.9825134142447024e-07,1.0,1.0,1.0,1.4231983087703537,0.9998249422640823,99,1,0,nan,nan,nan,nan,0.0,0.0,,
full,lstm,CftsCels,21,0,0,5.634217407613092e-06,2.865866424121609e-07,1.0,1.0,1.0,1.4107712994632287,0.9627605499954589,99,1,0,nan,nan,nan,nan,0.0,0.0,,
full,lstm,CftsCels,22,1,0,0.354144608593616,0.2888976019344241,0.987,0.3,0.97,0.9064196920275787,0.9885325334534454,97,0,3,0.0,0.9240669424725967,0.0,0.988709505115188,0.0,0.0,0.0,0.0
full,lstm,CftsCels,23,0,0,6.196883569712167e-06,2.979971515824783e-07,1.0,1.0,1.0,1.4463519640507194,0.9950646827251458,99,1,0,nan,nan,nan,nan,0.0,0.0,,
full,lstm,CftsCels,24,0,0,6.1297287375261696e-06,3.0392984306259214e-07,1.0,1.0,1.0,1.3904553124336803,0.9698594902571132,99,1,0,nan,nan,nan,nan,0.0,0.0,,
full,lstm,CftsCels,25,1,0,0.26620670206961283,0.1834348631566482,0.986,0.3,0.96,0.8118163601127223,0.9863469119664892,96,0,4,0.0,0.88191785588436,0.0,0.9934120740261874,0.0,0.0,0.0,0.0
full,lstm,CftsCels,26,1,0,0.27478646435588383,0.19350601424380776,0.98,0.0,0.95,1.1402390002786327,0.9886342050690122,94,0,5,0.0,0.8580827745092025,0.0,0.9954550726429997,0.0,0.0,0.0,0.0
full,lstm,CftsCels,27,0,0,3.1393364581001025e-05,2.529093621215011e-05,1.0,1.0,1.0,1.0491423076294388,0.9417023437134793,99,1,0,nan,nan,nan,nan,0.0,0.0,,
full,lstm,CftsCels,28,0,0,5.623180653984675e-06,2.7405109031082957e-07,1.0,1.0,1.0,1.38083465739126,0.959447949864243,99,1,0,nan,nan,nan,nan,0.0,0.0,,
full,lstm,CftsCels,29,1,0,0.6576305630764149,0.4551526419854849,0.98,0.1,0.94,1.2223476861726825,0.9571460656795494,94,0,6,0.0,0.8791015694049408,0.0,0.9885769208152942,0.0,0.0,0.0,0.0
full,lstm,CftsCels,30,1,0,0.16541755569321445,0.12954975800957705,0.99,0.4,0.96,1.0544878271029166,0.963524877851872,96,0,4,0.0,0.9034251449129935,0.0,0.9958706714684674,0.0,0.0,0.0,0.0
full,lstm,CftsCels,31,0,0,5.533222684455351e-06,2.6699255622534045e-07,1.0,1.0,1.0,1.4569539484386822,0.9705346887629711,99,1,0,nan,nan,nan,nan,0.0,0.0,,
full,lstm,CftsCels,32,1,0,0.6736165128389353,0.5140050404078862,0.985,0.3,0.95,1.1993942862504574,0.9916618337579318,93,0,6,0.0,0.8649946571269314,0.0,0.9901509399086006,0.0,0.0,0.0,0.0
full,lstm,CftsCels,33,1,0,0.35157726864181943,0.31862004313097003,0.99,0.2,0.96,1.0256594523223244,0.9721417631172203,95,0,4,0.0,0.9080630325605628,0.0,0.9929702800194662,0.0,0.0,0.0,0.0
full,lstm,CftsCels,34,1,0,0.23445339790088926,0.19514272473495028,0.987,0.3,0.93,1.0279319543814331,0.9987696141140525,93,0,7,0.0,0.853844528100394,0.0,0.9965775277053632,0.0,0.0,0.0,0.0
full,lstm,CftsCels,35,1,0,0.2488415355119359,0.19747506276902596,0.983,0.0,0.94,1.04369766822918,0.9979402972856855,93,0,7,0.0,0.8416827082768955,0.0,0.9963818041824827,0.0,0.0,0.0,0.0
full,lstm,CftsCels,36,1,0,0.41511307047993684,0.3518075933594404,0.984,0.0,0.96,1.0326227052761334,0.9780098062379862,96,0,4,0.0,0.8594467127258917,0.0,0.9898521185801817,0.0,0.0,0.0,0.0
full,lstm,CftsCels,37,1,0,0.5187009687407377,0.4666617132821933,0.985,0.0,0.96,1.0282952535976277,0.9968491546534538,95,0,4,0.0,0.8905965021204414,0.0,0.9897720041656083,0.0,0.0,0.0,0.0
full,lstm,CftsCels,38,0,0,1.6227992467140323e-05,1.0564599853044985e-05,1.0,1.0,1.0,1.9110562214880544,0.9460827722229542,99,1,0,nan,nan,nan,nan,0.0,0.0,,
full,lstm,CftsCels,39,0,0,1.6538820169751528e-05,1.0687722401190345e-05,1.0,1.0,1.0,1.899182811052278,0.9982471884648443,99,1,0,nan,nan,nan,nan,0.0,0.0,,
full,lstm,CftsCels,40,0,0,0.00011691485056179729,0.00010163936048804231,1.0,1.0,1.0,1.9252338012391423,0.9582840844894472,99,1,0,nan,nan,nan,nan,0.0,0.0,,
full,lstm,CftsCels,41,1,0,0.26259355393700334,0.22329624771608045,0.987,0.3,0.96,1.0336846512481832,0.9746397779218665,96,0,4,0.0,0.8901587082268417,0.0,0.9936295480541933,0.0,0.0,0.0,0.0
full,lstm,CftsCels,42,0,0,0.0007024345705441424,0.0005052618167351113,1.0,1.0,1.0,1.741674139103566,0.9680400358261797,99,1,0,nan,nan,nan,nan,0.0,0.0,,
full,lstm,CftsCels,43,0,0,6.064159087287857e-05,5.48286145360727e-05,1.0,1.0,1.0,1.9927670150288812,0.9765535447929075,99,1,0,nan,nan,nan,nan,0.0,0.0,,
full,lstm,CftsCels,44,0,0,4.057997771709891e-05,3.408117784251377e-05,1.0,1.0,1.0,1.9686972852482107,0.9989904187721275,99,1,0,nan,nan,nan,nan,0.0,0.0,,
full,lstm,CftsCels,45,0,0,0.0009157743114668448,0.0004629015826757434,1.0,1.0,1.0,1.4005110244110026,0.991410801589578,99,1,0,nan,nan,nan,nan,0.0,0.0,,
full,lstm,CftsCels,46,0,0,5.687767037142882e-06,2.87401638955191e-07,1.0,1.0,1.0,1.4039441205808916,0.9797229443362561,99,1,0,nan,nan,nan,nan,0.0,0.0,,
full,lstm,CftsCels,47,0,0,0.0006632236829133809,0.00034735035416608493,1.0,1.0,1.0,1.775877895448917,0.9925401994248845,99,1,0,nan,nan,nan,nan,0.0,0.0,,
full,lstm,CftsCels,48,0,0,5.694847282525922e-06,3.0037521373472865e-07,1.0,1.0,1.0,1.4060745620546231,0.9931306110426755,99,1,0,nan,nan,nan,nan,0.0,0.0,,
full,lstm,CftsCels,49,1,0,0.22754318095643353,0.16944425900777396,0.983,0.2,0.93,1.0015132195091645,0.9895010897316042,91,0,9,0.0,0.850817191000258,0.0,0.9972969180118543,0.0,0.0,0.0,0.0
full,lstm,CftsCels,50,0,0,4.923765959514992e-06,2.3744392680764074e-07,1.0,1.0,1.0,1.4037254082023902,0.9619943190747133,99,1,0,nan,nan,nan,nan,0.0,0.0,,
full,lstm,CftsCels,51,0,0,0.0008619654340609679,0.0004231922403724401,1.0,1.0,1.0,1.6245714084775826,0.988640283040806,99,1,0,nan,nan,nan,nan,0.0,0.0,,
full,lstm,CftsCels,52,0,0,5.4628666016568427e-05,4.8371120026170374e-05,1.0,1.0,1.0,1.9880062982044724,0.9822014189019466,99,1,0,nan,nan,nan,nan,0.0,0.0,,
full,lstm,CftsCels,53,0,0,6.712640035697048e-06,3.370395265525207e-07,1.0,1.0,1.0,1.4419912066143785,0.9726228155900543,99,1,0,nan,nan,nan,nan,0.0,0.0,,
full,lstm,CftsCels,54,0,0,5.835716245568973e-06,2.8658039866693514e-07,1.0,1.0,1.0,1.398114671234831,0.9981946891716078,99,1,0,nan,nan,nan,nan,0.0,0.0,,
full,lstm,CftsCels,55,1,0,0.22860686711287795,0.1650528718473187,0.981,0.1,0.95,1.0387859940925588,0.97390106289554,95,0,5,0.0,0.8819448772061516,0.0,0.9955325691023832,0.0,0.0,0.0,0.0
full,lstm,CftsCels,56,0,0,5.547109603892646e-06,2.848172413917674e-07,1.0,1.0,1.0,1.425002875813647,0.9931903118022147,99,1,0,nan,nan,nan,nan,0.0,0.0,,
full,lstm,CftsCels,57,0,0,0.00508323232375863,0.0017697213903907882,1.0,1.0,1.0,1.5543811315747267,0.9688654372988894,99,1,0,nan,nan,nan,nan,0.0,0.0,,
full,lstm,CftsCels,58,1,0,0.28435793878106413,0.190621449049961,0.983,0.1,0.95,1.1076146452618008,0.988036591855768,93,0,6,0.0,0.855397470699964,0.0,0.9956783599625324,0.0,0.0,0.0,0.0
full,lstm,CftsCels,59,0,0,5.1651681975770775e-06,2.551965222930344e-07,1.0,1.0,1.0,1.417477683615081,0.9454057938939923,99,1,0,nan,nan,nan,nan,0.0,0.0,,
full,lstm,CftsCels,60,0,0,5.070455844413679e-06,2.4953950140951834e-07,1.0,1.0,1.0,1.4461750033903957,0.976012398979097,99,1,0,nan,nan,nan,nan,0.0,0.0,,
full,lstm,CftsCels,61,1,0,0.22711989410050645,0.160400146666299,0.986,0.1,0.96,1.1766701104641162,0.9730352901889594,93,0,6,0.0,0.8827284014795833,0.0,0.9967189872064485,0.0,0.0,0.0,0.0
full,lstm,CftsCels,62,0,0,0.0012878681854743002,0.000427129411701685,1.0,1.0,1.0,1.5246870882539332,0.9583174843012896,99,1,0,nan,nan,nan,nan,0.0,0.0,,
full,lstm,CftsCels,63,1,0,0.5057741331417968,0.39505918957234326,0.986,0.4,0.93,1.0592594156014883,0.9761203082814349,92,0,8,0.0,0.8856621562356902,0.0,0.9936728304771429,0.0,0.0,0.0,0.0
full,lstm,CftsCels,64,0,0,0.008114652904223798,0.002036020081075915,1.0,1.0,1.0,1.5873417108497956,0.9598356541629625,99,1,0,nan,nan,nan,nan,0.0,0.0,,
full,lstm,CftsCels,65,0,0,0.0064476325251371135,0.0017859590494058175,0.999,0.9,0.99,1.6361133515935462,0.992501701236689,79,0,1,0.0,0.8127730106135604,1.0,0.999876627182054,0.0,0.0,,
full,lstm,CftsCels,66,1,0,0.7732024862562991,0.7286355055057953,0.988,0.2,0.95,1.0118418117598798,0.9675931324028785,94,0,5,0.0,0.8783509388425448,0.0,0.9873240713727216,0.0,0.0,0.0,0.0
full,lstm,CftsCels,67,1,0,1.2192535658767818,0.2676745606510277,0.958,0.0,0.9,1.2447556577003398,0.9850719659116117,88,0,11,0.0,0.8583259029236485,0.0,0.9897712774497401,0.0,0.0,0.0,0.0
full,lstm,CftsCels,68,1,0,0.31206938586060673,0.26930008510646086,0.991,0.5,0.96,1.0493839814060497,0.9815525377340121,96,0,4,0.0,0.8814572239065721,0.0,0.9925308690990532,0.0,0.0,0.0,0.0
full,lstm,CftsCels,69,1,0,0.14658075305096246,0.09140921693514159,0.985,0.1,0.94,1.2475643059610977,0.980850694161209,93,0,7,0.0,0.8918475520650294,0.0,0.9977624124665436,0.0,0.0,0.0,0.0
full,lstm,CftsCels,70,0,0,0.0028812301682037272,0.000989649835774481,1.0,1.0,1.0,1.6126574242110647,0.9763526540425816,99,1,0,nan,nan,nan,nan,0.0,0.0,,
full,lstm,CftsCels,71,0,0,0.00013683100114875776,0.00012851508969360253,1.0,1.0,1.0,1.9891913552251448,0.9749186709111695,99,1,0,nan,nan,nan,nan,0.0,0.0,,
full,lstm,CftsCels,72,1,0,0.3160833604344846,0.21654605764257726,0.988,0.4,0.94,1.2777338876807698,0.9643295121102248,92,0,7,0.0,0.8437599217110423,0.0,0.9959763267030796,0.0,0.0,0.0,0.0
full,lstm,CftsCels,73,1,0,0.06626337497396004,0.0252743826996815,0.988,0.3,0.94,1.2515291553392147,0.9804512709808374,94,0,6,0.0,0.8734699981465511,0.0,0.9986091940552037,0.0,0.0,0.0,0.0
full,lstm,CftsCels,74,1,0,0.30306502778715544,0.25187100670982143,0.989,0.5,0.95,1.022735059055207,0.9893072353846327,95,0,5,0.0,0.8647583643278206,0.0,0.9933932636744998,0.0,0.0,0.0,0.0
full,lstm,CftsCels,75,0,0,0.009206720238993812,0.002606866228139885,0.998,0.8,0.98,1.7408177567759415,0.9941713178990581,66,0,3,0.0,0.7710567676224781,1.0,0.9998777745101279,0.0,0.0,,
full,lstm,CftsCels,76,1,0,1.1960128917922326,0.28738316334771197,0.956,0.0,0.87,1.249582618809657,0.9675432048402238,87,0,13,0.0,0.8244857176706781,0.0,0.990269532671364,0.0,0.0,0.0,0.0
full,lstm,CftsCels,77,0,0,0.00034227003404045317,0.000334998133717853,1.0,1.0,1.0,2.014813518547836,0.9800294861797305,99,1,0,nan,nan,nan,nan,0.0,0.0,,
full,lstm,CftsCels,78,0,0,6.661553004480569e-06,3.340072432165732e-07,1.0,1.0,1.0,1.4188795146020488,0.9760626794522521,99,1,0,nan,nan,nan,nan,0.0,0.0,,
full,lstm,CftsCels,79,1,0,0.4369243180079424,0.31784557498060506,0.982,0.1,0.92,1.2053840100869317,0.9853005689594561,92,0,8,0.0,0.8926666077479524,0.0,0.994413921243538,0.0,0.0,0.0,0.0
full,lstm,CftsCels,80,1,0,0.2934290061916063,0.23869967520853427,0.984,0.0,0.97,0.9521519460724628,0.9812403168749754,97,0,3,0.0,0.9217876230392904,0.0,0.9908098991057321,0.0,0.0,0.0,0.0
full,lstm,CftsCels,81,1,0,0.28004888787900173,0.21080761634896694,0.981,0.2,0.93,1.068851439681177,0.9622967678619392,93,0,7,0.0,0.8083277289931348,0.0,0.9956130141157817,0.0,0.0,0.0,0.0
full,lstm,CftsCels,82,0,0,6.295084772747761e-06,3.0441913571016625e-07,1.0,1.0,1.0,1.408560988511099,0.973713949064288,99,1,0,nan,nan,nan,nan,0.0,0.0,,
full,lstm,CftsCels,83,1,0,1.2229582340489589,0.2544853013044127,0.955,0.0,0.86,0.9498642416879558,0.9754159276444112,86,0,14,0.0,0.8054454809560542,0.0,0.9899827363408303,0.0,0.0,0.0,0.0
full,lstm,CftsCels,84,1,0,0.6838366787962947,0.1683566538943517,0.951,0.0,0.79,1.2855215761181262,0.968309866213012,26,0,26,0.0,0.7705745318525224,1.0,0.9990546168095151,0.0,1.0,0.0,1.0
full,lstm,CftsCels,85,1,0,6.031757902425733,1.0178877084715225,0.946,0.0,0.86,1.0568121906179442,0.9487660770742441,86,0,14,0.0,0.7802189955276714,0.0,0.9576076293502839,0.0,0.0,0.0,0.0
full,lstm,CftsCels,86,0,0,5.619343254811837e-06,2.7399098800055175e-07,1.0,1.0,1.0,1.4468871912886634,0.9993466087235772,99,1,0,nan,nan,nan,nan,0.0,0.0,,
full,lstm,CftsCels,87,0,0,0.001359704554320992,0.0005974082738069854,1.0,1.0,1.0,1.5597013338331798,0.9912478192888888,99,1,0,nan,nan,nan,nan,0.0,0.0,,
full,lstm,CftsCels,88,0,0,0.001997557646473605,0.0006601167727320716,1.0,1.0,1.0,1.593822232896846,0.9872524647166695,99,1,0,nan,nan,nan,nan,0.0,0.0,,
full,lstm,CftsCels,89,1,0,0.49011395261921253,0.3367375152828196,0.981,0.2,0.92,1.257834055590368,0.9875120595423293,90,0,9,0.0,0.844973377590995,0.0,0.9950081713354945,0.0,0.0,0.0,0.0
full,lstm,CftsCels,90,1,0,0.17681494712557055,0.105938852013772,0.984,0.2,0.95,1.091520688367091,0.9807578388679018,95,0,5,0.0,0.8616561223761522,0.0,0.996584312845306,0.0,0.0,0.0,0.0
full,lstm,CftsCels,91,0,0,5.099809174220413e-06,2.5142361643267396e-07,1.0,1.0,1.0,1.4166211604906946,0.9793516346342206,99,1,0,nan,nan,nan,nan,0.0,0.0,,
full,lstm,CftsCels,92,1,0,0.28916938686770494,0.20518177489666495,0.985,0.2,0.94,1.1414124904993936,0.9460556170276926,94,0,6,0.0,0.8935963316321339,0.0,0.9946761870984636,0.0,0.0,0.0,0.0
full,lstm,CftsCels,93,0,0,6.598954837403609e-05,6.0395235534194864e-05,1.0,1.0,1.0,1.9964173503689515,0.9674244562799997,99,1,0,nan,nan,nan,nan,0.0,0.0,,
full,lstm,CftsCels,94,1,0,0.324440020041846,0.25731876339042814,0.984,0.2,0.96,0.9907486842270672,0.9904470024491209,95,0,5,0.0,0.8540311666782536,0.0,0.9937196222032236,0.0,0.0,0.0,0.0
full,lstm,CftsCels,95,0,0,4.783387275070585e-05,4.143184990400705e-05,1.0,1.0,1.0,1.9791172653510898,0.994011785054548,99,1,0,nan,nan,nan,nan,0.0,0.0,,
full,lstm,CftsCels,96,0,0,0.0033205701657384352,0.0011553113874227465,1.0,1.0,1.0,1.5456184015797687,0.9748036742586345,99,1,0,nan,nan,nan,nan,0.0,0.0,,
full,lstm,CftsCels,97,1,0,0.2628603974173011,0.18741156053971805,0.979,0.0,0.93,1.0423446084606591,0.9851623446136752,93,0,7,0.0,0.8943170304750694,0.0,0.9962992112983728,0.0,0.0,0.0,0.0
full,lstm,CftsCels,98,1,0,0.45531229874441836,0.3672328985713314,0.98,0.2,0.95,1.0616501684019741,0.9932926800034787,94,0,6,0.0,0.7849188949521552,0.0,0.992453015578794,0.0,0.0,0.0,0.0
full,lstm,CftsCels,99,1,0,0.3331951741342679,0.18405756290732173,0.968,0.0,0.92,1.2165737985286964,0.9641752488058954,90,0,9,0.0,0.7647000549324918,0.0,0.9966324007981323,0.0,0.0,0.0,0.0
full,lstm,CftsConfeti,0,1,0,168.50200665416327,9.960841538190985,0.511,0.0,0.01,1.4084844891514559,0.3596253054901019,0,0,100,0.0,0.7871708132873582,0.0,0.836857626129037,0.0,0.0,0.0,0.0
full,lstm,CftsConfeti,1,0,0,6.2117615266727745e-06,2.9984820355031145e-07,1.0,1.0,1.0,1.4278342791994443,0.9974521027620473,99,1,0,nan,nan,nan,nan,0.0,0.0,,
full,lstm,CftsConfeti,2,1,0,178.64191759207796,10.44547039603498,0.509,0.0,0.0,1.4596794828374549,0.33714827178392764,0,0,100,0.0,0.7681650060413108,0.0,0.8178912317432138,0.0,0.0,0.0,0.0
full,lstm,CftsConfeti,3,0,0,6.572464393199071e-06,3.371597498001241e-07,1.0,1.0,1.0,1.4048674161036219,0.9711677885613931,99,1,0,nan,nan,nan,nan,0.0,0.0,,
full,lstm,CftsConfeti,4,0,0,6.2869464912240335e-06,3.225696135922197e-07,1.0,1.0,1.0,1.4360573184545276,0.9617912523912789,99,1,0,nan,nan,nan,nan,0.0,0.0,,
full,lstm,CftsConfeti,5,0,0,5.520093026433956e-06,2.776863673588731e-07,1.0,1.0,1.0,1.4215824028632946,0.9879208415251213,99,1,0,nan,nan,nan,nan,0.0,0.0,,
full,lstm,CftsConfeti,6,0,0,5.163717440081171e-06,2.505678155587121e-07,1.0,1.0,1.0,1.4158416629753854,0.9708541065906836,99,1,0,nan,nan,nan,nan,0.0,0.0,,
full,lstm,CftsConfeti,7,1,0,161.7561774980606,9.437682233875346,0.518,0.0,0.0,1.458476989401311,0.3706231051152413,0,0,100,0.0,0.7952072066046486,0.0,0.8462016784860558,0.0,0.0,0.0,0.0
full,lstm,CftsConfeti,8,1,0,187.0184719000473,10.927255621256029,0.517,0.0,0.01,1.4206129376653043,0.3513376993351897,0,0,100,0.0,0.7768995458958458,0.0,0.8229809750473648,0.0,0.0,0.0,0.0
full,lstm,CftsConfeti,9,0,0,6.6918973629561534e-06,3.5535514312316906e-07,1.0,1.0,1.0,1.4063820630392299,0.9699226256098477,99,1,0,nan,nan,nan,nan,0.0,0.0,,
full,lstm,CftsConfeti,10,0,0,5.5143172675718895e-06,2.629393891849961e-07,1.0,1.0,1.0,1.3962770783087992,0.9664672393215566,99,1,0,nan,nan,nan,nan,0.0,0.0,,
full,lstm,CftsConfeti,11,1,0,168.7060207522498,10.169371389437948,0.513,0.0,0.0,1.4538866946814817,0.3610716921167853,0,0,100,0.0,0.7829316905193077,0.0,0.8402624663689464,0.0,0.0,0.0,0.0
full,lstm,CftsConfeti,12,1,0,157.03562226027196,8.843391471987673,0.506,0.0,0.0,1.4758801191790412,0.38077926347615915,0,0,100,0.0,0.7920337596359014,0.0,0.8500002364474291,0.0,0.0,0.0,0.0
full,lstm,CftsConfeti,13,0,0,6.417257509654106e-06,3.158228847394081e-07,1.0,1.0,1.0,1.3998041725521957,0.995684128089234,99,1,0,nan,nan,nan,nan,0.0,0.0,,
full,lstm,CftsConfeti,14,0,0,6.189922611393728e-06,2.9542933848580005e-07,1.0,1.0,1.0,1.4008497302370655,0.9736315360532025,99,1,0,nan,nan,nan,nan,0.0,0.0,,
full,lstm,CftsConfeti,15,0,0,6.1439962913186624e-06,3.116231542810523e-07,1.0,1.0,1.0,1.4115689727159082,0.9725505348226756,99,1,0,nan,nan,nan,nan,0.0,0.0,,
full,lstm,CftsConfeti,16,0,0,5.858198010261911e-06,2.974860099020882e-07,1.0,1.0,1.0,1.392261390909601,0.9849763688479113,99,1,0,nan,nan,nan,nan,0.0,0.0,,
full,lstm,CftsConfeti,17,1,0,160.49461243628338,9.62548966561191,0.53,0.0,0.0,1.402676020975441,0.36879387907630046,0,0,100,0.0,0.7975835342157332,0.0,0.8457007629525434,0.0,0.0,0.0,0.0
full,lstm,CftsConfeti,18,0,0,5.582210459920828e-06,2.847141568866678e-07,1.0,1.0,1.0,1.4033016683740305,0.961874621903085,99,1,0,nan,nan,nan,nan,0.0,0.0,,
full,lstm,CftsConfeti,19,1,0,149.8617626233836,8.793667440179307,0.521,0.0,0.0,1.441396372209474,0.3796397979612205,0,0,100,0.0,0.8033241304174303,0.0,0.8576279562266877,0.0,0.0,0.0,0.0
full,lstm,CftsConfeti,20,0,0,5.9591287169323374e-06,2.9825134142447024e-07,1.0,1.0,1.0,1.4231983087703537,0.9998249422640823,99,1,0,nan,nan,nan,nan,0.0,0.0,,
full,lstm,CftsConfeti,21,0,0,5.634217407613092e-06,2.865866424121609e-07,1.0,1.0,1.0,1.4107712994632287,0.9627605499954589,99,1,0,nan,nan,nan,nan,0.0,0.0,,
full,lstm,CftsConfeti,22,1,0,169.59379727776488,9.812516577187125,0.508,0.0,0.01,1.4793371120080285,0.3493112527448367,0,0,100,0.0,0.7887163381302291,0.0,0.838200020623255,0.0,0.0,0.0,0.0
full,lstm,CftsConfeti,23,1,0,170.6278442544114,10.021951603957868,0.513,0.0,0.0,1.3599758411546323,0.34879671140313423,0,0,100,0.0,0.7779757509369544,0.0,0.8342773488770605,0.0,0.0,0.0,0.0
full,lstm,CftsConfeti,24,1,0,156.2374163218005,9.496466046524464,0.526,0.0,0.0,1.5005327959266521,0.37296895609838177,0,0,100,0.0,0.7873760972767541,0.0,0.8469662181967114,0.0,0.0,0.0,0.0
full,lstm,CftsConfeti,25,1,0,159.44770005180737,9.39423885794706,0.525,0.0,0.0,1.4930357761041158,0.35196614199732806,0,0,100,0.0,0.7757518527955558,0.0,0.8453932684114213,0.0,0.0,0.0,0.0
full,lstm,CftsConfeti,26,1,0,165.49274201058293,9.566349079030967,0.507,0.0,0.0,1.479319620994816,0.3858457185789087,0,0,100,0.0,0.7887311225566065,0.0,0.845188964004798,0.0,0.0,0.0,0.0
full,lstm,CftsConfeti,27,0,0,6.106094035041552e-06,2.9453751048712765e-07,1.0,1.0,1.0,1.4161545930764832,0.941702088286504,99,1,0,nan,nan,nan,nan,0.0,0.0,,
full,lstm,CftsConfeti,28,1,0,168.0865101549805,9.760888685896498,0.481,0.0,0.0,1.4989508073607738,0.37265578535253857,0,0,100,0.0,0.796870299542979,0.0,0.8451817727985769,0.0,0.0,0.0,0.0
full,lstm,CftsConfeti,29,1,0,164.8843406753462,9.47041866971354,0.497,0.0,0.0,1.4112025043637264,0.3487388587163255,0,0,100,0.0,0.7871156579466162,0.0,0.8461674043588964,0.0,0.0,0.0,0.0
full,lstm,CftsConfeti,30,1,0,177.59075595911014,10.361403784686177,0.502,0.0,0.0,1.5178895721176866,0.36591616127317866,0,0,100,0.0,0.7882282472072707,0.0,0.8332385368333579,0.0,0.0,0.0,0.0
full,lstm,CftsConfeti,31,1,0,183.4811696135503,10.309572681026271,0.491,0.0,0.0,1.4259207286451925,0.35861324578025006,0,0,100,0.0,0.7912329980135983,0.0,0.8277719004348785,0.0,0.0,0.0,0.0
full,lstm,CftsConfeti,32,0,0,5.187217280435211e-06,2.599853548076674e-07,1.0,1.0,1.0,1.4423210117600924,0.9981904445297309,99,1,0,nan,nan,nan,nan,0.0,0.0,,
full,lstm,CftsConfeti,33,1,0,147.623445819932,8.709434478841763,0.516,0.0,0.0,1.4740220508683386,0.38483436754298367,0,0,100,0.0,0.7911825134593626,0.0,0.8558708168599861,0.0,0.0,0.0,0.0
full,lstm,CftsConfeti,34,1,0,167.56036081903878,9.472771665923549,0.499,0.0,0.0,1.4385185777807687,0.37714112957209805,0,0,100,0.0,0.7898249691756557,0.0,0.8383776437374879,0.0,0.0,0.0,0.0
full,lstm,CftsConfeti,35,1,0,164.16776752514443,9.339847753387708,0.484,0.0,0.0,1.4356945158467713,0.37447730714218413,0,0,100,0.0,0.7963843940947075,0.0,0.846350260331055,0.0,0.0,0.0,0.0
full,lstm,CftsConfeti,36,1,0,171.6879080706918,10.021556811349853,0.517,0.0,0.0,1.4559745667692983,0.36130632386308126,0,0,100,0.0,0.7919756521764649,0.0,0.8281266699151487,0.0,0.0,0.0,0.0
full,lstm,CftsConfeti,37,0,0,4.8591905034158465e-06,2.3742107178140056e-07,1.0,1.0,1.0,1.4337108974030521,0.9924391610717362,99,1,0,nan,nan,nan,nan,0.0,0.0,,
full,lstm,CftsConfeti,38,0,0,5.670519761299259e-06,2.7357957528032745e-07,1.0,1.0,1.0,1.4613689450762872,0.9460827694828198,99,1,0,nan,nan,nan,nan,0.0,0.0,,
full,lstm,CftsConfeti,39,1,0,169.14992987309202,9.953596391321812,0.508,0.0,0.0,1.4584752129665013,0.35645677638232565,0,0,100,0.0,0.7784147164837685,0.0,0.842899756607679,0.0,0.0,0.0,0.0
full,lstm,CftsConfeti,40,1,0,170.55462614886986,10.337986130050588,0.516,0.0,0.0,1.479793991320436,0.3551403393165585,0,0,100,0.0,0.7758193178469742,0.0,0.8392581507924534,0.0,0.0,0.0,0.0
full,lstm,CftsConfeti,41,1,0,168.2583747117035,9.365968775473993,0.47,0.0,0.0,1.4266524752957999,0.37029601850059446,0,0,100,0.0,0.7871740388961536,0.0,0.8342056598672649,0.0,0.0,0.0,0.0
full,lstm,CftsConfeti,42,1,0,167.06049819059982,9.840168344279045,0.51,0.0,0.0,1.4440765876468582,0.3512786938685992,0,0,100,0.0,0.7880634509641841,0.0,0.8398998809973659,0.0,0.0,0.0,0.0
full,lstm,CftsConfeti,43,1,0,168.48002717320747,9.76948322557109,0.509,0.0,0.0,1.4275949545727726,0.3602108926765007,0,0,100,0.0,0.7890866232068044,0.0,0.8425682149118482,0.0,0.0,0.0,0.0
full,lstm,CftsConfeti,44,1,0,167.63397167280777,10.282850744309055,0.525,0.0,0.0,1.4348264473500245,0.3548645304531212,0,0,100,0.0,0.7692846007208719,0.0,0.8375608133358677,0.0,0.0,0.0,0.0
full,lstm,CftsConfeti,45,1,0,178.79742815298005,10.177541236142888,0.503,0.0,0.0,1.398794381272851,0.3683070297363567,0,0,100,0.0,0.7914121681858342,0.0,0.8310458400767898,0.0,0.0,0.0,0.0
full,lstm,CftsConfeti,46,0,0,5.687767037142882e-06,2.87401638955191e-07,1.0,1.0,1.0,1.4039441205808916,0.9797229443362561,99,1,0,nan,nan,nan,nan,0.0,0.0,,
full,lstm,CftsConfeti,47,0,0,5.323052718939677e-06,2.532500831232611e-07,1.0,1.0,1.0,1.4178629061694992,0.9925340816074174,99,1,0,nan,nan,nan,nan,0.0,0.0,,
full,lstm,CftsConfeti,48,0,0,5.694847282525922e-06,3.0037521373472865e-07,1.0,1.0,1.0,1.4060745620546231,0.9931306110426755,99,1,0,nan,nan,nan,nan,0.0,0.0,,
full,lstm,CftsConfeti,49,0,0,6.0729678488863e-06,3.050809146311055e-07,1.0,1.0,1.0,1.4343746851745625,0.9879053486843173,99,1,0,nan,nan,nan,nan,0.0,0.0,,
full,lstm,CftsConfeti,50,1,0,154.48509384276133,8.857409133590993,0.509,0.0,0.0,1.4494091707992343,0.3982616874398665,0,0,100,0.0,0.8094882573403732,0.0,0.8512240724332416,0.0,0.0,0.0,0.0
full,lstm,CftsConfeti,51,1,0,164.98868605982537,9.46264424919554,0.495,0.0,0.0,1.3866580524992969,0.376041739213651,0,0,100,0.0,0.7886229706920597,0.0,0.8443948416494758,0.0,0.0,0.0,0.0
full,lstm,CftsConfeti,52,0,0,6.287333278890382e-06,3.073505457822895e-07,1.0,1.0,1.0,1.4575675006786746,0.9822011317248246,99,1,0,nan,nan,nan,nan,0.0,0.0,,
full,lstm,CftsConfeti,53,1,0,183.20845278814676,10.746011238599417,0.506,0.0,0.0,1.4531423494283835,0.35509292275663623,0,0,100,0.0,0.7646881641387979,0.0,0.8245689847925358,0.0,0.0,0.0,0.0
full,lstm,CftsConfeti,54,0,0,5.835716245568973e-06,2.8658039866693514e-07,1.0,1.0,1.0,1.398114671234831,0.9981946891716078,99,1,0,nan,nan,nan,nan,0.0,0.0,,
full,lstm,CftsConfeti,55,1,0,164.52699920162206,9.567945777139144,0.499,0.0,0.0,1.496877458583863,0.37372805619505856,0,0,100,0.0,0.7901333841535033,0.0,0.841530112248179,0.0,0.0,0.0,0.0
full,lstm,CftsConfeti,56,0,0,5.547109603892646e-06,2.848172413917674e-07,1.0,1.0,1.0,1.425002875813647,0.9931903118022147,99,1,0,nan,nan,nan,nan,0.0,0.0,,
full,lstm,CftsConfeti,57,1,0,182.77747216504739,10.257272259804694,0.502,0.0,0.0,1.431905300663467,0.36006334765876447,0,0,100,0.0,0.7734414656216754,0.0,0.8133560674982333,0.0,0.0,0.0,0.0
full,lstm,CftsConfeti,58,0,0,5.910586388477301e-06,2.8536741188602383e-07,1.0,1.0,1.0,1.4249918064996765,0.9869727859206374,99,1,0,nan,nan,nan,nan,0.0,0.0,,
full,lstm,CftsConfeti,59,1,0,161.6983211396208,9.132168291168547,0.491,0.0,0.0,1.4041870811979609,0.3703280591924943,0,0,100,0.0,0.7959615064771731,0.0,0.8453064868474532,0.0,0.0,0.0,0.0
full,lstm,CftsConfeti,60,0,0,5.070455844413679e-06,2.4953950140951834e-07,1.0,1.0,1.0,1.4461750033903957,0.976012398979097,99,1,0,nan,nan,nan,nan,0.0,0.0,,
full,lstm,CftsConfeti,61,1,0,180.59859469788108,10.157309081122818,0.492,0.0,0.0,1.4618019617809295,0.36201142685169424,0,0,100,0.0,0.7821325589530793,0.0,0.8299417547719811,0.0,0.0,0.0,0.0
full,lstm,CftsConfeti,62,0,0,5.445845733281773e-06,2.761102576729733e-07,1.0,1.0,1.0,1.4011656081623607,0.9583212329829344,99,1,0,nan,nan,nan,nan,0.0,0.0,,
full,lstm,CftsConfeti,63,0,0,5.9564348580988524e-06,2.976475089495007e-07,1.0,1.0,1.0,1.4502058933272541,0.9788533396928755,99,1,0,nan,nan,nan,nan,0.0,0.0,,
full,lstm,CftsConfeti,64,1,0,174.12037974753076,9.84887952510152,0.473,0.0,0.0,1.4015250089226021,0.35870422075144676,0,0,100,0.0,0.7780052659743449,0.0,0.8315031675916791,0.0,0.0,0.0,0.0
full,lstm,CftsConfeti,65,1,0,149.79811004656136,8.71020795474704,0.526,0.0,0.0,1.4270558692689945,0.3786414845964021,0,0,100,0.0,0.794839934724672,0.0,0.8583976764277326,0.0,0.0,0.0,0.0
full,lstm,CftsConfeti,66,1,0,167.08332700657536,10.26185596629667,0.52,0.0,0.0,1.4658336352712225,0.3614671848635357,0,0,100,0.0,0.7760984654075694,0.0,0.8327636420570094,0.0,0.0,0.0,0.0
full,lstm,CftsConfeti,67,0,0,6.51196574914803e-06,3.2982219494753017e-07,1.0,1.0,1.0,1.4563190963621488,0.9902459725580068,99,1,0,nan,nan,nan,nan,0.0,0.0,,
full,lstm,CftsConfeti,68,1,0,170.01912140069567,9.980646096529858,0.509,0.0,0.0,1.489983148785778,0.3712915028999951,0,0,100,0.0,0.7754768552365633,0.0,0.8420524480165493,0.0,0.0,0.0,0.0
full,lstm,CftsConfeti,69,1,0,160.67768544932153,9.510903719644041,0.521,0.0,0.0,1.4583958011685545,0.37758813841429434,0,0,100,0.0,0.7912140982064311,0.0,0.8432868746406389,0.0,0.0,0.0,0.0
full,lstm,CftsConfeti,70,1,0,172.9681949569988,10.27001400665189,0.499,0.0,0.0,1.4188478158013842,0.3788012444670968,0,0,100,0.0,0.7809099390672539,0.0,0.8219368132031997,0.0,0.0,0.0,0.0
full,lstm,CftsConfeti,71,1,0,173.59801491405818,10.0441560984468,0.495,0.0,0.01,1.5047366154309179,0.35381973517392656,0,0,100,0.0,0.789175530194704,0.0,0.8391214274879051,0.0,0.0,0.0,0.0
full,lstm,CftsConfeti,72,0,0,5.802501994696743e-06,3.0009295145218784e-07,1.0,1.0,1.0,1.469920467466178,0.9619453125995372,99,1,0,nan,nan,nan,nan,0.0,0.0,,
full,lstm,CftsConfeti,73,1,0,165.76837936122405,9.393998594270217,0.493,0.0,0.01,1.4053493933023533,0.3844326770271289,0,0,100,0.0,0.8051995935212776,0.0,0.8408540978335769,0.0,0.0,0.0,0.0
full,lstm,CftsConfeti,74,0,0,5.507520248407586e-06,2.641278733775025e-07,1.0,1.0,1.0,1.45103176071445,0.9902257033777023,99,1,0,nan,nan,nan,nan,0.0,0.0,,
full,lstm,CftsConfeti,75,0,0,6.0381669553374526e-06,2.9884086386103154e-07,1.0,1.0,1.0,1.404609092983992,0.9941796650746046,99,1,0,nan,nan,nan,nan,0.0,0.0,,
full,lstm,CftsConfeti,76,0,0,5.8091368236520835e-06,2.792559242340095e-07,1.0,1.0,1.0,1.4112804882054826,0.9662841387541711,99,1,0,nan,nan,nan,nan,0.0,0.0,,
full,lstm,CftsConfeti,77,0,0,7.291930402757857e-06,3.692952815367879e-07,1.0,1.0,1.0,1.4876966029726608,0.9800380052597295,99,1,0,nan,nan,nan,nan,0.0,0.0,,
full,lstm,CftsConfeti,78,0,0,6.661553004480569e-06,3.340072432165732e-07,1.0,1.0,1.0,1.4188795146020488,0.9760626794522521,99,1,0,nan,nan,nan,nan,0.0,0.0,,
full,lstm,CftsConfeti,79,1,0,156.2485229909189,9.026490376461338,0.497,0.0,0.0,1.4255834506980511,0.3878448335252928,0,0,100,0.0,0.7954500111579039,0.0,0.848053148931314,0.0,0.0,0.0,0.0
full,lstm,CftsConfeti,80,1,0,166.0816323318769,9.285782798005012,0.49,0.0,0.0,1.442751416991602,0.3697235164727114,0,0,100,0.0,0.795213971777505,0.0,0.8352769662148112,0.0,0.0,0.0,0.0
full,lstm,CftsConfeti,81,1,0,175.64101623147178,10.324843824935675,0.509,0.0,0.0,1.4339064371881465,0.3534192699895357,0,0,100,0.0,0.7763331885113054,0.0,0.8303771122499056,0.0,0.0,0.0,0.0
full,lstm,CftsConfeti,82,1,0,159.0059563261027,9.399448068584038,0.535,0.0,0.0,1.3872033287440408,0.3687598083405391,0,0,100,0.0,0.7776005063191005,0.0,0.8472882606145019,0.0,0.0,0.0,0.0
full,lstm,CftsConfeti,83,1,0,165.2776545242237,9.520653757524293,0.52,0.0,0.0,1.494041738534024,0.3659168537981186,0,0,100,0.0,0.7921615021104379,0.0,0.8424660948280588,0.0,0.0,0.0,0.0
full,lstm,CftsConfeti,84,1,0,176.23531792145002,9.879287336476748,0.495,0.0,0.0,1.400050221401271,0.34948731377258163,0,0,100,0.0,0.7905576755577083,0.0,0.8279480898606224,0.0,0.0,0.0,0.0
full,lstm,CftsConfeti,85,0,0,5.6526809553653166e-06,2.868108099645017e-07,1.0,1.0,1.0,1.451679271595345,0.9738647719782789,99,1,0,nan,nan,nan,nan,0.0,0.0,,
full,lstm,CftsConfeti,86,0,0,5.619343254811837e-06,2.7399098800055175e-07,1.0,1.0,1.0,1.4468871912886634,0.9993466087235772,99,1,0,nan,nan,nan,nan,0.0,0.0,,
full,lstm,CftsConfeti,87,0,0,5.409239987538578e-06,2.6099360789508906e-07,1.0,1.0,1.0,1.414460924701751,0.9912524303705578,99,1,0,nan,nan,nan,nan,0.0,0.0,,
full,lstm,CftsConfeti,88,1,0,155.97388951063022,9.190495601580722,0.516,0.0,0.0,1.4677155041044396,0.39352715279732714,0,0,100,0.0,0.7915024101696467,0.0,0.8428393017451745,0.0,0.0,0.0,0.0
full,lstm,CftsConfeti,89,0,0,5.81453006362042e-06,2.9734797731536876e-07,1.0,1.0,1.0,1.4484830587288178,0.9900789574228466,99,1,0,nan,nan,nan,nan,0.0,0.0,,
full,lstm,CftsConfeti,90,1,0,166.0369381479198,9.584654936357191,0.501,0.0,0.0,1.442402356371335,0.3797694987670899,0,0,100,0.0,0.7861922155031471,0.0,0.8446297694728769,0.0,0.0,0.0,0.0
full,lstm,CftsConfeti,91,0,0,5.099809174220413e-06,2.5142361643267396e-07,1.0,1.0,1.0,1.4166211604906946,0.9793516346342206,99,1,0,nan,nan,nan,nan,0.0,0.0,,
full,lstm,CftsConfeti,92,1,0,161.51506139819463,9.301160270111112,0.489,0.0,0.0,1.3835649766367386,0.3768538990801812,0,0,100,0.0,0.7937885738483768,0.0,0.8422297740813107,0.0,0.0,0.0,0.0
full,lstm,CftsConfeti,93,1,0,168.238536493983,9.756414711909743,0.512,0.0,0.01,1.4513362251216397,0.38155601270956946,0,0,100,0.0,0.8035446764805692,0.0,0.8425638674649797,0.0,0.0,0.0,0.0
full,lstm,CftsConfeti,94,1,0,183.69842200275824,10.323817141069451,0.474,0.0,0.0,1.4211470281196832,0.35703672329764846,0,0,100,0.0,0.790653700325704,0.0,0.8307721960734183,0.0,0.0,0.0,0.0
full,lstm,CftsConfeti,95,1,0,177.95664301730326,10.192391486802377,0.497,0.0,0.0,1.4520374992230243,0.3244557988104106,0,0,100,0.0,0.7696782377372111,0.0,0.826253271569373,0.0,0.0,0.0,0.0
full,lstm,CftsConfeti,96,0,0,5.348708795208795e-06,2.585784775261557e-07,1.0,1.0,1.0,1.4503022045359202,0.9748302094449574,99,1,0,nan,nan,nan,nan,0.0,0.0,,
full,lstm,CftsConfeti,97,1,0,170.92457763880358,9.91657569246658,0.515,0.0,0.0,1.475911237719217,0.3803171393687363,0,0,100,0.0,0.7815274075324776,0.0,0.8342327487533738,0.0,0.0,0.0,0.0
full,lstm,CftsConfeti,98,0,0,5.7162927335902e-06,2.915502015883186e-07,1.0,1.0,1.0,1.4386626032103513,0.9906299022365231,99,1,0,nan,nan,nan,nan,0.0,0.0,,
full,lstm,CftsConfeti,99,0,0,6.101563431091389e-06,3.1814721156876666e-07,1.0,1.0,1.0,1.455329155842779,0.9660356436981673,99,1,0,nan,nan,nan,nan,0.0,0.0,,
full,lstm,CftsWachter,0,1,0,123.25384736208062,8.092083473672908,0.073,0.0,0.0,1.3894416847445297,0.6961867114594859,0,0,100,0.0,0.8021804954611595,0.0,0.8840168460055229,0.0,0.0,0.0,0.0
full,lstm,CftsWachter,1,1,0,397.2653214809184,17.13074905370292,0.003,0.0,0.0,1.3879702322669472,0.9711198650032972,0,0,100,0.0,0.7778199914478714,0.0,0.6807774085417422,0.0,0.0,0.0,0.0
full,lstm,CftsWachter,2,1,0,305.4048391961512,14.488207128451121,0.008,0.0,0.0,1.4685633645797438,0.969105025835458,0,0,100,0.0,0.7876144300022007,0.0,0.7388909633940967,0.0,0.0,0.0,0.0
full,lstm,CftsWachter,3,1,0,301.5229562573519,13.356820007108029,0.011,0.0,0.0,1.430946884517515,0.9800095552395752,0,0,100,0.0,0.7926939959063697,0.0,0.7501794267367256,0.0,0.0,0.0,0.0
full,lstm,CftsWachter,4,1,0,359.6366946782073,15.811315801157999,0.004,0.0,0.0,1.5040473754147892,0.9972259317656754,0,0,100,0.0,0.7615418860447457,0.0,0.7048515767810221,0.0,0.0,0.0,0.0
full,lstm,CftsWachter,5,1,0,171.41269224000445,9.73469178994409,0.041,0.0,0.0,1.3591013730807684,0.6583994198608699,0,0,100,0.0,0.8263965612012342,0.0,0.8422488759635188,0.0,0.0,0.0,0.0
full,lstm,CftsWachter,6,1,0,331.92681155153,14.814810113163583,0.002,0.0,0.0,1.3394304072888863,0.9702889085354585,0,0,100,0.0,0.8089804809284538,0.0,0.7246203076127339,0.0,0.0,0.0,0.0
full,lstm,CftsWachter,7,1,0,545.5730045597436,46.937458818296584,0.504,0.0,0.23,0.6651783992626427,0.15901412197708856,3,0,83,0.0,0.48589464112006087,0.0,0.5697842213909674,0.0,0.0,0.0,0.0
full,lstm,CftsWachter,8,1,0,403.06673871710126,16.684583451651736,0.003,0.0,0.0,1.4675435345144352,0.9595956823434549,0,0,100,0.0,0.7689056267110916,0.0,0.6779172205448379,0.0,0.0,0.0,0.0
full,lstm,CftsWachter,9,1,0,349.60375345323257,15.678132050852987,0.01,0.0,0.0,1.3674422855691974,0.8457866133582068,0,0,100,0.0,0.802222838394533,0.0,0.7110156801785187,0.0,0.0,0.0,0.0
full,lstm,CftsWachter,10,0,0,666.7638406786837,50.95373708509406,0.595,0.0,0.35,0.6016572776591619,0.1103913381453237,18,0,70,0.0,0.3802451218975958,0.0,0.4434275898943198,0.0,0.0,,
full,lstm,CftsWachter,11,1,0,377.7650953484751,16.524446936384578,0.004,0.0,0.0,1.4213004659106643,0.9839197445153037,0,0,100,0.0,0.777903324676474,0.0,0.6858605118725447,0.0,0.0,0.0,0.0
full,lstm,CftsWachter,12,1,0,272.24866044755566,12.736666803642198,0.01,0.0,0.0,1.3884438704014885,0.9775291647489948,0,0,100,0.0,0.7976069660485269,0.0,0.7781416310708764,0.0,0.0,0.0,0.0
full,lstm,CftsWachter,13,1,0,222.76354182382948,11.428786644749978,0.034,0.0,0.0,1.3341488383905744,0.6940176677383253,0,0,100,0.0,0.8148662673395258,0.0,0.8013056195083917,0.0,0.0,0.0,0.0
full,lstm,CftsWachter,14,1,0,411.0473613126371,17.53967995743159,0.004,0.0,0.0,1.4352178472361308,0.9620722482147915,0,0,100,0.0,0.7360886800026628,0.0,0.6660608129689507,0.0,0.0,0.0,0.0
full,lstm,CftsWachter,15,1,0,374.6086440786712,16.017170408898757,0.005,0.0,0.0,1.4350417093532435,0.9939661005222121,0,0,100,0.0,0.7637158690068101,0.0,0.6939712270133697,0.0,0.0,0.0,0.0
full,lstm,CftsWachter,16,0,0,387.7888864714354,16.362186816761316,0.006,0.0,0.0,1.4790754885397874,0.9890490990950505,0,0,100,0.0,0.7451150001555957,0.0,0.6833629485627382,0.0,0.0,,
full,lstm,CftsWachter,17,1,0,157.20473978805376,9.201075097764214,0.052,0.0,0.0,1.4705410756841608,0.7148246898543144,0,0,100,0.0,0.8073325249506504,0.0,0.8555705451803147,0.0,0.0,0.0,0.0
full,lstm,CftsWachter,18,1,0,380.49747166575025,16.65838759644034,0.007,0.0,0.0,1.4549159210616152,0.9704304509975248,0,0,100,0.0,0.7806985874348995,0.0,0.6933058499637675,0.0,0.0,0.0,0.0
full,lstm,CftsWachter,19,1,0,196.65789633240092,11.178596354416747,0.048,0.0,0.0,1.4841882512180704,0.6358292048996161,0,0,100,0.0,0.8228645999832492,0.0,0.8205513184278043,0.0,0.0,0.0,0.0
full,lstm,CftsWachter,20,1,0,394.2207125155122,16.800684174205134,0.009,0.0,0.0,1.3661059511659839,0.9743240689933335,0,0,100,0.0,0.7647750525352177,0.0,0.679444340199586,0.0,0.0,0.0,0.0
full,lstm,CftsWachter,21,0,0,529.99664522263,44.030017023134945,0.585,0.0,0.28,0.6493874022098066,0.1305639208768238,0,0,77,0.0,0.4891902968672099,0.0,0.5884820597806707,0.0,0.0,,
full,lstm,CftsWachter,22,0,0,501.4812868667158,42.0599824207482,0.501,0.0,0.22,0.5533101605470453,0.15045171522776699,4,0,84,0.0,0.5020602299523419,0.0,0.5930756035527632,0.0,0.0,,
full,lstm,CftsWachter,23,1,0,349.673407514847,15.137203375440913,0.006,0.0,0.0,1.3110402693580556,0.9953422979866015,0,0,100,0.0,0.7684239783100523,0.0,0.7171915876031285,0.0,0.0,0.0,0.0
full,lstm,CftsWachter,24,1,0,303.47491735778397,14.104840343115224,0.012,0.0,0.0,1.4446706271747203,0.8443728624295674,0,0,100,0.0,0.8137867398351961,0.0,0.7436774956605037,0.0,0.0,0.0,0.0
full,lstm,CftsWachter,25,1,0,346.54559691108,14.654501019885842,0.004,0.0,0.0,1.3670879931611692,0.938697741846445,0,0,100,0.0,0.8221645906732962,0.0,0.7192923997633587,0.0,0.0,0.0,0.0
full,lstm,CftsWachter,26,1,0,357.6317776344401,15.068500520331497,0.005,0.0,0.0,1.4930418441644986,0.9640509901366852,0,0,100,0.0,0.7661419872922929,0.0,0.7118526601065286,0.0,0.0,0.0,0.0
full,lstm,CftsWachter,27,1,0,308.60918344227724,14.55352877211213,0.01,0.0,0.0,1.4263884303710248,0.8576582350412824,0,0,100,0.0,0.800778968936323,0.0,0.7284377119209188,0.0,0.0,0.0,0.0
full,lstm,CftsWachter,28,1,0,382.28220202806637,16.135694235028012,0.002,0.0,0.0,1.506442947745793,0.9882801496070887,0,0,100,0.0,0.8012420259126014,0.0,0.6989104871789604,0.0,0.0,0.0,0.0
full,lstm,CftsWachter,29,1,0,330.9251828599374,13.577249737795698,0.004,0.0,0.0,1.2969924950528275,0.997770374108748,0,0,100,0.0,0.797043425699743,0.0,0.7309118703110885,0.0,0.0,0.0,0.0
full,lstm,CftsWachter,30,1,0,414.8676331484666,18.069992675862668,0.006,0.0,0.0,1.5045575978069603,0.9792390131993169,0,0,100,0.0,0.759756269295168,0.0,0.6759190774110188,0.0,0.0,0.0,0.0
full,lstm,CftsWachter,31,1,0,342.50660417563665,15.26537448763396,0.005,0.0,0.0,1.4124151797515088,0.893011451521209,0,0,100,0.0,0.7602500216612887,0.0,0.713623766139699,0.0,0.0,0.0,0.0
full,lstm,CftsWachter,32,1,0,380.7916431851056,16.086129959677486,0.002,0.0,0.0,1.4509179373571073,0.9655754224794678,0,0,100,0.0,0.7619194162509756,0.0,0.6892181194951259,0.0,0.0,0.0,0.0
full,lstm,CftsWachter,33,0,0,305.7957581001374,13.689810272360074,0.014,0.0,0.0,1.4102104559101414,0.8892780971196645,0,0,100,0.0,0.7863048627764915,0.0,0.7403595481901378,0.0,0.0,,
full,lstm,CftsWachter,34,1,0,285.9453870012693,12.856792492018384,0.01,0.0,0.0,1.3804011812033863,0.9972791200759137,0,0,100,0.0,0.8226217138086652,0.0,0.7571957009380178,0.0,0.0,0.0,0.0
full,lstm,CftsWachter,35,1,0,360.98241901501103,15.27244236372383,0.001,0.0,0.0,1.4673613814508484,0.9948314188636649,0,0,100,0.0,0.7708175343323644,0.0,0.706489134246449,0.0,0.0,0.0,0.0
full,lstm,CftsWachter,36,0,0,561.3428556774751,46.75302428238964,0.632,0.0,0.36,0.710660615766486,0.1632841805651069,0,0,69,0.0,0.47371483226035865,0.0,0.5703431082807161,0.0,0.0,,
full,lstm,CftsWachter,37,1,0,375.92621854551476,16.012231297948173,0.006,0.0,0.0,1.364533673577969,0.9874362265442094,0,0,100,0.0,0.767458509370047,0.0,0.6881958390974035,0.0,0.0,0.0,0.0
full,lstm,CftsWachter,38,1,0,363.2951306251805,15.05445206426171,0.002,0.0,0.0,1.4537269899501675,0.9396670629066234,0,0,100,0.0,0.8037239586581167,0.0,0.7050772019319812,0.0,0.0,0.0,0.0
full,lstm,CftsWachter,39,1,0,376.2260882357591,15.78035187080328,0.003,0.0,0.0,1.4012671496720044,0.9555788545477981,0,0,100,0.0,0.7721954918706669,0.0,0.6988107029235145,0.0,0.0,0.0,0.0
full,lstm,CftsWachter,40,1,0,347.4217631820461,15.698164423802695,0.015,0.0,0.0,1.5713120135887397,0.9880056189233598,0,0,100,0.0,0.794761112581969,0.0,0.7067178065013718,0.0,0.0,0.0,0.0
full,lstm,CftsWachter,41,1,0,369.40425062969814,15.419273342784518,0.002,0.0,0.0,1.3347198854526017,0.9747126320522292,0,0,100,0.0,0.7804155221711659,0.0,0.6948999171540002,0.0,0.0,0.0,0.0
full,lstm,CftsWachter,42,1,0,380.5287902442455,16.002984010971073,0.002,0.0,0.0,1.4010009850637726,0.9701022818153998,0,0,100,0.0,0.7824351749530056,0.0,0.6880648756433666,0.0,0.0,0.0,0.0
full,lstm,CftsWachter,43,1,0,371.41063822124283,15.632154196657313,0.002,0.0,0.0,1.4695705902205651,0.9294430422025681,0,0,100,0.0,0.7787862095181619,0.0,0.7020953113001864,0.0,0.0,0.0,0.0
full,lstm,CftsWachter,44,1,0,402.6279508688299,17.80053092396973,0.005,0.0,0.0,1.476892885393973,0.9593034168826,0,0,100,0.0,0.7704417639745939,0.0,0.6803983874896974,0.0,0.0,0.0,0.0
full,lstm,CftsWachter,45,1,0,208.74122410846547,11.281944566379897,0.02,0.0,0.0,1.4625332426632633,0.7814020930626909,0,0,100,0.0,0.8141612483345132,0.0,0.8117105357789046,0.0,0.0,0.0,0.0
full,lstm,CftsWachter,46,1,0,260.49288018165413,12.740512361117954,0.019,0.0,0.0,1.3939083698374515,0.8104365576257317,0,0,100,0.0,0.7985803501385608,0.0,0.7705925377017355,0.0,0.0,0.0,0.0
full,lstm,CftsWachter,47,1,0,358.0399768081327,15.25138142370922,0.004,0.0,0.0,1.369189442087798,0.9544953791506124,0,0,100,0.0,0.787042441226574,0.0,0.7017863603283329,0.0,0.0,0.0,0.0
full,lstm,CftsWachter,48,1,0,266.26800290378964,14.23273010741722,0.026,0.0,0.0,1.3849539084252924,0.6806561708334581,0,0,100,0.0,0.8170546008125512,0.0,0.7705456933270245,0.0,0.0,0.0,0.0
full,lstm,CftsWachter,49,1,0,397.31232053020534,17.03534871876217,0.006,0.0,0.0,1.3940314507045113,0.9981993256578262,0,0,100,0.0,0.773766440676489,0.0,0.692067255730834,0.0,0.0,0.0,0.0
full,lstm,CftsWachter,50,1,0,241.8337353072805,10.954348401921242,0.008,0.0,0.0,1.3517273671624712,0.953380327731078,0,0,100,0.0,0.8233315657093347,0.0,0.7838404610071635,0.0,0.0,0.0,0.0
full,lstm,CftsWachter,51,1,0,300.4153069999826,14.174524751264439,0.012,0.0,0.0,1.3743158131677642,0.9768739140015033,0,0,100,0.0,0.7917461373785356,0.0,0.7446576639790102,0.0,0.0,0.0,0.0
full,lstm,CftsWachter,52,1,0,363.6048728998982,15.815260323039247,0.006,0.0,0.0,1.4158845199445687,0.9856800489192213,0,0,100,0.0,0.8000979642961517,0.0,0.7020481504720959,0.0,0.0,0.0,0.0
full,lstm,CftsWachter,53,1,0,394.0296320200812,17.23883242846237,0.005,0.0,0.0,1.46447034584025,0.965593349542076,0,0,100,0.0,0.7814270057593536,0.0,0.677854602300443,0.0,0.0,0.0,0.0
full,lstm,CftsWachter,54,1,0,397.8083378132786,16.825453449598914,0.002,0.0,0.0,1.4766957401691954,0.9295294402487512,0,0,100,0.0,0.7755864617155509,0.0,0.6770868368764682,0.0,0.0,0.0,0.0
full,lstm,CftsWachter,55,1,0,228.17137002730777,12.023512370706753,0.025,0.0,0.0,1.4552321468302085,0.7897769303015084,0,0,100,0.0,0.794687033655802,0.0,0.796155036032795,0.0,0.0,0.0,0.0
full,lstm,CftsWachter,56,1,0,379.2138169085374,16.74544027377004,0.006,0.0,0.0,1.4981041440593121,0.9816145748891837,0,0,100,0.0,0.7791612982413615,0.0,0.6866945961813767,0.0,0.0,0.0,0.0
full,lstm,CftsWachter,57,1,0,244.92291639660783,12.866863926137363,0.024,0.0,0.0,1.3442559935446663,0.7369533117028658,0,0,100,0.0,0.7797006427694955,0.0,0.7828229736766472,0.0,0.0,0.0,0.0
full,lstm,CftsWachter,58,1,0,387.65941470647044,16.521879471293044,0.004,0.0,0.0,1.4784177606395426,0.9751606081906763,0,0,100,0.0,0.7597021848824329,0.0,0.6833017650114085,0.0,0.0,0.0,0.0
full,lstm,CftsWachter,59,1,0,397.29210469586394,16.81396470302185,0.003,0.0,0.0,1.3885557095368124,0.9577749875619262,0,0,100,0.0,0.7526138198617269,0.0,0.6810504717118254,0.0,0.0,0.0,0.0
full,lstm,CftsWachter,60,1,0,293.4201798276857,13.170650553850129,0.014,0.0,0.0,1.4001738478594121,0.9945179357161072,0,0,100,0.0,0.7869691670134863,0.0,0.7486755562382947,0.0,0.0,0.0,0.0
full,lstm,CftsWachter,61,1,0,310.9399355086041,13.273483989634425,0.003,0.0,0.0,1.3946418760974597,0.9880083270384983,0,0,100,0.0,0.776931891202343,0.0,0.7443968694398136,0.0,0.0,0.0,0.0
full,lstm,CftsWachter,62,1,0,337.91079264266125,14.281111309143782,0.008,0.0,0.0,1.4059285925830043,0.9551833871299638,0,0,100,0.0,0.7703070062428272,0.0,0.7203173368898306,0.0,0.0,0.0,0.0
full,lstm,CftsWachter,63,1,0,352.53437933060525,15.160464854419937,0.006,0.0,0.0,1.4179402766354259,0.9119884465710328,0,0,100,0.0,0.8039209586154945,0.0,0.7137025867870116,0.0,0.0,0.0,0.0
full,lstm,CftsWachter,64,1,0,360.96249099437676,15.27590940224222,0.004,0.0,0.0,1.4273785549432059,0.9870050346661114,0,0,100,0.0,0.7500609831126595,0.0,0.703855510811001,0.0,0.0,0.0,0.0
full,lstm,CftsWachter,65,1,0,366.0884290185279,15.423212456040853,0.004,0.0,0.0,1.360699775210447,0.9417871523721911,0,0,100,0.0,0.7921341793958878,0.0,0.7121310975187851,0.0,0.0,0.0,0.0
full,lstm,CftsWachter,66,1,0,234.0486709650698,11.6352053229677,0.028,0.0,0.0,1.3822668318398,0.7589924748272394,0,0,100,0.0,0.7872883025629224,0.0,0.7959653769246957,0.0,0.0,0.0,0.0
full,lstm,CftsWachter,67,1,0,434.1250799728024,18.189676067906152,0.003,0.0,0.0,1.50560689406089,0.9815869340595695,0,0,100,0.0,0.7572102573579176,0.0,0.6614162788544653,0.0,0.0,0.0,0.0
full,lstm,CftsWachter,68,0,0,287.17177035103254,30.347670878407865,0.608,0.0,0.37,0.9382480032760752,0.23446461702428198,17,0,68,0.0,0.5648425686630704,0.0,0.7075079487032845,0.0,0.0,,
full,lstm,CftsWachter,69,1,0,382.791387227684,16.610980630467093,0.003,0.0,0.0,1.4574110872932098,0.9871556884319961,0,0,100,0.0,0.7518043943892353,0.0,0.6923443912703519,0.0,0.0,0.0,0.0
full,lstm,CftsWachter,70,1,0,375.4000072283434,16.164879904825227,0.003,0.0,0.0,1.4041072804704804,0.9517753373344395,0,0,100,0.0,0.7999823306968212,0.0,0.6993384659099676,0.0,0.0,0.0,0.0
full,lstm,CftsWachter,71,1,0,282.34999950995154,13.087360455147177,0.009,0.0,0.0,1.3630144523069332,0.9128279396611204,0,0,100,0.0,0.814083578252417,0.0,0.7588236238625006,0.0,0.0,0.0,0.0
full,lstm,CftsWachter,72,0,0,407.02375662668544,17.466293514660983,0.002,0.0,0.0,1.5413166732783712,0.9818506031378739,0,0,100,0.0,0.734461315882301,0.0,0.6719929995901677,0.0,0.0,,
full,lstm,CftsWachter,73,1,0,210.174632893848,10.424190167896938,0.018,0.0,0.0,1.3669424902845597,0.8890877741394445,0,0,100,0.0,0.8290883598938688,0.0,0.8126881308749888,0.0,0.0,0.0,0.0
full,lstm,CftsWachter,74,0,0,226.52232614855654,10.996126104222391,0.016,0.0,0.0,1.4460061032564422,0.7965998857291023,0,0,100,0.0,0.8099064399850942,0.0,0.797986844285986,0.0,0.0,,
full,lstm,CftsWachter,75,1,0,380.76250638005763,15.986238043785832,0.005,0.0,0.0,1.441791379969152,0.969627837558189,0,0,100,0.0,0.7705304977453437,0.0,0.6895780492872854,0.0,0.0,0.0,0.0
full,lstm,CftsWachter,76,1,0,186.18149703556634,9.962474066462114,0.036,0.0,0.0,1.5105263525870516,0.7417577706412952,0,0,100,0.0,0.8140471679490978,0.0,0.830792156987594,0.0,0.0,0.0,0.0
full,lstm,CftsWachter,77,1,0,422.4638839753452,20.45450400610592,0.016,0.0,0.0,1.5597791657585474,0.762497764936051,0,0,100,0.0,0.7750610410893897,0.0,0.6717483850292405,0.0,0.0,0.0,0.0
full,lstm,CftsWachter,78,0,0,269.76036771387214,13.72261347674132,0.019,0.0,0.0,1.401917968244684,0.7678814146100077,0,0,100,0.0,0.8074419030602962,0.0,0.7675443154217246,0.0,0.0,,
full,lstm,CftsWachter,79,1,0,203.96381000515123,10.830920315547957,0.029,0.0,0.0,1.401587790995355,0.6747102194327801,0,0,100,0.0,0.7988551960006164,0.0,0.8182912719040597,0.0,0.0,0.0,0.0
full,lstm,CftsWachter,80,1,0,284.67111996528473,14.148904743001143,0.008,0.0,0.0,1.4205418793278817,0.740538668162989,0,0,100,0.0,0.7887397293552176,0.0,0.7585537717602014,0.0,0.0,0.0,0.0
full,lstm,CftsWachter,81,1,0,830.0400486983314,56.073106358297466,0.54,0.0,0.28,0.47088543583709197,0.12035877496638113,0,0,81,0.0,0.36095751603271536,0.0,0.4354674201099339,0.0,0.0,0.0,0.0
full,lstm,CftsWachter,82,1,0,386.6837143225448,16.432805113083894,0.002,0.0,0.0,1.2742629142989734,0.974301610354098,0,0,100,0.0,0.7460683076519617,0.0,0.6834208265100016,0.0,0.0,0.0,0.0
full,lstm,CftsWachter,83,1,0,353.7294412325089,15.123837386486889,0.006,0.0,0.0,1.479377998372652,0.9526522785943671,0,0,100,0.0,0.7792615420331045,0.0,0.7082895866834343,0.0,0.0,0.0,0.0
full,lstm,CftsWachter,84,1,0,382.11984304022815,15.899013891435533,0.006,0.0,0.0,1.4046677770209908,0.9948257206731156,0,0,100,0.0,0.7591007034327364,0.0,0.6873610996915532,0.0,0.0,0.0,0.0
full,lstm,CftsWachter,85,1,0,438.3642448156029,18.28859757962756,0.002,0.0,0.0,1.3925370330005746,0.9783418971507912,0,0,100,0.0,0.7483521542743737,0.0,0.6536854862566596,0.0,0.0,0.0,0.0
full,lstm,CftsWachter,86,1,0,228.85846054804506,10.726982249102715,0.017,0.0,0.0,1.3210261216261006,0.8398913209179887,0,0,100,0.0,0.8109358408709733,0.0,0.7967102159666005,0.0,0.0,0.0,0.0
full,lstm,CftsWachter,87,1,0,395.5211234102009,16.549290397119407,0.001,0.0,0.0,1.3405882221705976,0.9923019705396272,0,0,100,0.0,0.7504084123290957,0.0,0.6766298836765948,0.0,0.0,0.0,0.0
full,lstm,CftsWachter,88,1,0,254.19071872595785,11.62807881496124,0.014,0.0,0.0,1.3961139558161564,0.9310681503555636,0,0,100,0.0,0.7860991871575234,0.0,0.7818379421375663,0.0,0.0,0.0,0.0
full,lstm,CftsWachter,89,1,0,218.84790771451276,11.951599065772866,0.028,0.0,0.0,1.4926904515683845,0.7306656870568292,0,0,100,0.0,0.8139627396370605,0.0,0.7973269156430156,0.0,0.0,0.0,0.0
full,lstm,CftsWachter,90,1,0,405.64979824943805,17.180396331194572,0.004,0.0,0.0,1.5599218051778727,0.956605257379002,0,0,100,0.0,0.7618123069967357,0.0,0.6807070230956892,0.0,0.0,0.0,0.0
full,lstm,CftsWachter,91,1,0,298.86792675513647,14.078708234113332,0.01,0.0,0.0,1.4981235480391695,0.8508387686326367,0,0,100,0.0,0.8012802147663534,0.0,0.748305941529502,0.0,0.0,0.0,0.0
full,lstm,CftsWachter,92,1,0,230.77311111503377,12.780511331236436,0.021,0.0,0.0,1.3544579812412973,0.7521650417463348,0,0,100,0.0,0.8133368023410716,0.0,0.7931002807756394,0.0,0.0,0.0,0.0
full,lstm,CftsWachter,93,1,0,379.6572491190471,16.85513035431782,0.005,0.0,0.0,1.4586189240715708,0.943134349024637,0,0,100,0.0,0.7474131424453141,0.0,0.6978728908837918,0.0,0.0,0.0,0.0
full,lstm,CftsWachter,94,1,0,334.4817211680912,14.764969412591812,0.007,0.0,0.0,1.511948916268269,0.9872419579560556,0,0,100,0.0,0.7976908330814475,0.0,0.7225239162095409,0.0,0.0,0.0,0.0
full,lstm,CftsWachter,95,1,0,303.9883013513054,14.82247930961704,0.018,0.0,0.0,1.4539645448548968,0.8357247096093334,0,0,100,0.0,0.7917821701635265,0.0,0.7433853135138523,0.0,0.0,0.0,0.0
full,lstm,CftsWachter,96,1,0,340.1291892768637,14.452067519358915,0.001,0.0,0.0,1.3380053714512208,0.9100218275067307,0,0,100,0.0,0.8048282180530347,0.0,0.7250693803566397,0.0,0.0,0.0,0.0
full,lstm,CftsWachter,97,1,0,315.0802369912925,14.745411986590248,0.014,0.0,0.0,1.5116481113872915,0.8728695306628244,0,0,100,0.0,0.8050622384501913,0.0,0.7384497017654058,0.0,0.0,0.0,0.0
full,lstm,CftsWachter,98,1,0,402.4329667983273,18.591661185390663,0.005,0.0,0.0,1.4706302333428072,0.963935717275904,0,0,100,0.0,0.7767784867154927,0.0,0.6897676667350031,0.0,0.0,0.0,0.0
full,lstm,CftsWachter,99,1,0,373.9852917499027,16.2573864209016,0.003,0.0,0.0,1.5122465453509486,0.9468368914509419,0,0,100,0.0,0.8018852455781714,0.0,0.7043916776379238,0.0,0.0,0.0,0.0
full,lstm,NoiselessSCMRecourse,0,1,0,188.82697517505954,9.445763453089965,0.254,0.0,0.25,1.1772594936656169,0.2313336582087124,25,0,75,1.0,0.9999999974099167,0.0,0.7773504378463271,1.0,0.0,1.0,0.0
full,lstm,NoiselessSCMRecourse,1,1,0,205.33236232722138,10.247413749950685,0.255,0.0,0.25,1.2349774982534523,0.26150264118061356,25,0,75,1.0,0.9999999963848277,0.0,0.7605509207948359,1.0,0.0,1.0,0.0
full,lstm,NoiselessSCMRecourse,2,1,0,221.0716116377676,11.062530385921102,0.255,0.0,0.25,1.5300023832282776,0.2563310838522615,25,0,75,1.0,0.9999999955670114,0.0,0.7447549662951426,1.0,0.0,1.0,0.0
full,lstm,NoiselessSCMRecourse,3,1,0,219.7803513159458,10.841529615449645,0.254,0.0,0.25,1.4643487696925777,0.24226357294532486,25,0,75,1.0,0.9999999982396387,0.0,0.7461489927115293,1.0,0.0,1.0,0.0
full,lstm,NoiselessSCMRecourse,4,1,0,189.98063374346157,9.576280539705076,0.251,0.0,0.25,1.515477278537047,0.2517821400238023,25,0,75,1.0,0.9999999918776888,0.0,0.7763029088226443,1.0,0.0,1.0,0.0
full,lstm,NoiselessSCMRecourse,5,1,0,188.78441076723584,9.317094047246599,0.254,0.0,0.25,1.405897183263598,0.2482127809555978,25,0,75,1.0,0.9999999979483963,0.0,0.777472584577047,1.0,0.0,1.0,0.0
full,lstm,NoiselessSCMRecourse,6,1,0,189.6930430311445,9.113133225913195,0.252,0.0,0.25,1.2685969537483976,0.23882120787016667,25,0,75,1.0,0.9999999965199082,0.0,0.7765513546329993,1.0,0.0,1.0,0.0
full,lstm,NoiselessSCMRecourse,7,1,0,175.43675579847087,8.727281549267708,0.254,0.0,0.25,1.3371510003139764,0.217333983928254,25,0,75,1.0,0.9999999908726738,0.0,0.7914175241601713,1.0,0.0,1.0,0.0
full,lstm,NoiselessSCMRecourse,8,1,0,196.37054575573995,9.481142640004617,0.252,0.0,0.25,1.4293158304835134,0.22170377392754706,25,0,75,1.0,0.9999999910853069,0.0,0.7698267768472942,1.0,0.0,1.0,0.0
full,lstm,NoiselessSCMRecourse,9,1,0,251.59513675506014,12.564924666906025,0.251,0.0,0.25,1.4666369097874532,0.255306610518303,25,0,75,1.0,0.9999999989346852,0.0,0.7151769206465671,1.0,0.0,1.0,0.0
full,lstm,NoiselessSCMRecourse,10,1,0,186.81041532590461,8.890820937330739,0.252,0.0,0.25,1.3614925724192894,0.24877744749766617,25,0,75,1.0,0.9999999955867415,0.0,0.7795443887208475,1.0,0.0,1.0,0.0
full,lstm,NoiselessSCMRecourse,11,1,0,207.1265355898406,10.136547753220661,0.255,0.0,0.25,1.3537035508906359,0.26923837917783744,25,0,75,1.0,0.99999999624056,0.0,0.7587461319048641,1.0,0.0,1.0,0.0
full,lstm,NoiselessSCMRecourse,12,1,0,167.56363135251152,8.226442795419274,0.255,0.0,0.25,1.4288043032687991,0.23469024904007546,25,0,75,1.0,0.9999999933955458,0.0,0.7998778658577715,1.0,0.0,1.0,0.0
full,lstm,NoiselessSCMRecourse,13,1,0,240.87412710457647,11.888666121448196,0.252,0.0,0.25,1.4267078071287644,0.23398767258022474,25,0,75,1.0,0.9999999968901083,0.0,0.725212888985752,1.0,0.0,1.0,0.0
full,lstm,NoiselessSCMRecourse,14,1,0,194.52122085358474,9.661251354615551,0.252,0.0,0.25,1.5229866610675897,0.23780175192579245,25,0,75,1.0,0.9999999941349359,0.0,0.7715897692528904,1.0,0.0,1.0,0.0
full,lstm,NoiselessSCMRecourse,15,1,0,203.57801880555655,10.021356961104564,0.252,0.0,0.25,1.4827482964725658,0.24301321529862804,25,0,75,1.0,0.9999999987592452,0.0,0.7621577385542923,1.0,0.0,1.0,0.0
full,lstm,NoiselessSCMRecourse,16,1,0,183.26260337465402,9.14304312492833,0.254,0.0,0.25,1.499095418778669,0.24038391923249794,25,0,75,1.0,0.9999999949544807,0.0,0.7833866674225305,1.0,0.0,1.0,0.0
full,lstm,NoiselessSCMRecourse,17,1,0,182.73146480729935,8.987362702153687,0.255,0.0,0.25,1.3058083795511268,0.23880462029621666,25,0,75,1.0,0.9999999976154832,0.0,0.783841604788158,1.0,0.0,1.0,0.0
full,lstm,NoiselessSCMRecourse,18,1,0,187.2925942087735,9.666318867020243,0.253,0.0,0.25,1.444860998531176,0.2565693737511653,25,0,75,1.0,0.999999997453576,0.0,0.7790874680146056,1.0,0.0,1.0,0.0
full,lstm,NoiselessSCMRecourse,19,1,0,161.70118016847255,7.8504438450676535,0.257,0.0,0.25,1.5516164623694717,0.23854729229672547,25,0,75,1.0,0.9999999973633209,0.0,0.8061091837619446,1.0,0.0,1.0,0.0
full,lstm,NoiselessSCMRecourse,20,1,0,205.536078957698,10.234026378028318,0.254,0.0,0.25,1.4113010133964552,0.26021600467685463,25,0,75,1.0,0.9999999928670881,0.0,0.7603687897112196,1.0,0.0,1.0,0.0
full,lstm,NoiselessSCMRecourse,21,1,0,199.18092720444935,9.628684347094286,0.256,0.0,0.25,1.4558899266288348,0.2312671183947438,25,0,75,1.0,0.9999999965633951,0.0,0.7666320700246837,1.0,0.0,1.0,0.0
full,lstm,NoiselessSCMRecourse,22,1,0,182.76380447805104,9.18156415460491,0.255,0.0,0.25,1.3895537042864654,0.23439917850377914,25,0,75,1.0,0.999999996786281,0.0,0.7838532755866411,1.0,0.0,1.0,0.0
full,lstm,NoiselessSCMRecourse,23,1,0,203.17280892624143,9.743112591326248,0.254,0.0,0.25,1.15981873830388,0.2585978116164574,25,0,75,1.0,0.9999999937868757,0.0,0.762835993197143,1.0,0.0,1.0,0.0
full,lstm,NoiselessSCMRecourse,24,1,0,208.7866370872809,10.627388064961897,0.252,0.0,0.25,1.5612669856593964,0.24496303979575096,25,0,75,1.0,0.9999999964232118,0.0,0.7570518067324091,1.0,0.0,1.0,0.0
full,lstm,NoiselessSCMRecourse,25,1,0,195.39048989063588,9.530789078599721,0.253,0.0,0.25,1.4065736827600193,0.2548023546890769,25,0,75,1.0,0.9999999939757818,0.0,0.7707163451763128,1.0,0.0,1.0,0.0
full,lstm,NoiselessSCMRecourse,26,1,0,185.30212441933213,9.143629068306861,0.253,0.0,0.25,1.5069352896990555,0.23950731077144266,25,0,75,1.0,0.9999999963312932,0.0,0.7810461399830428,1.0,0.0,1.0,0.0
full,lstm,NoiselessSCMRecourse,27,1,0,199.65404296949728,9.730373687834355,0.254,0.0,0.25,1.3709387674065128,0.22523233050580996,25,0,75,1.0,0.9999999922106565,0.0,0.7662849987394099,1.0,0.0,1.0,0.0
full,lstm,NoiselessSCMRecourse,28,1,0,183.8561522423919,8.931100509287793,0.253,0.0,0.25,1.4646273794644062,0.2421407908119129,25,0,75,1.0,0.9999999968987806,0.0,0.7825382050571904,1.0,0.0,1.0,0.0
full,lstm,NoiselessSCMRecourse,29,1,0,198.02579866559728,9.52186105651563,0.251,0.0,0.25,1.3035072537289676,0.24900355353433967,25,0,75,1.0,0.9999999873586193,0.0,0.7679665478704305,1.0,0.0,1.0,0.0
full,lstm,NoiselessSCMRecourse,30,1,0,201.30470963087134,9.660670417460159,0.253,0.0,0.25,1.4597460397054345,0.2664160806031639,25,0,75,1.0,0.9999999958161139,0.0,0.764434067851047,1.0,0.0,1.0,0.0
full,lstm,NoiselessSCMRecourse,31,1,0,207.59343827259013,9.91496912017211,0.255,0.0,0.25,1.2671198581444918,0.24148437262552877,25,0,75,1.0,0.99999999824486,0.0,0.7582481621872293,1.0,0.0,1.0,0.0
full,lstm,NoiselessSCMRecourse,32,1,0,168.33311555259937,8.102136865570689,0.254,0.0,0.25,1.4478696338274881,0.2605955447502205,25,0,75,1.0,0.9999999952276164,0.0,0.7991582724694172,1.0,0.0,1.0,0.0
full,lstm,NoiselessSCMRecourse,33,1,0,182.25154619172045,8.997434588027739,0.255,0.0,0.25,1.4068309176728302,0.2302244834892883,25,0,75,1.0,0.9999999958792956,0.0,0.7842422735143739,1.0,0.0,1.0,0.0
full,lstm,NoiselessSCMRecourse,34,1,0,183.09073743722263,9.017947744558965,0.253,0.0,0.25,1.358535264961477,0.233435029813023,25,0,75,1.0,0.9999999946039677,0.0,0.7834755038085829,1.0,0.0,1.0,0.0
full,lstm,NoiselessSCMRecourse,35,1,0,179.13728455496846,8.596098345638593,0.251,0.0,0.25,1.3716570300714266,0.27223538424859584,25,0,75,1.0,0.9999999944746143,0.0,0.7876029543362493,1.0,0.0,1.0,0.0
full,lstm,NoiselessSCMRecourse,36,1,0,168.97369206379335,8.182505472073322,0.256,0.0,0.25,1.415568613771763,0.239890424568127,25,0,75,1.0,0.9999999928267809,0.0,0.7982766852058311,1.0,0.0,1.0,0.0
full,lstm,NoiselessSCMRecourse,37,1,0,169.7130663387277,8.280843784691701,0.255,0.0,0.25,1.4677213021678213,0.26910971657916033,25,0,75,1.0,0.9999999959863416,0.0,0.7975335516084558,1.0,0.0,1.0,0.0
full,lstm,NoiselessSCMRecourse,38,1,0,193.1952045082119,9.297852253727221,0.252,0.0,0.25,1.3362875968155317,0.23637358634601163,25,0,75,1.0,0.9999999925100886,0.0,0.7730208952696958,1.0,0.0,1.0,0.0
full,lstm,NoiselessSCMRecourse,39,1,0,186.09968935680314,9.111621105650443,0.253,0.0,0.25,1.5017547318137494,0.26515385897079036,25,0,75,1.0,0.9999999968404064,0.0,0.7803619080315354,1.0,0.0,1.0,0.0
full,lstm,NoiselessSCMRecourse,40,1,0,217.35870297175217,10.63276091106655,0.252,0.0,0.25,1.442913172497119,0.25466398282096364,25,0,75,1.0,0.9999999921880641,0.0,0.7485007690026196,1.0,0.0,1.0,0.0
full,lstm,NoiselessSCMRecourse,41,1,0,185.35513067349433,9.228678113091071,0.257,0.0,0.25,1.434929049870959,0.24083529960344743,25,0,75,1.0,0.9999999960219813,0.0,0.780998659234857,1.0,0.0,1.0,0.0
full,lstm,NoiselessSCMRecourse,42,1,0,177.64557256973427,8.759508631245076,0.254,0.0,0.25,1.3104299553931176,0.2624632034469204,25,0,75,1.0,0.9999999968676706,0.0,0.7891667884275663,1.0,0.0,1.0,0.0
full,lstm,NoiselessSCMRecourse,43,1,0,186.07819596185405,8.876863739308789,0.252,0.0,0.25,1.336123383333947,0.2602542806744101,25,0,75,1.0,0.9999999939400835,0.0,0.7802571169901336,1.0,0.0,1.0,0.0
full,lstm,NoiselessSCMRecourse,44,1,0,204.75581963455647,10.189180015762798,0.251,0.0,0.25,1.4949126389126652,0.23913129034719835,25,0,75,1.0,0.9999999967519307,0.0,0.761130233996506,1.0,0.0,1.0,0.0
full,lstm,NoiselessSCMRecourse,45,1,0,187.6620994296614,9.284081938315726,0.252,0.0,0.25,1.2937277616597913,0.23920609601583753,25,0,75,1.0,0.9999999960932658,0.0,0.7786388168375972,1.0,0.0,1.0,0.0
full,lstm,NoiselessSCMRecourse,46,1,0,191.67931904504036,9.532729778209527,0.252,0.0,0.25,1.3793918222592478,0.22787449767999624,25,0,75,1.0,0.9999999930403353,0.0,0.7744896882350373,1.0,0.0,1.0,0.0
full,lstm,NoiselessSCMRecourse,47,1,0,176.32327481896843,8.50212872744395,0.255,0.0,0.25,1.3999978454620137,0.2620852176610624,25,0,75,1.0,0.9999999935776022,0.0,0.7905311419906683,1.0,0.0,1.0,0.0
full,lstm,NoiselessSCMRecourse,48,1,0,189.91190781281728,9.466418798005334,0.254,0.0,0.25,1.3027656633250428,0.27026385786372087,25,0,75,1.0,0.9999999968721708,0.0,0.7763117331878722,1.0,0.0,1.0,0.0
full,lstm,NoiselessSCMRecourse,49,1,0,180.67221790597569,8.957992780815813,0.252,0.0,0.25,1.4048268357167724,0.24852255311211688,25,0,75,1.0,0.9999999979770129,0.0,0.7858919404842669,1.0,0.0,1.0,0.0
full,lstm,NoiselessSCMRecourse,50,1,0,156.6132844395252,7.517668476290039,0.253,0.0,0.25,1.4569482014621453,0.2497347740191079,25,0,75,1.0,0.99999999634243,0.0,0.8115786915985108,1.0,0.0,1.0,0.0
full,lstm,NoiselessSCMRecourse,51,1,0,202.89348957273842,9.624484332314488,0.256,0.0,0.25,1.3025280662700205,0.24532482775652004,25,0,75,1.0,0.9999999979289245,0.0,0.7630871375597519,1.0,0.0,1.0,0.0
full,lstm,NoiselessSCMRecourse,52,1,0,212.3212785682318,10.647491807430828,0.253,0.0,0.25,1.4078513062179596,0.2614301760744102,25,0,75,1.0,0.999999995647195,0.0,0.7534642019411381,1.0,0.0,1.0,0.0
full,lstm,NoiselessSCMRecourse,53,1,0,243.02312353140462,11.717876522833693,0.253,0.0,0.25,1.4645641798280091,0.2546117888274489,25,0,75,1.0,0.999999993775184,0.0,0.7233870915147945,1.0,0.0,1.0,0.0
full,lstm,NoiselessSCMRecourse,54,1,0,186.8761081652657,9.077296002151122,0.256,0.0,0.25,1.3817732171010095,0.2348377535547308,25,0,75,1.0,0.9999999904983955,0.0,0.7795517140327547,1.0,0.0,1.0,0.0
full,lstm,NoiselessSCMRecourse,55,1,0,194.6946045224109,9.614303027809871,0.252,0.0,0.25,1.4461220850055614,0.2131969929288612,25,0,75,1.0,0.9999999962003474,0.0,0.7712181358574558,1.0,0.0,1.0,0.0
full,lstm,NoiselessSCMRecourse,56,1,0,187.32164371068643,9.257128436641034,0.251,0.0,0.25,1.4006096166706463,0.2525141047613468,25,0,75,1.0,0.9999999977970259,0.0,0.7789497854436062,1.0,0.0,1.0,0.0
full,lstm,NoiselessSCMRecourse,57,1,0,202.9216937471217,9.771711404023815,0.251,0.0,0.25,1.3274723215375248,0.26948407743936964,25,0,75,1.0,0.9999999959603472,0.0,0.763003307987911,1.0,0.0,1.0,0.0
full,lstm,NoiselessSCMRecourse,58,1,0,184.22475354852097,9.081655291276212,0.253,0.0,0.25,1.4315388791517094,0.25104244408920173,25,0,75,1.0,0.9999999953094092,0.0,0.7821224158036495,1.0,0.0,1.0,0.0
full,lstm,NoiselessSCMRecourse,59,1,0,190.03456928372992,9.462357596368612,0.255,0.0,0.25,1.3456869582039193,0.2587189809840291,25,0,75,1.0,0.9999999943131681,0.0,0.776312529017214,1.0,0.0,1.0,0.0
full,lstm,NoiselessSCMRecourse,60,1,0,157.10984742393015,7.5919183376134445,0.255,0.0,0.25,1.3014625289230566,0.2641016689474408,25,0,75,1.0,0.9999999961415357,0.0,0.811161793239278,1.0,0.0,1.0,0.0
full,lstm,NoiselessSCMRecourse,61,1,0,194.15854200828113,9.375717601204911,0.253,0.0,0.25,1.375059726720038,0.23294069174119572,25,0,75,1.0,0.9999999952595884,0.0,0.7720435990388874,1.0,0.0,1.0,0.0
full,lstm,NoiselessSCMRecourse,62,1,0,178.90251142081928,8.723481276669203,0.256,0.0,0.25,1.34031283987684,0.24612129969771934,25,0,75,1.0,0.9999999924399288,0.0,0.7878205706051251,1.0,0.0,1.0,0.0
full,lstm,NoiselessSCMRecourse,63,1,0,206.7658401556849,10.28410713937311,0.256,0.0,0.25,1.4370191081244468,0.2273059936735549,25,0,75,1.0,0.9999999968770888,0.0,0.7591706323744807,1.0,0.0,1.0,0.0
full,lstm,NoiselessSCMRecourse,64,1,0,196.13827123479763,9.6072700664398,0.254,0.0,0.25,1.337974471538919,0.25276165646937376,25,0,75,1.0,0.9999999972277437,0.0,0.769958982963116,1.0,0.0,1.0,0.0
full,lstm,NoiselessSCMRecourse,65,1,0,172.01855005326559,8.146488922119959,0.253,0.0,0.25,1.1454803854452054,0.27373340750650416,25,0,75,1.0,0.9999999979208681,0.0,0.7951275702305144,1.0,0.0,1.0,0.0
full,lstm,NoiselessSCMRecourse,66,1,0,214.97799638937886,11.0893978811635,0.256,0.0,0.25,1.4451760178848847,0.24162067697616862,25,0,75,1.0,0.9999999942005261,0.0,0.7509582437581843,1.0,0.0,1.0,0.0
full,lstm,NoiselessSCMRecourse,67,1,0,196.5971162007275,9.99472422184502,0.253,0.0,0.25,1.4483468709555396,0.24729868784239245,25,0,75,1.0,0.9999999929386707,0.0,0.7693685484697796,1.0,0.0,1.0,0.0
full,lstm,NoiselessSCMRecourse,68,1,0,216.85099759891233,10.845621368505526,0.251,0.0,0.25,1.4831070968543125,0.2460732218678559,25,0,75,1.0,0.9999999965981696,0.0,0.7487743355839089,1.0,0.0,1.0,0.0
full,lstm,NoiselessSCMRecourse,69,1,0,174.01130094559076,8.609027469655457,0.253,0.0,0.25,1.4409811476576888,0.2684541847095113,25,0,75,1.0,0.999999993333155,0.0,0.7930616275446843,1.0,0.0,1.0,0.0
full,lstm,NoiselessSCMRecourse,70,1,0,217.71206883292066,11.054562966345218,0.251,0.0,0.25,1.5137329855952388,0.24551355015159468,25,0,75,1.0,0.9999999948322607,0.0,0.7481911616622914,1.0,0.0,1.0,0.0
full,lstm,NoiselessSCMRecourse,71,1,0,190.6176576131154,9.199280888517052,0.253,0.0,0.25,1.399480179236051,0.2587821999754312,25,0,75,1.0,0.9999999925658789,0.0,0.7757062817057871,1.0,0.0,1.0,0.0
full,lstm,NoiselessSCMRecourse,72,1,0,170.4922631669447,8.51771808591143,0.252,0.0,0.25,1.4318365825465809,0.22455552155420394,25,0,75,1.0,0.9999999899665069,0.0,0.7966471903896933,1.0,0.0,1.0,0.0
full,lstm,NoiselessSCMRecourse,73,1,0,175.61044282228937,8.663768674185993,0.253,0.0,0.25,1.3033104497145696,0.2660770643713309,25,0,75,1.0,0.9999999977276662,0.0,0.7912294795431607,1.0,0.0,1.0,0.0
full,lstm,NoiselessSCMRecourse,74,1,0,184.89562581856626,8.960309964773074,0.254,0.0,0.25,1.358901564251542,0.23817734887665823,25,0,75,1.0,0.9999999985479932,0.0,0.7814523932443547,1.0,0.0,1.0,0.0
full,lstm,NoiselessSCMRecourse,75,1,0,183.79783341688454,8.997824281640762,0.253,0.0,0.25,1.497303945437548,0.27308814127692405,25,0,75,1.0,0.9999999943750059,0.0,0.782662606332683,1.0,0.0,1.0,0.0
full,lstm,NoiselessSCMRecourse,76,1,0,216.05456644608563,10.637858313450764,0.251,0.0,0.25,1.5489085056917518,0.244174820251523,25,0,75,1.0,0.9999999971045398,0.0,0.7497364347129121,1.0,0.0,1.0,0.0
full,lstm,NoiselessSCMRecourse,77,1,0,204.19928453249668,10.071213500501964,0.254,0.0,0.25,1.4590957303670054,0.2614176611546802,25,0,75,1.0,0.9999999910845583,0.0,0.761594496675364,1.0,0.0,1.0,0.0
full,lstm,NoiselessSCMRecourse,78,1,0,218.07613886201392,10.572893428321748,0.253,0.0,0.25,1.2101363292995162,0.2608796390541382,25,0,75,1.0,0.9999999965347444,0.0,0.7476333735684983,1.0,0.0,1.0,0.0
full,lstm,NoiselessSCMRecourse,79,1,0,171.7448540678986,8.476211282363396,0.257,0.0,0.25,1.4268905893200772,0.26120541205706904,25,0,75,1.0,0.9999999949949437,0.0,0.7953270815568682,1.0,0.0,1.0,0.0
full,lstm,NoiselessSCMRecourse,80,1,0,163.28480275194414,8.093825453667895,0.256,0.0,0.25,1.4394360427895445,0.24673029082058942,25,0,75,1.0,0.9999999950587637,0.0,0.8044488226246581,1.0,0.0,1.0,0.0
full,lstm,NoiselessSCMRecourse,81,1,0,218.74631026032512,11.00384194493752,0.252,0.0,0.25,1.4156881179173044,0.2424562003107392,25,0,75,1.0,0.9999999962169815,0.0,0.7469783873866935,1.0,0.0,1.0,0.0
full,lstm,NoiselessSCMRecourse,82,1,0,213.8156801986975,10.102161947160162,0.251,0.0,0.25,1.236286049813358,0.25783759306140774,25,0,75,1.0,0.9999999977331886,0.0,0.752001246425201,1.0,0.0,1.0,0.0
full,lstm,NoiselessSCMRecourse,83,1,0,192.66209544690003,9.283470317874896,0.252,0.0,0.25,1.4600986862127918,0.27264642649665016,25,0,75,1.0,0.9999999938851938,0.0,0.7735125744146789,1.0,0.0,1.0,0.0
full,lstm,NoiselessSCMRecourse,84,1,0,195.36657475501295,9.296441301697193,0.254,0.0,0.25,1.4480749139003937,0.245997224690405,25,0,75,1.0,0.9999999984192601,0.0,0.770771756160492,1.0,0.0,1.0,0.0
full,lstm,NoiselessSCMRecourse,85,1,0,185.12678778699546,9.381944789107944,0.255,0.0,0.25,1.448545510280207,0.23927890545837777,25,0,75,1.0,0.9999999939815021,0.0,0.7812318505355377,1.0,0.0,1.0,0.0
full,lstm,NoiselessSCMRecourse,86,1,0,194.90808505869168,9.493548680007978,0.252,0.0,0.25,1.4628345999195955,0.23909585705642628,25,0,75,1.0,0.999999996352448,0.0,0.771003256233218,1.0,0.0,1.0,0.0
full,lstm,NoiselessSCMRecourse,87,1,0,178.53290239126892,8.628244689079137,0.255,0.0,0.25,1.3717790960239873,0.27363136194933846,25,0,75,1.0,0.9999999952302997,0.0,0.7882332468987873,1.0,0.0,1.0,0.0
full,lstm,NoiselessSCMRecourse,88,1,0,173.46122312731364,8.29119489031194,0.255,0.0,0.25,1.417748397286212,0.24362477139204095,25,0,75,1.0,0.9999999936373689,0.0,0.7936660462656987,1.0,0.0,1.0,0.0
full,lstm,NoiselessSCMRecourse,89,1,0,200.4221170633876,10.122703212168002,0.253,0.0,0.25,1.5691882607553151,0.23442209518941423,25,0,75,1.0,0.9999999970948104,0.0,0.7654063946306948,1.0,0.0,1.0,0.0
full,lstm,NoiselessSCMRecourse,90,1,0,188.85937291516746,9.298049143125843,0.253,0.0,0.25,1.5141179090769434,0.25354585887937914,25,0,75,1.0,0.9999999969833386,0.0,0.7773044087251351,1.0,0.0,1.0,0.0
full,lstm,NoiselessSCMRecourse,91,1,0,175.53090485307962,8.781879086841844,0.254,0.0,0.25,1.4012466525656802,0.2507552239277123,25,0,75,1.0,0.999999997612564,0.0,0.7914079208492835,1.0,0.0,1.0,0.0
full,lstm,NoiselessSCMRecourse,92,1,0,182.90999638795958,9.042595279299885,0.253,0.0,0.25,1.2003387981977665,0.2513723489020879,25,0,75,1.0,0.9999999957147364,0.0,0.7835683063657792,1.0,0.0,1.0,0.0
full,lstm,NoiselessSCMRecourse,93,1,0,190.9295415157412,9.488244565201198,0.253,0.0,0.25,1.3201986008033513,0.25548268122393347,25,0,75,1.0,0.9999999955390256,0.0,0.7753232083272219,1.0,0.0,1.0,0.0
full,lstm,NoiselessSCMRecourse,94,1,0,189.6686513209409,9.445818113158014,0.251,0.0,0.25,1.3383313183778511,0.2229016075811437,25,0,75,1.0,0.9999999957516242,0.0,0.7767009607143548,1.0,0.0,1.0,0.0
full,lstm,NoiselessSCMRecourse,95,1,0,207.21929979832714,10.287253986675161,0.258,0.0,0.25,1.3448486743107002,0.27935389584170617,25,0,75,1.0,0.9999999946559301,0.0,0.7587802931305634,1.0,0.0,1.0,0.0
full,lstm,NoiselessSCMRecourse,96,1,0,188.71839883099514,8.986766610211022,0.251,0.0,0.25,1.3403913838183115,0.22403823697398836,25,0,75,1.0,0.9999999928012345,0.0,0.7774682360498463,1.0,0.0,1.0,0.0
full,lstm,NoiselessSCMRecourse,97,1,0,188.17811819161724,9.498618744407416,0.253,0.0,0.25,1.5062143798666408,0.26311110850014524,25,0,75,1.0,0.9999999933610875,0.0,0.7782045348231973,1.0,0.0,1.0,0.0
full,lstm,NoiselessSCMRecourse,98,1,0,175.53919273191286,8.590002955619287,0.253,0.0,0.25,1.395645551729585,0.25527601710751874,25,0,75,1.0,0.9999999972495601,0.0,0.7914266008005996,1.0,0.0,1.0,0.0
full,lstm,NoiselessSCMRecourse,99,1,0,198.90917551127058,10.136837775066237,0.256,0.0,0.25,1.5255248155162149,0.25104818040972615,25,0,75,1.0,0.9999999955001367,0.0,0.7670216406963907,1.0,0.0,1.0,0.0
full,lstm,PearlSCMRecourse,0,1,0,832.1343944563561,78.39749335585084,0.504,0.0,0.5,1.7278500511669106,0.6256239985203642,50,0,1,0.0,0.7693757733603767,1.0,0.9999996776432813,0.0,1.0,0.0,1.0
full,lstm,PearlSCMRecourse,1,1,0,3351.628130692109,311.55746314033127,0.5,0.0,0.5,1.7206361147570466,0.30228848502253625,50,0,1,0.0,0.7681220390024845,1.0,0.999999010389739,0.0,1.0,0.0,1.0
full,lstm,PearlSCMRecourse,2,1,0,1215.7041377651426,114.47204295743936,0.501,0.0,0.5,1.727857437122715,0.5322957195875245,50,0,1,0.0,0.7455887627031395,1.0,0.9999996501868577,0.0,1.0,0.0,1.0
full,lstm,PearlSCMRecourse,3,0,1,2460.7564973406324,241.51030306774283,0.5,0.0,0.5,1.7174618051313424,0.3682667554230316,50,0,1,0.0,0.7584964658850151,1.0,0.99999946520873,0.0,0.0,,
full,lstm,PearlSCMRecourse,4,1,0,1557.817394120686,145.87704694050458,0.5,0.0,0.5,1.7291408896787623,0.4719700899904257,50,0,1,0.0,0.7955037696391792,1.0,0.9999994159662251,0.0,1.0,0.0,1.0
full,lstm,PearlSCMRecourse,5,0,1,1507.4735638374018,144.3785100096458,0.5,0.0,0.5,1.7358655825619074,0.4553257681454529,50,0,1,0.0,0.781546315257201,1.0,0.9999994745988945,0.0,0.0,,
full,lstm,PearlSCMRecourse,6,1,0,4588.826198775935,436.424677845305,0.5,0.0,0.5,1.724837214961953,0.23366855799524103,50,0,1,0.0,0.7887143926909038,1.0,0.9999986858074492,0.0,1.0,0.0,1.0
full,lstm,PearlSCMRecourse,7,1,0,2527.5790580265957,237.27801865729236,0.5,0.0,0.5,1.7285076753694923,0.35692110125849896,50,0,1,0.0,0.7849755854808166,1.0,0.999999324920456,0.0,1.0,0.0,1.0
full,lstm,PearlSCMRecourse,8,1,0,197.68336158477243,18.593423290432607,0.505,0.0,0.5,1.7278606054924923,0.8790975170261511,50,0,1,0.0,0.7645800890482874,1.0,0.9999999011995899,0.0,1.0,0.0,1.0
full,lstm,PearlSCMRecourse,9,1,0,3501.4386767072333,329.73216285554014,0.5,0.0,0.5,1.727901150043878,0.2786412924484567,50,0,1,0.0,0.715730164871397,1.0,0.9999985383178863,0.0,1.0,0.0,1.0
full,lstm,PearlSCMRecourse,10,0,1,2094.386683944104,196.29602117753632,0.504,0.0,0.5,1.7243837369004484,0.3867621317036269,50,0,1,0.0,0.782685913597708,1.0,0.9999992409987565,0.0,0.0,,
full,lstm,PearlSCMRecourse,11,1,0,1064.4583662430953,100.25742787768952,0.5,0.0,0.5,1.72794893484594,0.5473400706615701,50,0,1,0.0,0.7820561857679443,1.0,0.9999996959291587,0.0,1.0,0.0,1.0
full,lstm,PearlSCMRecourse,12,1,0,678.8741201498318,63.97510494752971,0.5,0.0,0.5,1.7276936448388553,0.6851697782669791,50,0,1,0.0,0.8031652782848606,1.0,0.9999996882443167,0.0,1.0,0.0,1.0
full,lstm,PearlSCMRecourse,13,1,0,5201.151800720517,489.3486105822858,0.5,0.0,0.5,1.7279971113824433,0.20852391201846174,50,0,1,0.0,0.7235959864852151,1.0,0.9999987570105919,0.0,1.0,0.0,1.0
full,lstm,PearlSCMRecourse,14,1,0,1864.9249119383117,175.18999405317572,0.5,0.0,0.5,1.7286456315781284,0.42815216907808973,50,0,1,0.0,0.788035728502862,1.0,0.9999993759922685,0.0,1.0,0.0,1.0
full,lstm,PearlSCMRecourse,15,1,0,1230.101735644483,116.01259189766957,0.5,0.0,0.5,1.7276024863383483,0.5395317252455006,50,0,1,0.0,0.7824103183617195,1.0,0.9999995144015557,0.0,1.0,0.0,1.0
full,lstm,PearlSCMRecourse,16,1,0,412.2891796336287,38.852319386603554,0.502,0.0,0.5,1.727820350463399,0.7672062046927426,50,0,1,0.0,0.7860529167859857,1.0,0.99999978492729,0.0,1.0,0.0,1.0
full,lstm,PearlSCMRecourse,17,0,1,2140.441162487329,197.42762985374947,0.5,0.0,0.5,1.7270230987064679,0.3949228093466666,50,0,1,0.0,0.7951193664371384,1.0,0.9999992943869757,0.0,0.0,,
full,lstm,PearlSCMRecourse,18,0,1,1002.8164271666587,97.08449805852278,0.269,0.0,0.25,1.688006583910403,0.6146749242031692,25,0,1,0.0,0.7790874575346818,1.0,0.9999997477041048,0.0,0.0,,
full,lstm,PearlSCMRecourse,19,1,0,319.01569568082346,29.99252456749305,0.504,0.0,0.5,1.7278716271392507,0.8333504964081697,50,0,1,0.0,0.8071833593196053,1.0,0.9999998490537595,0.0,1.0,0.0,1.0
full,lstm,PearlSCMRecourse,20,0,1,3416.820060922501,324.17817845926754,0.5,0.0,0.5,1.7138397680045512,0.30221554410279333,50,0,1,0.0,0.7582153394812658,1.0,0.9999989084349004,0.0,0.0,,
full,lstm,PearlSCMRecourse,21,0,1,3022.5557775404136,282.995071991933,0.5,0.0,0.5,1.7161088044425734,0.286641807287408,50,0,1,0.0,0.7686525436999099,1.0,0.9999989130235815,0.0,0.0,,
full,lstm,PearlSCMRecourse,22,1,0,1259.6855536631874,118.61681780196972,0.5,0.0,0.5,1.7280541297715417,0.5268062899885583,50,0,1,0.0,0.774482282678555,1.0,0.9999997081430513,0.0,1.0,0.0,1.0
full,lstm,PearlSCMRecourse,23,0,1,5212.501758272984,490.7198695235456,0.504,0.0,0.5,1.7232687619007736,0.2140838970146077,50,0,1,0.0,0.7722553515043786,1.0,0.9999985105730369,0.0,0.0,,
full,lstm,PearlSCMRecourse,24,0,1,2681.6057725772557,234.58904421511156,0.5,0.0,0.5,1.7362858135840729,0.3048551024853444,50,0,1,0.0,0.7809482478040177,1.0,0.9999993265892796,0.0,0.0,,
full,lstm,PearlSCMRecourse,25,1,0,3178.340367395394,300.34715644147917,0.5,0.0,0.5,1.7270323774002152,0.3018062535601022,50,0,1,0.0,0.7604016734255575,1.0,0.9999989899647876,0.0,1.0,0.0,1.0
full,lstm,PearlSCMRecourse,26,1,0,429.10072632942814,40.379602472716826,0.5,0.0,0.5,1.7275821628499322,0.7525021100417576,50,0,1,0.0,0.7913665046717662,1.0,0.9999998361738214,0.0,1.0,0.0,1.0
full,lstm,PearlSCMRecourse,27,1,0,5407.636748997321,509.5117759246626,0.5,0.0,0.5,1.7246723730152111,0.20789640582449434,50,0,1,0.0,0.7509616900910541,1.0,0.9999984308709757,0.0,1.0,0.0,1.0
full,lstm,PearlSCMRecourse,28,0,1,3625.035856426811,342.65942350643104,0.5,0.0,0.5,1.7002822740090355,0.29580847173553415,50,0,1,0.0,0.8109552183626078,1.0,0.9999984625672594,0.0,0.0,,
full,lstm,PearlSCMRecourse,29,1,0,2546.806138967847,242.99178007486648,0.5,0.0,0.5,1.7221540095542691,0.3540237784991482,50,0,1,0.0,0.7815063702487886,1.0,0.9999991822596707,0.0,1.0,0.0,1.0
full,lstm,PearlSCMRecourse,30,1,0,286.5439038525999,26.98503607081687,0.505,0.0,0.5,1.7279033608545031,0.803586236124926,50,0,1,0.0,0.77060832786405,1.0,0.9999998636747953,0.0,1.0,0.0,1.0
full,lstm,PearlSCMRecourse,31,0,1,3052.4149482756457,291.39757917142293,0.5,0.0,0.5,1.7197552166994996,0.31892841480288425,50,0,1,0.0,0.7570284939508775,1.0,0.9999988617030738,0.0,0.0,,
full,lstm,PearlSCMRecourse,32,1,0,2051.2425535028174,192.0786455156606,0.5,0.0,0.5,1.7292696338837499,0.4010166685290207,50,0,1,0.0,0.8027261298799632,1.0,0.9999994115098538,0.0,1.0,0.0,1.0
full,lstm,PearlSCMRecourse,33,1,0,273.9752269127456,25.807350783761645,0.504,0.0,0.5,1.7278339453434575,0.8586839875434005,50,0,1,0.0,0.7822889737021842,1.0,0.9999998618595192,0.0,1.0,0.0,1.0
full,lstm,PearlSCMRecourse,34,1,0,1057.3213090286174,99.63792151859083,0.5,0.0,0.5,1.7277874859986273,0.57048102018685,50,0,1,0.0,0.7881466608874811,1.0,0.9999995576380537,0.0,1.0,0.0,1.0
full,lstm,PearlSCMRecourse,35,1,0,1223.1519309043733,114.98441251189958,0.5,0.0,0.5,1.7285976924174586,0.5293505141954936,50,0,1,0.0,0.7869566436144546,1.0,0.9999994993889293,0.0,1.0,0.0,1.0
full,lstm,PearlSCMRecourse,36,1,0,712.8532748634711,67.06066604579836,0.5,0.0,0.5,1.7281984312169163,0.6712866396352448,50,0,1,0.0,0.8048973594334764,1.0,0.9999997982043219,0.0,1.0,0.0,1.0
full,lstm,PearlSCMRecourse,37,1,0,1761.4578459068293,166.151915191416,0.5,0.0,0.5,1.7274209772299796,0.44299250623444697,50,0,1,0.0,0.8056175000307946,1.0,0.9999995754354413,0.0,1.0,0.0,1.0
full,lstm,PearlSCMRecourse,38,0,1,2380.603522304542,215.03781850688063,0.5,0.0,0.5,1.7214329626220755,0.3049205794458043,50,0,1,0.0,0.7912690227943202,1.0,0.9999993579255312,0.0,0.0,,
full,lstm,PearlSCMRecourse,39,0,1,3514.2055336304124,337.7507190763812,0.501,0.0,0.5,1.7087027356054705,0.2960940708541302,50,0,1,0.0,0.7733872398935038,1.0,0.9999993057530482,0.0,0.0,,
full,lstm,PearlSCMRecourse,40,0,1,3801.2975625985796,356.03767522695466,0.5,0.0,0.5,1.6991777548808993,0.26641773091729803,50,0,1,0.0,0.7669398908600211,1.0,0.9999982552272434,0.0,0.0,,
full,lstm,PearlSCMRecourse,41,1,0,1049.7116197535022,98.61007291092429,0.5,0.0,0.5,1.7283912933261902,0.558648164225041,50,0,1,0.0,0.7733165803904312,1.0,0.9999995883434857,0.0,1.0,0.0,1.0
full,lstm,PearlSCMRecourse,42,1,0,3426.2915643658416,322.578386571288,0.5,0.0,0.5,1.7279979235788354,0.2820653400453963,50,0,1,0.0,0.7907947388078166,1.0,0.9999986372463624,0.0,1.0,0.0,1.0
full,lstm,PearlSCMRecourse,43,0,1,3274.0520325429684,310.3462088169814,0.5,0.0,0.5,1.71440358103778,0.3167943834300677,50,0,1,0.0,0.7664546923694192,1.0,0.9999985929317463,0.0,0.0,,
full,lstm,PearlSCMRecourse,44,0,1,3328.6713809559647,323.57333857455694,0.502,0.0,0.5,1.689363845457023,0.2919693131141423,50,0,1,0.0,0.7447679978952447,1.0,0.9999985788839554,0.0,0.0,,
full,lstm,PearlSCMRecourse,45,0,1,2048.381842123719,184.1787063564428,0.5,0.0,0.5,1.7287793064279664,0.35062363708985533,50,0,1,0.0,0.7739667512545457,1.0,0.9999993124151236,0.0,0.0,,
full,lstm,PearlSCMRecourse,46,1,0,4218.62553588931,396.9437733111782,0.5,0.0,0.5,1.7282804301901131,0.24607104794987766,50,0,1,0.0,0.7859463939690308,1.0,0.9999984888554745,0.0,1.0,0.0,1.0
full,lstm,PearlSCMRecourse,47,0,1,1949.082080083233,178.98934537898384,0.504,0.0,0.5,1.7328504665132218,0.3895660403829108,50,0,1,0.0,0.8124178248968332,1.0,0.9999992925638082,0.0,0.0,,
full,lstm,PearlSCMRecourse,48,0,1,2447.4956710101155,223.78878554276557,0.5,0.0,0.5,1.7008273849217792,0.3231835253584633,50,0,1,0.0,0.7585848516277895,1.0,0.9999992670000465,0.0,0.0,,
full,lstm,PearlSCMRecourse,49,1,0,1456.0839199397806,136.0376761665362,0.504,0.0,0.5,1.7301172254483612,0.48404768121061326,50,0,1,0.0,0.7952208303098398,1.0,0.9999993961783286,0.0,1.0,0.0,1.0
full,lstm,PearlSCMRecourse,50,0,1,4528.722573928129,438.0137315599546,0.5,0.0,0.5,1.725202217261362,0.2489409931020378,50,0,1,0.0,0.8072947779710117,1.0,0.9999979494864393,0.0,0.0,,
full,lstm,PearlSCMRecourse,51,1,0,3917.143095236827,371.2557304756774,0.5,0.0,0.5,1.7266468401915647,0.259870983727055,50,0,1,0.0,0.7723100440186601,1.0,0.9999985833183566,0.0,1.0,0.0,1.0
full,lstm,PearlSCMRecourse,52,0,1,3364.018072416639,316.60352473036755,0.5,0.0,0.5,1.719691313764345,0.2874767651689176,50,0,1,0.0,0.7549056521283151,1.0,0.9999988535352534,0.0,0.0,,
full,lstm,PearlSCMRecourse,53,0,1,2658.8789098195593,260.30262386539107,0.5,0.0,0.5,1.6859838786719499,0.339477276534696,50,0,1,0.0,0.7226512074022592,1.0,0.9999992145353815,0.0,0.0,,
full,lstm,PearlSCMRecourse,54,1,0,4594.227377598655,430.50907758732706,0.5,0.0,0.5,1.729258915178922,0.22826272103018677,50,0,1,0.0,0.7752311031550108,1.0,0.9999984863648999,0.0,1.0,0.0,1.0
full,lstm,PearlSCMRecourse,55,1,0,723.938902281624,68.32652981347438,0.5,0.0,0.5,1.7272125880401716,0.6486105054047308,50,0,1,0.0,0.7989873422523702,1.0,0.9999997383685916,0.0,1.0,0.0,1.0
full,lstm,PearlSCMRecourse,56,1,0,4649.115400630761,437.6542897338794,0.5,0.0,0.5,1.7261145794154629,0.2301987121588207,50,0,1,0.0,0.7864080311561366,1.0,0.9999986343571995,0.0,1.0,0.0,1.0
full,lstm,PearlSCMRecourse,57,0,1,3677.467988663069,346.20634965954514,0.504,0.0,0.5,1.7217030236355577,0.2706653009661677,50,0,1,0.0,0.770924919893283,1.0,0.9999990760393671,0.0,0.0,,
full,lstm,PearlSCMRecourse,58,1,0,1407.918353991736,132.47105629925954,0.5,0.0,0.5,1.7281808977063065,0.4967490627981156,50,0,1,0.0,0.7794866887714519,1.0,0.9999995829420253,0.0,1.0,0.0,1.0
full,lstm,PearlSCMRecourse,59,1,0,4186.304166005479,393.31889827664065,0.5,0.0,0.5,1.7263781444686492,0.24344597694927275,50,0,1,0.0,0.767285160419734,1.0,0.9999987156922823,0.0,1.0,0.0,1.0
full,lstm,PearlSCMRecourse,60,0,1,1489.7380383499608,130.1681910342584,0.5,0.0,0.5,1.7285920586814678,0.41582298890281394,50,0,1,0.0,0.8020377587546549,1.0,0.9999995896348025,0.0,0.0,,
full,lstm,PearlSCMRecourse,61,1,0,1780.4374011826499,166.8643572292302,0.5,0.0,0.5,1.7292724717815662,0.43789009333533035,50,0,1,0.0,0.8001399295132685,1.0,0.9999994433522094,0.0,1.0,0.0,1.0
full,lstm,PearlSCMRecourse,62,0,1,4316.482400112386,410.7435365844367,0.5,0.0,0.5,1.7259241938743621,0.24444353483151116,50,0,1,0.0,0.7993245871906051,1.0,0.9999984882418507,0.0,0.0,,
full,lstm,PearlSCMRecourse,63,1,0,4417.158340084951,417.78484350137944,0.5,0.0,0.5,1.717715114782288,0.24818707992994568,50,0,1,0.0,0.7431174238721036,1.0,0.9999983751688784,0.0,1.0,0.0,1.0
full,lstm,PearlSCMRecourse,64,1,0,3187.081563389761,303.4801062153669,0.5,0.0,0.5,1.7214071072758974,0.31270059599722244,50,0,1,0.0,0.7933451698485443,1.0,0.9999990950593067,0.0,1.0,0.0,1.0
full,lstm,PearlSCMRecourse,65,0,1,1893.0599435145064,177.6663449711801,0.5,0.0,0.5,1.7408615543633459,0.3800692396837501,50,0,1,0.0,0.7983062415532831,1.0,0.9999993783769181,0.0,0.0,,
full,lstm,PearlSCMRecourse,66,1,0,1010.4580027518747,95.12634608987368,0.5,0.0,0.5,1.7279607595926907,0.5642973505369645,50,0,1,0.0,0.732300267422477,1.0,0.9999994607336603,0.0,1.0,0.0,1.0
full,lstm,PearlSCMRecourse,67,1,0,2986.6500913617233,281.466550912027,0.5,0.0,0.5,1.7269897025381573,0.31739448930833564,50,0,1,0.0,0.7650678698417573,1.0,0.9999988215868966,0.0,1.0,0.0,1.0
full,lstm,PearlSCMRecourse,68,1,0,3162.968863254153,296.1432487246255,0.5,0.0,0.5,1.7292690412925313,0.2970420695328454,50,0,1,0.0,0.7467102999957488,1.0,0.9999987243512118,0.0,1.0,0.0,1.0
full,lstm,PearlSCMRecourse,69,1,0,172.86263015013904,16.266964744238365,0.507,0.0,0.5,1.7277732968787027,0.9082030056479213,50,0,1,0.0,0.7919329960700375,1.0,0.9999999387693548,0.0,1.0,0.0,1.0
full,lstm,PearlSCMRecourse,70,0,1,1773.710934539633,164.03166353349292,0.5,0.0,0.5,1.747625533950466,0.38188390589407895,50,0,1,0.0,0.7357414462047335,1.0,0.9999994767069109,0.0,0.0,,
full,lstm,PearlSCMRecourse,71,1,0,3372.9684463868716,317.25197090562637,0.5,0.0,0.5,1.7204478549131428,0.29841590686504366,50,0,1,0.0,0.7644338646251907,1.0,0.9999989069812033,0.0,1.0,0.0,1.0
full,lstm,PearlSCMRecourse,72,1,0,3348.3415870600425,316.89701788718696,0.5,0.0,0.5,1.7267247295734867,0.2956811048427362,50,0,1,0.0,0.7935129948092032,1.0,0.9999987959468238,0.0,1.0,0.0,1.0
full,lstm,PearlSCMRecourse,73,1,0,215.62862711153488,20.249514590486733,0.505,0.0,0.5,1.7278510069561859,0.8463476419193735,50,0,1,0.0,0.7900515515481351,1.0,0.999999912380234,0.0,1.0,0.0,1.0
full,lstm,PearlSCMRecourse,74,1,0,1845.06328474186,173.01165660188664,0.5,0.0,0.5,1.7289009199626832,0.4227737228027982,50,0,1,0.0,0.7904272698497751,1.0,0.9999992782398592,0.0,1.0,0.0,1.0
full,lstm,PearlSCMRecourse,75,0,1,1126.0337259285393,108.11578123321532,0.5,0.0,0.5,1.696245539397529,0.49964299810925533,50,0,1,0.0,0.7923229589172285,1.0,0.9999997507945805,0.0,0.0,,
full,lstm,PearlSCMRecourse,76,1,0,3246.0340865575454,305.80404070298846,0.5,0.0,0.5,1.7235951828259677,0.30632803957730825,50,0,1,0.0,0.7769798069525659,1.0,0.9999989073649338,0.0,1.0,0.0,1.0
full,lstm,PearlSCMRecourse,77,0,1,3174.3610875608993,296.1976223990998,0.5,0.0,0.5,1.7211378303877716,0.28966867796900725,50,0,1,0.0,0.7723813400999269,1.0,0.9999991157099081,0.0,0.0,,
full,lstm,PearlSCMRecourse,78,0,1,4829.180049505008,453.81610910048477,0.5,0.0,0.5,1.7246434043242826,0.22346316501525093,50,0,1,0.0,0.7609750161543515,1.0,0.9999984183988828,0.0,0.0,,
full,lstm,PearlSCMRecourse,79,1,0,2772.749792976661,261.63249576215765,0.5,0.0,0.5,1.7274639593166714,0.3303658840403754,50,0,1,0.0,0.7948053694664459,1.0,0.9999989040479879,0.0,1.0,0.0,1.0
full,lstm,PearlSCMRecourse,80,1,0,1098.4938787320916,103.58312691255354,0.5,0.0,0.5,1.7275232613245244,0.5630226758877896,50,0,1,0.0,0.8102668656024503,1.0,0.999999625890623,0.0,1.0,0.0,1.0
full,lstm,PearlSCMRecourse,81,1,0,1368.877856474932,128.98718994030168,0.5,0.0,0.5,1.7277596077645323,0.4917633042222216,50,0,1,0.0,0.7725315661415173,1.0,0.9999995007923818,0.0,1.0,0.0,1.0
full,lstm,PearlSCMRecourse,82,0,1,534.2544594266719,51.046115400482606,0.501,0.0,0.5,1.7162579919714396,0.6902774858961889,50,0,1,0.0,0.7548688208210169,1.0,0.9999997870527538,0.0,0.0,,
full,lstm,PearlSCMRecourse,83,1,0,2892.2290434185206,273.13776028678325,0.5,0.0,0.5,1.727178756289625,0.3188456402065215,50,0,1,0.0,0.7877962267391884,1.0,0.9999993733379883,0.0,1.0,0.0,1.0
full,lstm,PearlSCMRecourse,84,1,0,2360.7293084395087,222.40924477308278,0.504,0.0,0.5,1.7279041310717111,0.3638130153589364,50,0,1,0.0,0.7782365200112834,1.0,0.9999991452238961,0.0,1.0,0.0,1.0
full,lstm,PearlSCMRecourse,85,1,0,1172.577927535618,110.41136120923468,0.501,0.0,0.5,1.7279312137680165,0.5339050251751638,50,0,1,0.0,0.785142682393475,1.0,0.9999995714875235,0.0,1.0,0.0,1.0
full,lstm,PearlSCMRecourse,86,1,0,3732.2482862261945,351.7037340830403,0.5,0.0,0.5,1.7277739052861436,0.2685041402424968,50,0,1,0.0,0.7617451062418051,1.0,0.9999989237622009,0.0,1.0,0.0,1.0
full,lstm,PearlSCMRecourse,87,0,1,1800.6530530066175,163.15532919145687,0.5,0.0,0.5,1.7197011366682828,0.3577375246174179,50,0,1,0.0,0.7781818516416055,1.0,0.9999995385383333,0.0,0.0,,
full,lstm,PearlSCMRecourse,88,0,1,5227.382407557798,490.5353126374712,0.5,0.0,0.5,1.719457429533982,0.2176199049557239,50,0,1,0.0,0.781457484194758,1.0,0.9999985203113014,0.0,0.0,,
full,lstm,PearlSCMRecourse,89,1,0,2282.486853723934,215.3619128249061,0.5,0.0,0.5,1.7274109659281813,0.3744904369225216,50,0,1,0.0,0.8054877209562394,1.0,0.9999991895709873,0.0,1.0,0.0,1.0
full,lstm,PearlSCMRecourse,90,1,0,603.4861657667243,56.837036788209076,0.5,0.0,0.5,1.7280238991384735,0.7076990825948221,50,0,1,0.0,0.7840219126475904,1.0,0.9999997530296886,0.0,1.0,0.0,1.0
full,lstm,PearlSCMRecourse,91,0,1,3195.789720076342,312.33062604000787,0.5,0.0,0.5,1.706030025005321,0.297463097310347,50,0,1,0.0,0.7757039038835494,1.0,0.9999992930902176,0.0,0.0,,
full,lstm,PearlSCMRecourse,92,1,0,2369.9189406500473,223.703139766013,0.5,0.0,0.5,1.7273465384969384,0.37549008154391245,50,0,1,0.0,0.7789039767580568,1.0,0.9999990787309645,0.0,1.0,0.0,1.0
full,lstm,PearlSCMRecourse,93,0,1,5211.223545961554,508.53764594810207,0.5,0.0,0.5,1.6990065592356771,0.21497727842492936,50,0,1,0.0,0.7789562852299812,1.0,0.9999975618673705,0.0,0.0,,
full,lstm,PearlSCMRecourse,94,1,0,2103.854567059678,198.8215789352432,0.5,0.0,0.5,1.7265473770501096,0.39532200345754637,50,0,1,0.0,0.7563226168171567,1.0,0.9999991845728802,0.0,1.0,0.0,1.0
full,lstm,PearlSCMRecourse,95,1,0,4168.069857985358,390.96890896271253,0.5,0.0,0.5,1.729018814912491,0.24494200702893384,50,0,1,0.0,0.7694021939879478,1.0,0.9999987020585365,0.0,1.0,0.0,1.0
full,lstm,PearlSCMRecourse,96,0,1,4444.637618616605,414.87230685389494,0.5,0.0,0.5,1.7162403247914322,0.2532112118561105,50,0,1,0.0,0.7748235821321192,1.0,0.9999987420513963,0.0,0.0,,
full,lstm,PearlSCMRecourse,97,1,0,742.0978301378403,69.78729684798881,0.5,0.0,0.5,1.7281902655512735,0.6457604783769116,50,0,1,0.0,0.7782250121439169,1.0,0.9999997912578186,0.0,1.0,0.0,1.0
full,lstm,PearlSCMRecourse,98,1,0,675.1516000143736,63.58607360301963,0.503,0.0,0.5,1.7278674839724453,0.6813036425500569,50,0,1,0.0,0.799284911557541,1.0,0.9999998519627776,0.0,1.0,0.0,1.0
full,lstm,PearlSCMRecourse,99,1,0,2778.940886772156,262.0970594374045,0.5,0.0,0.5,1.7275300169205647,0.32663197354430734,50,0,1,0.0,0.7584291477671815,1.0,0.9999989850200289,0.0,1.0,0.0,1.0
full,lstm,TSCausal,0,1,0,259.2964406085179,11.022883622118403,0.004,0.0,0.0,1.304514708668561,0.0010087742599976682,0,0,100,1.0,0.9990990041933514,0.0,0.7828259564615154,1.0,0.0,1.0,0.0
full,lstm,TSCausal,1,1,0,285.1634630082355,12.05147144284754,0.003,0.0,0.0,1.305535139137068,0.0010341800279843234,0,0,100,1.0,0.9990633244708489,0.0,0.754743994079136,1.0,0.0,1.0,0.0
full,lstm,TSCausal,2,1,0,305.6743100220045,12.90757247852008,0.001,0.0,0.0,1.4349721701650036,0.001058959347858922,0,0,100,0.0,0.9988066714996677,0.0,0.7373897222765867,0.0,0.0,0.0,0.0
full,lstm,TSCausal,3,1,0,301.18045692291383,12.816970903073596,0.001,0.0,0.0,1.4571646177064423,0.0010241058192040535,0,0,100,0.0,0.9989894759923809,0.0,0.7521591794737756,0.0,0.0,0.0,0.0
full,lstm,TSCausal,4,1,0,269.00563749110097,11.640254626054817,0.002,0.0,0.0,1.489686092407617,0.0010362345071764693,0,0,100,1.0,0.9991708502840596,0.0,0.7694892939051059,1.0,0.0,1.0,0.0
full,lstm,TSCausal,5,1,0,249.86781992868157,10.534275179041684,0.006,0.0,0.0,1.3824189578894366,0.0010677040709516528,0,0,100,0.0,0.9988528597499278,0.0,0.7811712787339918,0.0,0.0,0.0,0.0
full,lstm,TSCausal,6,1,0,245.1776308585895,10.095778112175019,0.003,0.0,0.0,1.2812415890002575,0.0008820938312380043,0,0,100,1.0,0.9992888551201151,0.0,0.7874258776424087,1.0,0.0,1.0,0.0
full,lstm,TSCausal,7,1,0,247.458653993875,10.658159888844853,0.0,0.0,0.0,1.4329800289290568,0.0008550356447126839,0,0,100,1.0,0.9992183404061077,0.0,0.7910535660889919,1.0,0.0,1.0,0.0
full,lstm,TSCausal,8,1,0,293.5248895739386,12.202741519178867,0.0,0.0,0.0,1.4382776711765612,0.0010370473399850576,0,0,100,0.0,0.9988659745886922,0.0,0.7588254616580024,0.0,0.0,0.0,0.0
full,lstm,TSCausal,9,1,0,315.3379071634724,13.590252379432712,0.001,0.0,0.0,1.4275842470991718,0.0009592371323304625,0,0,100,1.0,0.9990570391561454,0.0,0.7363730834777361,1.0,0.0,1.0,0.0
full,lstm,TSCausal,10,1,0,257.7455963869411,10.404738260797842,0.005,0.0,0.0,1.304701656000079,0.0009485178529671742,0,0,100,1.0,0.9991624756976841,0.0,0.7788499170665426,1.0,0.0,1.0,0.0
full,lstm,TSCausal,11,1,0,281.22143974332414,11.70846840728421,0.003,0.0,0.0,1.3669351949921764,0.000944112466071177,0,0,100,1.0,0.9990402572683478,0.0,0.7606231623638955,1.0,0.0,1.0,0.0
full,lstm,TSCausal,12,1,0,231.2229039962517,9.521879778927715,0.005,0.0,0.0,1.3806824910795137,0.0009333222887772416,0,0,100,1.0,0.9991574943129995,0.0,0.8001274667101346,1.0,0.0,1.0,0.0
full,lstm,TSCausal,13,1,0,305.4433461709867,12.960969031245142,0.002,0.0,0.0,1.4183854024949474,0.0014257409129239593,0,0,100,0.0,0.998297628644337,0.0,0.7400799634386428,0.0,0.0,0.0,0.0
full,lstm,TSCausal,14,1,0,285.7401096745445,11.929412176712733,0.001,0.0,0.0,1.483574158367889,0.000983987374292214,0,0,100,0.0,0.998887197957551,0.0,0.7581462072734664,0.0,0.0,0.0,0.0
full,lstm,TSCausal,15,1,0,277.32923486234745,11.765290195395686,0.0,0.0,0.0,1.427638112678197,0.0009246332573661862,0,0,100,1.0,0.9991538230671698,0.0,0.7751646607179982,1.0,0.0,1.0,0.0
full,lstm,TSCausal,16,1,0,267.33702883534863,11.272882809869085,0.002,0.0,0.0,1.4757841384540704,0.0010001192947594875,0,0,100,1.0,0.9990832683604081,0.0,0.7671554597983614,1.0,0.0,1.0,0.0
full,lstm,TSCausal,17,1,0,255.07533168346941,10.758159592241947,0.005,0.0,0.0,1.3093284301225667,0.0009172819951469459,0,0,100,1.0,0.9992301541770001,0.0,0.7851489910904312,1.0,0.0,1.0,0.0
full,lstm,TSCausal,18,1,0,253.36188854507537,11.035714456602044,0.003,0.0,0.0,1.4193715823423323,0.0010259286414240777,0,0,100,0.0,0.9989698631537777,0.0,0.7808082547751909,0.0,0.0,0.0,0.0
full,lstm,TSCausal,19,1,0,233.70292062574956,9.808284204581295,0.002,0.0,0.0,1.495246922112955,0.0009889494354411875,0,0,100,1.0,0.9991021257654872,0.0,0.7976534498893804,1.0,0.0,1.0,0.0
full,lstm,TSCausal,20,1,0,279.70321857799007,11.726157502900348,0.004,0.0,0.0,1.3283550159475748,0.0009498071856344517,0,0,100,1.0,0.9990211010876554,0.0,0.7592945259031243,1.0,0.0,1.0,0.0
full,lstm,TSCausal,21,1,0,255.45808161666918,10.713601229374374,0.005,0.0,0.0,1.4420169705919823,0.0009020977837923355,0,0,100,1.0,0.9990890021556695,0.0,0.7822495018858239,1.0,0.0,1.0,0.0
full,lstm,TSCausal,22,1,0,242.8986497284522,10.4501604253663,0.003,0.0,0.0,1.4078601777784743,0.0011742960773440825,0,0,100,0.0,0.9987230283371531,0.0,0.7884657057686696,0.0,0.0,0.0,0.0
full,lstm,TSCausal,23,1,0,289.8584831448133,11.922885015803022,0.005,0.0,0.0,1.209273052056843,0.000932130485718367,0,0,100,1.0,0.9991347910896039,0.0,0.756368874357127,1.0,0.0,1.0,0.0
full,lstm,TSCausal,24,1,0,268.4261678996413,11.645169261155118,0.001,0.0,0.0,1.526844773340934,0.0009047957433514977,0,0,100,1.0,0.9991129296728226,0.0,0.7681512562089441,1.0,0.0,1.0,0.0
full,lstm,TSCausal,25,1,0,275.27924410136643,11.365632903650795,0.001,0.0,0.0,1.387507002518896,0.0008567641948821764,0,0,100,1.0,0.9992193980768018,0.0,0.7652789072989501,1.0,0.0,1.0,0.0
full,lstm,TSCausal,26,1,0,258.2007206837694,10.991270278757446,0.004,0.0,0.0,1.497519362011742,0.000949118283908183,0,0,100,0.0,0.998969294641142,0.0,0.7813919952570911,0.0,0.0,0.0,0.0
full,lstm,TSCausal,27,1,0,275.7016003459429,11.553939662406822,0.003,0.0,0.0,1.4113214862970382,0.0011985729846577485,0,0,100,0.0,0.9986569300426049,0.0,0.7587870184886136,0.0,0.0,0.0,0.0
full,lstm,TSCausal,28,1,0,252.1203812239098,10.611559582408434,0.002,0.0,0.0,1.489740849827818,0.0010270743260728102,0,0,100,0.0,0.9988424296810718,0.0,0.7864069163336156,0.0,0.0,0.0,0.0
full,lstm,TSCausal,29,1,0,263.3074376965146,11.098136688359387,0.005,0.0,0.0,1.2803268426570242,0.0010228663257025009,0,0,100,1.0,0.9990684733423567,0.0,0.771298309604875,1.0,0.0,1.0,0.0
full,lstm,TSCausal,30,1,0,275.8991098042692,11.514007854743218,0.004,0.0,0.0,1.4793748980061165,0.0012674918829132158,0,0,100,0.0,0.9986752131879777,0.0,0.7635294669058577,0.0,0.0,0.0,0.0
full,lstm,TSCausal,31,1,0,265.5104333784271,11.07508553278339,0.001,0.0,0.0,1.2579036387439548,0.0011232209429996877,0,0,100,0.0,0.998869567032947,0.0,0.7698048638068733,0.0,0.0,0.0,0.0
full,lstm,TSCausal,32,1,0,243.6417661344956,10.322476382692058,0.001,0.0,0.0,1.4393409460129467,0.0008994151303013738,0,0,100,1.0,0.9992183779985403,0.0,0.7901905919506503,1.0,0.0,1.0,0.0
full,lstm,TSCausal,33,1,0,243.34096282683572,10.232548734636637,0.003,0.0,0.0,1.3866862565700873,0.0008655936674952015,0,0,100,1.0,0.9993036301000986,0.0,0.7859096498583735,1.0,0.0,1.0,0.0
full,lstm,TSCausal,34,1,0,255.2864575566581,10.807680266261015,0.001,0.0,0.0,1.3177432261953075,0.0009017158047949327,0,0,100,1.0,0.999250697715547,0.0,0.7806224062147129,1.0,0.0,1.0,0.0
full,lstm,TSCausal,35,1,0,246.05730748397184,9.982858000588406,0.003,0.0,0.0,1.4061358959940318,0.001051010378746872,0,0,100,0.0,0.998911860493565,0.0,0.787301287485989,0.0,0.0,0.0,0.0
full,lstm,TSCausal,36,1,0,264.5655332357642,10.984245623814207,0.0,0.0,0.0,1.2872935780931203,0.0010644217599667244,0,0,100,1.0,0.9990325400268456,0.0,0.779813587801402,1.0,0.0,1.0,0.0
full,lstm,TSCausal,37,1,0,230.64701166586553,9.594152906311276,0.005,0.0,0.0,1.3891045770350623,0.0012393227778908604,0,0,100,0.0,0.998624335935284,0.0,0.7947436538951946,0.0,0.0,0.0,0.0
full,lstm,TSCausal,38,1,0,267.09225484194553,11.16122140520174,0.005,0.0,0.0,1.428169886998988,0.001128319798991028,0,0,100,0.0,0.998723530925415,0.0,0.7687040292199567,0.0,0.0,0.0,0.0
full,lstm,TSCausal,39,1,0,276.19388443445786,11.893106713786649,0.005,0.0,0.0,1.4866963289884503,0.001124363112050054,0,0,100,0.0,0.9989069544365342,0.0,0.7672526026387607,0.0,0.0,0.0,0.0
full,lstm,TSCausal,40,1,0,289.2396981663881,12.219362066634552,0.001,0.0,0.0,1.4795208928503567,0.0008802289572701886,0,0,100,1.0,0.9992486394282015,0.0,0.7549983449450643,1.0,0.0,1.0,0.0
full,lstm,TSCausal,41,1,0,253.50276422863027,10.742902781553184,0.001,0.0,0.0,1.3988960554419072,0.001126969683742741,0,0,100,0.0,0.9989490506074861,0.0,0.7819564477732125,0.0,0.0,0.0,0.0
full,lstm,TSCausal,42,1,0,269.39846977676757,11.36552979846382,0.002,0.0,0.0,1.3314450511396538,0.0010420552287684496,0,0,100,1.0,0.9990206533964754,0.0,0.7788803559778549,1.0,0.0,1.0,0.0
full,lstm,TSCausal,43,1,0,276.68312494169834,11.562452037482753,0.001,0.0,0.0,1.3725219149038415,0.0008974257750472793,0,0,100,1.0,0.9991542753849894,0.0,0.7700653327171624,1.0,0.0,1.0,0.0
full,lstm,TSCausal,44,1,0,305.69938861262693,12.94462283394817,0.001,0.0,0.0,1.4498414535208597,0.0009737863843432544,0,0,100,1.0,0.9990806417104383,0.0,0.7569376276421715,1.0,0.0,1.0,0.0
full,lstm,TSCausal,45,1,0,269.48898556093263,11.410551644968544,0.003,0.0,0.0,1.376399396817115,0.0008910809914974937,0,0,100,1.0,0.9992317259800788,0.0,0.7742084125490402,1.0,0.0,1.0,0.0
full,lstm,TSCausal,46,1,0,265.70135237656996,11.195186751790255,0.003,0.0,0.0,1.4008249063401275,0.0009598357464805304,0,0,100,1.0,0.9991384422304844,0.0,0.7740058440547365,1.0,0.0,1.0,0.0
full,lstm,TSCausal,47,1,0,260.876659603697,10.792176549189001,0.003,0.0,0.0,1.3792729710643583,0.0008958702165539935,0,0,100,1.0,0.9991244250411496,0.0,0.7740181106687628,1.0,0.0,1.0,0.0
full,lstm,TSCausal,48,1,0,264.36093319901045,11.270928297446403,0.003,0.0,0.0,1.2905165587560778,0.0009894293947603323,0,0,100,0.0,0.9990003391157111,0.0,0.7744084406128431,0.0,0.0,0.0,0.0
full,lstm,TSCausal,49,1,0,280.6656865867709,12.065367402835555,0.002,0.0,0.0,1.436643857425177,0.0008102784824292629,0,0,100,1.0,0.9992827162679375,0.0,0.7788288202640263,1.0,0.0,1.0,0.0
full,lstm,TSCausal,50,1,0,226.4732946783127,9.325690906122134,0.002,0.0,0.0,1.430550141806778,0.000907932212438101,0,0,100,1.0,0.9992072138055754,0.0,0.8024512551213739,1.0,0.0,1.0,0.0
full,lstm,TSCausal,51,1,0,269.67460374591917,11.077413284882429,0.0,0.0,0.0,1.317367236003503,0.000852536340047912,0,0,100,1.0,0.9993152721917304,0.0,0.7717760065091533,1.0,0.0,1.0,0.0
full,lstm,TSCausal,52,1,0,289.1257353234281,12.238949948686535,0.004,0.0,0.0,1.4304934406720213,0.0009054083024453236,0,0,100,1.0,0.9990665458145531,0.0,0.7528452318610048,1.0,0.0,1.0,0.0
full,lstm,TSCausal,53,1,0,308.31596672143485,12.955465442084305,0.001,0.0,0.0,1.4110478466242127,0.0008700069916771232,0,0,100,1.0,0.9991416090129757,0.0,0.7347306111919049,1.0,0.0,1.0,0.0
full,lstm,TSCausal,54,1,0,256.6010791355775,10.75819531416473,0.004,0.0,0.0,1.431969220187511,0.0009259800100113035,0,0,100,1.0,0.9991976971016086,0.0,0.778905241415885,1.0,0.0,1.0,0.0
full,lstm,TSCausal,55,1,0,266.8000286224876,11.193099239161578,0.001,0.0,0.0,1.3942790869103718,0.0011673499666238127,0,0,100,0.0,0.9987890267136782,0.0,0.7774869692001676,0.0,0.0,0.0,0.0
full,lstm,TSCausal,56,1,0,253.24249040058697,10.741715170612371,0.001,0.0,0.0,1.360752885493694,0.0009485653590702023,0,0,100,1.0,0.9990893619459359,0.0,0.784781239127194,1.0,0.0,1.0,0.0
full,lstm,TSCausal,57,1,0,274.19966511259906,11.505907313221096,0.001,0.0,0.0,1.3464541188551222,0.001210824660562972,0,0,100,0.0,0.9986171694674765,0.0,0.7680313775140177,0.0,0.0,0.0,0.0
full,lstm,TSCausal,58,1,0,269.9281552589973,11.331683172409845,0.009,0.0,0.0,1.4282075795024505,0.000965425545219454,0,0,100,1.0,0.9991045471314415,0.0,0.7708717671450699,1.0,0.0,1.0,0.0
full,lstm,TSCausal,59,1,0,251.93111305644757,10.720215249851217,0.006,0.0,0.0,1.3598635549693603,0.0008924015496281771,0,0,100,1.0,0.9992330739957078,0.0,0.7801610491080627,1.0,0.0,1.0,0.0
full,lstm,TSCausal,60,1,0,234.90039030616163,9.990580738761103,0.004,0.0,0.0,1.3499055768712138,0.0010240942622714371,0,0,100,0.0,0.9989553884781042,0.0,0.7928621108394565,0.0,0.0,0.0,0.0
full,lstm,TSCausal,61,1,0,274.0121574975504,11.365941877360644,0.001,0.0,0.0,1.3826807050449932,0.0012322824484680957,0,0,100,0.0,0.9986970021319801,0.0,0.76648494683804,0.0,0.0,0.0,0.0
full,lstm,TSCausal,62,1,0,258.119028650175,10.826131776561603,0.005,0.0,0.0,1.366034162442993,0.0009864453276083095,0,0,100,0.0,0.9989087387281091,0.0,0.7755088611045995,0.0,0.0,0.0,0.0
full,lstm,TSCausal,63,1,0,281.22024164475056,12.063931065672888,0.001,0.0,0.0,1.4287106645093672,0.000849051154887665,0,0,100,1.0,0.9991882954684824,0.0,0.7728745392403334,1.0,0.0,1.0,0.0
full,lstm,TSCausal,64,1,0,267.33803235799746,11.073299403480672,0.006,0.0,0.0,1.2983045212015498,0.0009719472498280616,0,0,100,1.0,0.9992210516053565,0.0,0.7675335426717503,1.0,0.0,1.0,0.0
full,lstm,TSCausal,65,1,0,250.24268100241937,10.355166979688175,0.003,0.0,0.0,1.2355868336573297,0.0010808643028413552,0,0,100,0.0,0.9989396222458164,0.0,0.7871416657613937,0.0,0.0,0.0,0.0
full,lstm,TSCausal,66,1,0,277.4150371106502,12.15844730528767,0.003,0.0,0.0,1.3854703262312085,0.0010967012377897105,0,0,100,0.0,0.9989087165724028,0.0,0.7601252003483195,0.0,0.0,0.0,0.0
full,lstm,TSCausal,67,1,0,297.80547207744894,12.74365861042005,0.002,0.0,0.0,1.4962064848263377,0.001144692758161074,0,0,100,0.0,0.9987468800814466,0.0,0.7515767482297171,0.0,0.0,0.0,0.0
full,lstm,TSCausal,68,1,0,286.72763926391247,12.272173971360138,0.002,0.0,0.0,1.5006315626201188,0.0011603510122691633,0,0,100,0.0,0.9988677366287911,0.0,0.7593397138594626,0.0,0.0,0.0,0.0
full,lstm,TSCausal,69,1,0,250.90198279440838,10.618551866594474,0.001,0.0,0.0,1.4350334170980097,0.0009881006462840332,0,0,100,0.0,0.9989735941223606,0.0,0.7886549883715323,0.0,0.0,0.0,0.0
full,lstm,TSCausal,70,1,0,274.367320805625,12.099507393624998,0.002,0.0,0.0,1.4986058261876742,0.001192520223414165,0,0,100,0.0,0.9987708832917539,0.0,0.7625555743943426,0.0,0.0,0.0,0.0
full,lstm,TSCausal,71,1,0,265.8558924092523,11.168430198468577,0.002,0.0,0.0,1.4093949084871815,0.0010210393553727146,0,0,100,0.0,0.9989126288192107,0.0,0.7672955336852453,0.0,0.0,0.0,0.0
full,lstm,TSCausal,72,1,0,270.55221371041586,11.811846232182402,0.003,0.0,0.0,1.526559077408376,0.0007962527992745505,0,0,100,1.0,0.999304456825677,0.0,0.7743590873407298,1.0,0.0,1.0,0.0
full,lstm,TSCausal,73,1,0,241.0320935885641,10.21161399733116,0.007,0.0,0.0,1.302450080784301,0.0013519570914991015,0,0,100,0.0,0.9984810648508596,0.0,0.7915300778106756,0.0,0.0,0.0,0.0
full,lstm,TSCausal,74,1,0,249.13858164618358,10.302786518904341,0.002,0.0,0.0,1.3466934352712732,0.0007560661763295684,0,0,100,1.0,0.9993941413647072,0.0,0.7828280845004987,1.0,0.0,1.0,0.0
full,lstm,TSCausal,75,1,0,271.4484113267634,11.440364255144225,0.002,0.0,0.0,1.4435087240121602,0.0007260304390614379,0,0,100,1.0,0.9994613207577322,0.0,0.7733640646050921,1.0,0.0,1.0,0.0
full,lstm,TSCausal,76,1,0,282.9753522303571,11.896323537561669,0.0,0.0,0.0,1.4677983880440129,0.0013522571957434622,0,0,100,0.0,0.9985708653035237,0.0,0.7591585166991222,0.0,0.0,0.0,0.0
full,lstm,TSCausal,77,1,0,339.0986060937624,14.446422755353483,0.005,0.0,0.0,1.5461254486477427,0.0012404612328059412,0,0,100,0.0,0.9985192146019857,0.0,0.7242864557214125,0.0,0.0,0.0,0.0
full,lstm,TSCausal,78,1,0,292.01673617222434,12.31455671274947,0.005,0.0,0.0,1.269401664465512,0.0011567319900061017,0,0,100,0.0,0.9988550370373079,0.0,0.7565924002788752,0.0,0.0,0.0,0.0
full,lstm,TSCausal,79,1,0,250.56283050859292,10.4118756908922,0.003,0.0,0.0,1.4242152450382464,0.0009940657850560498,0,0,100,0.0,0.9989054547101878,0.0,0.7900489416562682,0.0,0.0,0.0,0.0
full,lstm,TSCausal,80,1,0,242.6437798086617,10.229590729278856,0.003,0.0,0.0,1.4356348156895646,0.000947792782735771,0,0,100,1.0,0.9990881090718883,0.0,0.7887467059973422,1.0,0.0,1.0,0.0
full,lstm,TSCausal,81,1,0,297.46153310143285,12.675252716681763,0.002,0.0,0.0,1.3699465137960574,0.0011242211336556162,0,0,100,0.0,0.9988994957360396,0.0,0.7559386290058197,0.0,0.0,0.0,0.0
full,lstm,TSCausal,82,1,0,282.2039542066297,11.62640610527655,0.001,0.0,0.0,1.2624561156579885,0.0009316526226822194,0,0,100,1.0,0.9992406262250437,0.0,0.7650653571473996,1.0,0.0,1.0,0.0
full,lstm,TSCausal,83,1,0,267.5608251945604,11.223957449260626,0.001,0.0,0.0,1.4338841973168057,0.0013441710214550026,0,0,100,0.0,0.9986385406365481,0.0,0.7690781008553287,0.0,0.0,0.0,0.0
full,lstm,TSCausal,84,1,0,265.1086021083556,10.824984661354488,0.001,0.0,0.0,1.4522978122928643,0.0008469227095497527,0,0,100,1.0,0.999348520592274,0.0,0.7733394564324071,1.0,0.0,1.0,0.0
full,lstm,TSCausal,85,1,0,253.70132992452778,10.799283205180968,0.009,0.0,0.0,1.4101565699841145,0.0009518492493909297,0,0,100,1.0,0.99902190035767,0.0,0.7830807578372149,1.0,0.0,1.0,0.0
full,lstm,TSCausal,86,1,0,262.84030036600336,10.897193230332725,0.003,0.0,0.0,1.4310815266139123,0.0010322133868986665,0,0,100,1.0,0.9990137420353314,0.0,0.7750922025909844,1.0,0.0,1.0,0.0
full,lstm,TSCausal,87,1,0,249.0593067120668,10.403120390710416,0.003,0.0,0.0,1.3310076488880458,0.0008487291284692477,0,0,100,1.0,0.9993230364842273,0.0,0.7822301064073283,1.0,0.0,1.0,0.0
full,lstm,TSCausal,88,1,0,246.09585889272796,10.262310201217687,0.003,0.0,0.0,1.4506916160610455,0.0011563328403661616,0,0,100,0.0,0.9986642761590938,0.0,0.7835066127704009,0.0,0.0,0.0,0.0
full,lstm,TSCausal,89,1,0,258.83229430701783,11.24246597439335,0.003,0.0,0.0,1.5125858764689468,0.0009566645841025804,0,0,100,0.0,0.9989636835885806,0.0,0.7746480348348854,0.0,0.0,0.0,0.0
full,lstm,TSCausal,90,1,0,274.1607146641502,11.635620939823692,0.001,0.0,0.0,1.5027977999907454,0.0011488090918796833,0,0,100,0.0,0.9987215079601144,0.0,0.7717930115944981,0.0,0.0,0.0,0.0
full,lstm,TSCausal,91,1,0,240.926080811855,10.174119753402932,0.004,0.0,0.0,1.3495747638728601,0.0008508294859088067,0,0,100,1.0,0.9992424482636715,0.0,0.7890786433060243,1.0,0.0,1.0,0.0
full,lstm,TSCausal,92,1,0,264.6702836377443,11.240907884175451,0.004,0.0,0.0,1.310807286653809,0.0009554172704855616,0,0,100,1.0,0.9991252134070934,0.0,0.7767612512299131,1.0,0.0,1.0,0.0
full,lstm,TSCausal,93,1,0,258.46341266187835,11.124179584556257,0.002,0.0,0.0,1.3413853876980408,0.0008903524241849061,0,0,100,1.0,0.9993209546493577,0.0,0.7768977579237529,1.0,0.0,1.0,0.0
full,lstm,TSCausal,94,1,0,275.07133733325054,11.602746479607609,0.004,0.0,0.0,1.3807337404769802,0.0008313327320898717,0,0,100,1.0,0.9993040161484512,0.0,0.7722116755313411,1.0,0.0,1.0,0.0
full,lstm,TSCausal,95,1,0,291.28390595164694,12.189576034291063,0.002,0.0,0.0,1.3314469607285395,0.0011109511281853313,0,0,100,0.0,0.9988382507051092,0.0,0.7501376267670342,0.0,0.0,0.0,0.0
full,lstm,TSCausal,96,1,0,268.7240809900924,11.024477703879015,0.003,0.0,0.0,1.3998226150461035,0.0010850727484660071,0,0,100,0.0,0.9988414011579305,0.0,0.7747713373998703,0.0,0.0,0.0,0.0
full,lstm,TSCausal,97,1,0,271.1631947363343,11.524358622456468,0.004,0.0,0.0,1.4832954412829473,0.0011357817423046886,0,0,100,0.0,0.9986691696221871,0.0,0.7713857867721049,0.0,0.0,0.0,0.0
full,lstm,TSCausal,98,1,0,277.2606714955911,11.699932860248609,0.003,0.0,0.0,1.4408316696816637,0.0010631295168219178,0,0,100,0.0,0.998928967520802,0.0,0.7709795059858755,0.0,0.0,0.0,0.0
full,lstm,TSCausal,99,1,0,277.9818054489325,11.965492592979022,0.004,0.0,0.0,1.5039319948608176,0.0009574932049931751,0,0,100,1.0,0.999094006628827,0.0,0.768494963009337,1.0,0.0,1.0,0.0
