benchmark,classifier,method,instance,validity,no_cf_found,proximity_l1,proximity_l2,sparsity,sparsity_channels,sparsity_timepoints,trsi,scm_noise_plausibility,intervention_t,vacuous,do_complexity,cf_faith_rollout_hard,cf_faith_rollout_soft,cf_faith_pearl_hard,cf_faith_pearl_soft,cf_faith_rollout_hard_valid,cf_faith_pearl_hard_valid,cf_faith_rollout_hard_given_valid,cf_faith_pearl_hard_given_valid
full_nl,lstm,CftsCOMTE,0,1,0,15.461300586146226,2.016570896283501,0.901,0.9,0.01,1.2018107588836477,0.9840367433179467,0,0,100,0.0,0.8785657471542399,0.0,0.9846589784877338,0.0,0.0,0.0,0.0
full_nl,lstm,CftsCOMTE,1,1,0,12.189919686974218,1.6703498233479033,0.901,0.9,0.01,1.1735532265501132,0.9889361008262134,0,0,99,0.0,0.8817878779669146,0.0,0.9879118079836551,0.0,0.0,0.0,0.0
full_nl,lstm,CftsCOMTE,2,1,0,16.69556672552335,2.193914836023976,0.9,0.9,0.0,1.0248876410827963,0.9978438928947756,0,0,100,0.0,0.8754024899470291,0.0,0.9835305919329115,0.0,0.0,0.0,0.0
full_nl,lstm,CftsCOMTE,3,1,0,17.719773811586997,2.20791257413413,0.9,0.9,0.0,0.951635353590409,0.9725059772592993,0,0,100,0.0,0.8816573046219174,0.0,0.9824642860041276,0.0,0.0,0.0,0.0
full_nl,lstm,CftsCOMTE,4,1,0,17.56334651756869,2.3213704274352263,0.9,0.9,0.0,1.0986948154892942,0.9791773378467251,0,0,100,0.0,0.8835870517322229,0.0,0.9826782341780914,0.0,0.0,0.0,0.0
full_nl,lstm,CftsCOMTE,5,1,0,16.86534675773542,2.276821354124166,0.9,0.9,0.0,1.1548795497498652,0.9950592297079162,0,0,100,0.0,0.8796140700947503,0.0,0.983297279863207,0.0,0.0,0.0,0.0
full_nl,lstm,CftsCOMTE,6,1,0,18.414698274261198,2.4014437268690605,0.901,0.9,0.01,1.2134755967814304,0.9766910545809283,0,0,100,0.0,0.8795869146226019,0.0,0.981765437618453,0.0,0.0,0.0,0.0
full_nl,lstm,CftsCOMTE,7,1,0,13.972231857219263,1.7257445648421175,0.9,0.9,0.0,1.1809018223351297,0.9953972422325489,0,0,100,0.0,0.8807122716457328,0.0,0.9862425227006502,0.0,0.0,0.0,0.0
full_nl,lstm,CftsCOMTE,8,1,0,15.677039280800596,2.0496983782428484,0.901,0.9,0.01,1.0830360214812578,0.9768634522252683,0,0,100,0.0,0.8829659276653912,0.0,0.9845472559541065,0.0,0.0,0.0,0.0
full_nl,lstm,CftsCOMTE,9,1,0,12.829516630212051,1.6939619712675988,0.9,0.9,0.0,1.228447098815851,0.9619714722767939,0,0,100,0.0,0.8832400098641051,0.0,0.9872656313199486,0.0,0.0,0.0,0.0
full_nl,lstm,CftsCOMTE,10,1,0,16.02177012418361,2.0016814314505984,0.9,0.9,0.0,1.1227336657966083,0.9774551837251656,0,0,100,0.0,0.8784037380729939,0.0,0.9841711559156231,0.0,0.0,0.0,0.0
full_nl,lstm,CftsCOMTE,11,1,0,16.253704828773703,2.0797696120239726,0.9,0.9,0.0,1.1965849715090726,0.9781148646214313,0,0,100,0.0,0.88545090137016,0.0,0.9838793085989855,0.0,0.0,0.0,0.0
full_nl,lstm,CftsCOMTE,12,1,0,18.471314620216173,2.3155447935015903,0.9,0.9,0.0,1.1060773597203089,0.995573563817482,0,0,100,0.0,0.8833285145700132,0.0,0.9817054095123073,0.0,0.0,0.0,0.0
full_nl,lstm,CftsCOMTE,13,1,0,14.40989460676257,1.8468452407129297,0.9,0.9,0.0,1.2121500127102827,0.9536649868675937,0,0,100,0.0,0.8852696320343381,0.0,0.9856968921711386,0.0,0.0,0.0,0.0
full_nl,lstm,CftsCOMTE,14,1,0,17.603108238593183,2.2633992830738614,0.9,0.9,0.0,0.9716790637348239,0.9916502059854279,0,0,100,0.0,0.880501183082554,0.0,0.9825826651637267,0.0,0.0,0.0,0.0
full_nl,lstm,CftsCOMTE,15,1,0,15.435057027821234,1.9292503356308277,0.9,0.9,0.0,1.1298416664572144,0.9979990803840293,0,0,100,0.0,0.8760810658359545,0.0,0.9848025692501754,0.0,0.0,0.0,0.0
full_nl,lstm,CftsCOMTE,16,1,0,14.452055606782618,1.8720672183462428,0.9,0.9,0.0,1.1443298328082534,0.9746920693307011,0,0,100,0.0,0.8781277590668454,0.0,0.9856740433878582,0.0,0.0,0.0,0.0
full_nl,lstm,CftsCOMTE,17,1,0,15.52218450865076,1.958191101979685,0.901,0.9,0.01,1.1090589468504493,0.9927180466567329,0,0,100,0.0,0.8803161724903256,0.0,0.984781822027643,0.0,0.0,0.0,0.0
full_nl,lstm,CftsCOMTE,18,1,0,15.206054549700863,2.041375616013817,0.9,0.9,0.0,1.1889530480681398,0.9437592712588802,0,0,100,0.0,0.8824518244838233,0.0,0.98495902485643,0.0,0.0,0.0,0.0
full_nl,lstm,CftsCOMTE,19,1,0,16.15496890215398,2.1068854087901356,0.901,0.9,0.01,1.108216476322425,0.9774685493104012,0,0,100,0.0,0.8822777635273343,0.0,0.9839867098359801,0.0,0.0,0.0,0.0
full_nl,lstm,CftsCOMTE,20,1,0,16.04757630601623,2.1244481820401613,0.9,0.9,0.0,1.2719604411917216,0.9973645940394568,0,0,100,0.0,0.8817261629861189,0.0,0.9840854072343254,0.0,0.0,0.0,0.0
full_nl,lstm,CftsCOMTE,21,1,0,16.79641697233385,2.200200840382224,0.9,0.9,0.0,1.1602387390916842,0.9844797891553541,0,0,100,0.0,0.8719076488459669,0.0,0.983491977491924,0.0,0.0,0.0,0.0
full_nl,lstm,CftsCOMTE,22,1,0,14.362168522232155,1.9065796377624329,0.901,0.9,0.01,1.2851857826620503,0.9932981417853954,0,0,100,0.0,0.8793777829030848,0.0,0.9858425669463514,0.0,0.0,0.0,0.0
full_nl,lstm,CftsCOMTE,23,1,0,18.42687732794456,2.256078739191492,0.9,0.9,0.0,1.0462583918546138,0.9977974679964381,0,0,100,0.0,0.878290129317056,0.0,0.9819969882152468,0.0,0.0,0.0,0.0
full_nl,lstm,CftsCOMTE,24,1,0,14.976252604528984,1.913922999778598,0.901,0.9,0.01,1.1211324643173748,0.987144852903226,0,0,100,0.0,0.8835691170189021,0.0,0.9851731154306704,0.0,0.0,0.0,0.0
full_nl,lstm,CftsCOMTE,25,1,0,17.45193517073919,2.1461994842822776,0.9,0.9,0.0,1.013383365113525,0.9493875516408565,0,0,100,0.0,0.8710410856553126,0.0,0.9830237779523642,0.0,0.0,0.0,0.0
full_nl,lstm,CftsCOMTE,26,1,0,18.811638173746484,2.361891725701789,0.9,0.9,0.0,1.092116280601556,0.9792108173543806,0,0,100,0.0,0.8810582873422449,0.0,0.9815724361332671,0.0,0.0,0.0,0.0
full_nl,lstm,CftsCOMTE,27,1,0,12.445662630911269,1.6096462111368646,0.902,0.9,0.02,1.1766180373264647,0.9934713425415652,0,0,100,0.0,0.882545765160223,0.0,0.9876657624868451,0.0,0.0,0.0,0.0
full_nl,lstm,CftsCOMTE,28,1,0,15.15327807842786,1.862519009819262,0.9,0.9,0.0,1.2109020001201696,0.9798696910453422,0,0,100,0.0,0.8812319377156045,0.0,0.9849737940551401,0.0,0.0,0.0,0.0
full_nl,lstm,CftsCOMTE,29,1,0,15.115900733972165,1.929593619420167,0.9,0.9,0.0,1.1557498767539747,0.9794990246419393,0,0,100,0.0,0.8853073976931959,0.0,0.9850659719732783,0.0,0.0,0.0,0.0
full_nl,lstm,CftsCOMTE,30,1,0,14.854446782874843,1.9893280313186505,0.9,0.9,0.0,1.1867570669172027,0.9692203144685176,0,0,100,0.0,0.8853493110861501,0.0,0.9852926718049276,0.0,0.0,0.0,0.0
full_nl,lstm,CftsCOMTE,31,1,0,15.153471313218873,2.1029392857323455,0.9,0.9,0.0,1.164286469315794,0.9942796959416773,0,0,100,0.0,0.8816516708712168,0.0,0.9849610010255908,0.0,0.0,0.0,0.0
full_nl,lstm,CftsCOMTE,32,1,0,14.837141482171404,1.921686542454485,0.9,0.9,0.0,1.0607871168476906,0.9673082987667012,0,0,100,0.0,0.8849642150644832,0.0,0.9855075636581206,0.0,0.0,0.0,0.0
full_nl,lstm,CftsCOMTE,33,1,0,17.620672707146213,2.401899665587113,0.9,0.9,0.0,1.184059455408994,0.9752139711065462,0,0,100,0.0,0.8780490322836316,0.0,0.9825876286349635,0.0,0.0,0.0,0.0
full_nl,lstm,CftsCOMTE,34,1,0,16.31055574988308,2.0771398430071843,0.9,0.9,0.0,1.160446633404382,0.996108109607495,0,0,100,0.0,0.8818549780596978,0.0,0.9838757426670881,0.0,0.0,0.0,0.0
full_nl,lstm,CftsCOMTE,35,1,0,19.53294131621167,2.467152204596804,0.902,0.9,0.02,1.075157116227358,0.9956596345204535,0,0,100,0.0,0.8796241709695019,0.0,0.9806568355481705,0.0,0.0,0.0,0.0
full_nl,lstm,CftsCOMTE,36,1,0,16.684332895254634,2.061081251863889,0.9,0.9,0.0,0.9959879586062164,0.9965381828325769,0,0,100,0.0,0.8757642264232849,0.0,0.9835801953987069,0.0,0.0,0.0,0.0
full_nl,lstm,CftsCOMTE,37,1,0,13.506865481573811,1.7246907727964982,0.9,0.9,0.0,1.2638431208467853,0.960660152883924,0,0,100,0.0,0.8879298424653407,0.0,0.986795193043067,0.0,0.0,0.0,0.0
full_nl,lstm,CftsCOMTE,38,1,0,12.782787629854182,1.7300700467622627,0.901,0.9,0.01,1.2424644071983015,0.996097495294153,0,0,100,0.0,0.8817479911628678,0.0,0.9873659212670227,0.0,0.0,0.0,0.0
full_nl,lstm,CftsCOMTE,39,1,0,13.669731278274543,1.8371143606846279,0.9,0.9,0.0,1.1177685049804158,0.9588035182002352,0,0,100,0.0,0.8840602926459615,0.0,0.9866203410002622,0.0,0.0,0.0,0.0
full_nl,lstm,CftsCOMTE,40,1,0,14.528276471830523,1.8467472513805265,0.902,0.9,0.02,1.1744587194047396,0.9974997072150736,0,0,100,0.0,0.8783463323774493,0.0,0.9859300325454947,0.0,0.0,0.0,0.0
full_nl,lstm,CftsCOMTE,41,1,0,16.871577112121486,2.3035476931823355,0.9,0.9,0.0,1.0912685449346988,0.990511736091841,0,0,100,0.0,0.8753646771937796,0.0,0.9832942091264378,0.0,0.0,0.0,0.0
full_nl,lstm,CftsCOMTE,42,1,0,15.042677170567725,1.9458513083086422,0.9,0.9,0.0,1.1113069462542322,0.9609500082449599,0,0,100,0.0,0.8843016194669313,0.0,0.9851166249022396,0.0,0.0,0.0,0.0
full_nl,lstm,CftsCOMTE,43,1,0,15.864994832011906,2.064434686502208,0.9,0.9,0.0,1.111678216215286,0.991127980437066,0,0,100,0.0,0.8842691954926581,0.0,0.9842884175778452,0.0,0.0,0.0,0.0
full_nl,lstm,CftsCOMTE,44,1,0,15.850208390792055,1.9750810960081293,0.9,0.9,0.0,1.0656668034333663,0.977472893552682,0,0,100,0.0,0.8776376708529863,0.0,0.984340770024618,0.0,0.0,0.0,0.0
full_nl,lstm,CftsCOMTE,45,1,0,13.70836214153146,1.755790164421914,0.901,0.9,0.01,1.2438055855810846,0.9834830389539864,0,0,100,0.0,0.8777110569650357,0.0,0.9863973889370067,0.0,0.0,0.0,0.0
full_nl,lstm,CftsCOMTE,46,1,0,13.229257302517794,1.8549239073731907,0.901,0.9,0.01,1.1980645666818197,0.9806038147134561,0,0,100,0.0,0.878552199220741,0.0,0.9868586984108486,0.0,0.0,0.0,0.0
full_nl,lstm,CftsCOMTE,47,1,0,16.224166042528783,2.2157329540516364,0.9,0.9,0.0,1.0484403970259755,0.999941240631138,0,0,100,0.0,0.883361683894784,0.0,0.9839212650338521,0.0,0.0,0.0,0.0
full_nl,lstm,CftsCOMTE,48,1,0,17.722138669270876,2.3417587031788045,0.9,0.9,0.0,1.1557967385863412,0.9832560937397976,0,0,100,0.0,0.8840464141045878,0.0,0.9826006931984362,0.0,0.0,0.0,0.0
full_nl,lstm,CftsCOMTE,49,1,0,17.70938048951873,2.3879103156370958,0.9,0.9,0.0,1.0575800605716497,0.9875371906628364,0,0,100,0.0,0.88553437913901,0.0,0.9825724149119826,0.0,0.0,0.0,0.0
full_nl,lstm,CftsCOMTE,50,1,0,15.979260459829426,2.032843283185877,0.9,0.9,0.0,1.1580717934727511,0.9894901906788915,0,0,100,0.0,0.8747557381699572,0.0,0.9845573791713588,0.0,0.0,0.0,0.0
full_nl,lstm,CftsCOMTE,51,1,0,16.903722794804548,2.1783035703636457,0.9,0.9,0.0,1.0565172450420217,0.9827953277548265,0,0,100,0.0,0.8767481289856958,0.0,0.9832782573321158,0.0,0.0,0.0,0.0
full_nl,lstm,CftsCOMTE,52,1,0,15.040174817601258,2.0110639566020923,0.9,0.9,0.0,1.2332486112848036,0.9736781153752571,0,0,100,0.0,0.8714326344669024,0.0,0.985169003782812,0.0,0.0,0.0,0.0
full_nl,lstm,CftsCOMTE,53,1,0,15.934893154246321,2.1349155439475256,0.9,0.9,0.0,1.1641015212745127,0.9620375265763628,0,0,100,0.0,0.8834905919301056,0.0,0.9841981305294399,0.0,0.0,0.0,0.0
full_nl,lstm,CftsCOMTE,54,1,0,16.741821681763497,2.12950531660198,0.9,0.9,0.0,1.1876882018306794,0.9481247507082388,0,0,100,0.0,0.8777152056185936,0.0,0.9834448701154163,0.0,0.0,0.0,0.0
full_nl,lstm,CftsCOMTE,55,1,0,15.983017091882871,2.1427264123400374,0.901,0.9,0.01,1.035219658136873,0.9443359204146557,0,0,100,0.0,0.8830254067397519,0.0,0.9842451274163091,0.0,0.0,0.0,0.0
full_nl,lstm,CftsCOMTE,56,1,0,16.34265534944757,2.2090223427091984,0.901,0.9,0.01,1.0701235617279523,0.9991244538730978,0,0,100,0.0,0.8804085966156584,0.0,0.9838656384624471,0.0,0.0,0.0,0.0
full_nl,lstm,CftsCOMTE,57,1,0,12.797827826135395,1.6639565482159226,0.901,0.9,0.01,1.1962812642196883,0.9786681623402468,0,0,100,0.0,0.8773934042414692,0.0,0.9874915070723035,0.0,0.0,0.0,0.0
full_nl,lstm,CftsCOMTE,58,1,0,14.694182515478962,1.9542267842002699,0.901,0.9,0.01,1.190100673219516,0.9981758680635271,0,0,100,0.0,0.8812396500184628,0.0,0.9854230082468087,0.0,0.0,0.0,0.0
full_nl,lstm,CftsCOMTE,59,1,0,13.062188377409562,1.735623078129891,0.902,0.9,0.02,1.238904277152923,0.9814676120835188,0,0,100,0.0,0.8790438031195111,0.0,0.9870574913115863,0.0,0.0,0.0,0.0
full_nl,lstm,CftsCOMTE,60,1,0,18.140522144957988,2.282244512168864,0.9,0.9,0.0,1.0855399893148856,0.9861295089533001,0,0,100,0.0,0.8812142857458053,0.0,0.9824109310967953,0.0,0.0,0.0,0.0
full_nl,lstm,CftsCOMTE,61,1,0,16.948110073141862,2.185771678018204,0.9,0.9,0.0,1.190420386291206,0.9660780033874683,0,0,100,0.0,0.873945188886285,0.0,0.9832336415747969,0.0,0.0,0.0,0.0
full_nl,lstm,CftsCOMTE,62,1,0,14.936383441828923,1.799881660102289,0.9,0.9,0.0,1.1665347217585151,0.981339137176067,0,0,100,0.0,0.8809593247229127,0.0,0.9852754979651052,0.0,0.0,0.0,0.0
full_nl,lstm,CftsCOMTE,63,1,0,15.142310516503859,1.9249897879289035,0.9,0.9,0.0,1.4388206232999867,0.9819921377053044,0,0,100,0.0,0.8818309948169073,0.0,0.9850605321513007,0.0,0.0,0.0,0.0
full_nl,lstm,CftsCOMTE,64,1,0,17.015892840373507,2.1138003847797258,0.9,0.9,0.0,0.9329558607355674,0.9927670300585971,0,0,100,0.0,0.8761757701721118,0.0,0.9831346479056955,0.0,0.0,0.0,0.0
full_nl,lstm,CftsCOMTE,65,1,0,14.608275618286104,1.911090777970412,0.9,0.9,0.0,1.1838342487234375,0.9857846586758869,0,0,100,0.0,0.88552449571496,0.0,0.9854987103216482,0.0,0.0,0.0,0.0
full_nl,lstm,CftsCOMTE,66,1,0,14.694374392504507,1.8775162303056876,0.9,0.9,0.0,1.1709248421447063,0.9454704004124818,0,0,100,0.0,0.8861796798717663,0.0,0.9854782787689016,0.0,0.0,0.0,0.0
full_nl,lstm,CftsCOMTE,67,1,0,16.91752805598512,2.1936214128034552,0.9,0.9,0.0,1.1387665240857658,0.9907817092054662,0,0,100,0.0,0.8800278361010214,0.0,0.983558323368566,0.0,0.0,0.0,0.0
full_nl,lstm,CftsCOMTE,68,1,0,15.306303527322775,1.9231542165883746,0.9,0.9,0.0,1.1515512481523242,0.9466227766776609,0,0,100,0.0,0.885720343996996,0.0,0.9848124828079577,0.0,0.0,0.0,0.0
full_nl,lstm,CftsCOMTE,69,1,0,14.364865495627601,1.8943452173399116,0.9,0.9,0.0,1.3195517862221982,0.9897287471901288,0,0,100,0.0,0.8783108229298195,0.0,0.9857540814223195,0.0,0.0,0.0,0.0
full_nl,lstm,CftsCOMTE,70,1,0,16.64220812084026,2.1601672202315716,0.9,0.9,0.0,1.1359332691783413,0.9779255166306919,0,0,100,0.0,0.8729132432219663,0.0,0.9835449370041782,0.0,0.0,0.0,0.0
full_nl,lstm,CftsCOMTE,71,1,0,17.55631110853852,2.305409577346732,0.901,0.9,0.01,0.9578470228311905,0.9880312346401432,0,0,100,0.0,0.8746622671770302,0.0,0.9826795877397477,0.0,0.0,0.0,0.0
full_nl,lstm,CftsCOMTE,72,1,0,18.95268913672745,2.5030245787778918,0.901,0.9,0.01,1.2174513940558978,0.9812972018114826,0,0,100,0.0,0.8744984339093068,0.0,0.9814717835356733,0.0,0.0,0.0,0.0
full_nl,lstm,CftsCOMTE,73,1,0,16.30464726605478,2.0551889616562153,0.9,0.9,0.0,1.1839773131748035,0.9929476345321657,0,0,100,0.0,0.8796256838581384,0.0,0.9839895015359634,0.0,0.0,0.0,0.0
full_nl,lstm,CftsCOMTE,74,1,0,16.044266691178485,1.9997368215711941,0.901,0.9,0.01,1.0959148430633887,0.9857865001743522,0,0,100,0.0,0.8797869759134245,0.0,0.9840962956167945,0.0,0.0,0.0,0.0
full_nl,lstm,CftsCOMTE,75,1,0,18.341008877129607,2.4248397012827536,0.9,0.9,0.0,1.1570357902005861,0.9601826258866073,0,0,100,0.0,0.8796165892106627,0.0,0.9820586204165469,0.0,0.0,0.0,0.0
full_nl,lstm,CftsCOMTE,76,1,0,16.241977634696774,2.0494302711309116,0.9,0.9,0.0,1.1456178054511068,0.9804494745754412,0,0,100,0.0,0.8821215690292221,0.0,0.9838970488838589,0.0,0.0,0.0,0.0
full_nl,lstm,CftsCOMTE,77,1,0,16.728925987891273,2.1669499912179253,0.9,0.9,0.0,1.109756667126177,0.961290148977197,0,0,100,0.0,0.8828525459740614,0.0,0.9834703859348596,0.0,0.0,0.0,0.0
full_nl,lstm,CftsCOMTE,78,1,0,17.223637215370065,2.151179089862561,0.9,0.9,0.0,1.0120780012533621,0.9887109805589076,0,0,100,0.0,0.8737438533274363,0.0,0.982929091604077,0.0,0.0,0.0,0.0
full_nl,lstm,CftsCOMTE,79,1,0,15.718850292876386,2.0196878688153586,0.9,0.9,0.0,1.0860760328184076,0.9661140996509018,0,0,100,0.0,0.8706786207640436,0.0,0.984520937996286,0.0,0.0,0.0,0.0
full_nl,lstm,CftsCOMTE,80,1,0,15.58037828458508,2.054374335111371,0.9,0.9,0.0,1.2962491664399078,0.9966445807874488,0,0,100,0.0,0.8800928986624625,0.0,0.9847952384926866,0.0,0.0,0.0,0.0
full_nl,lstm,CftsCOMTE,81,1,0,16.30765570920393,2.175242801876183,0.9,0.9,0.0,1.0529508390979194,0.9886324734813444,0,0,100,0.0,0.8748677988653021,0.0,0.9838303794012708,0.0,0.0,0.0,0.0
full_nl,lstm,CftsCOMTE,82,1,0,15.086335093279622,1.9858522683881854,0.9,0.9,0.0,1.2130684062363921,0.9937150736063024,0,0,100,0.0,0.8798169995890235,0.0,0.9850495149376705,0.0,0.0,0.0,0.0
full_nl,lstm,CftsCOMTE,83,1,0,16.756895928762663,2.1486477084242064,0.9,0.9,0.0,1.1365549978194998,0.9791530577077512,0,0,100,0.0,0.8705865966657986,0.0,0.9833982305657931,0.0,0.0,0.0,0.0
full_nl,lstm,CftsCOMTE,84,1,0,17.402923208444808,2.376210872227955,0.901,0.9,0.01,1.0754202125597103,0.9746617363183532,0,0,100,0.0,0.8762312030277031,0.0,0.9828080470114668,0.0,0.0,0.0,0.0
full_nl,lstm,CftsCOMTE,85,1,0,13.221789747332291,1.6406149140947797,0.9,0.9,0.0,1.1386171316362066,0.9292743132791248,0,0,100,0.0,0.8865892405132578,0.0,0.9869109014858091,0.0,0.0,0.0,0.0
full_nl,lstm,CftsCOMTE,86,1,0,18.240719882784934,2.422130389253359,0.9,0.9,0.0,1.132046912711605,0.9970490559908877,0,0,100,0.0,0.877543243595759,0.0,0.9819819767649223,0.0,0.0,0.0,0.0
full_nl,lstm,CftsCOMTE,87,1,0,16.06830397505553,2.1414867088092837,0.901,0.9,0.01,1.2062270314329948,0.9604038084613071,0,0,100,0.0,0.881496595381148,0.0,0.9841103073606329,0.0,0.0,0.0,0.0
full_nl,lstm,CftsCOMTE,88,1,0,12.053518749793305,1.58950036122195,0.902,0.9,0.02,1.2894050587901427,0.9694725443998071,0,0,99,0.0,0.8822820424417424,0.0,0.9880880090221137,0.0,0.0,0.0,0.0
full_nl,lstm,CftsCOMTE,89,1,0,15.5015831752669,1.9783746566014944,0.9,0.9,0.0,1.1189049153198072,0.9503051223255163,0,0,100,0.0,0.8740669849779744,0.0,0.9849335433746785,0.0,0.0,0.0,0.0
full_nl,lstm,CftsCOMTE,90,1,0,16.2788918877944,2.068682271262758,0.9,0.9,0.0,1.0428019637647021,0.9896847949332099,0,0,100,0.0,0.8757709818084801,0.0,0.9838793057120021,0.0,0.0,0.0,0.0
full_nl,lstm,CftsCOMTE,91,1,0,18.23506289322801,2.3469309767362514,0.9,0.9,0.0,1.0125097329540806,0.9838998630457267,0,0,100,0.0,0.8810900150222333,0.0,0.9819315735659303,0.0,0.0,0.0,0.0
full_nl,lstm,CftsCOMTE,92,1,0,15.346887624498411,2.0149033960600207,0.9,0.9,0.0,1.1642260491295344,0.9959952507816097,0,0,100,0.0,0.8829442737919082,0.0,0.9849039996112419,0.0,0.0,0.0,0.0
full_nl,lstm,CftsCOMTE,93,1,0,18.337445244835912,2.3729403965578513,0.9,0.9,0.0,1.1478288040464557,0.9814697865646874,0,0,100,0.0,0.877819951920336,0.0,0.9818333757704449,0.0,0.0,0.0,0.0
full_nl,lstm,CftsCOMTE,94,1,0,16.659744740210897,2.152745763045254,0.9,0.9,0.0,1.158931246380016,0.9887482526059957,0,0,100,0.0,0.8730658477691116,0.0,0.9834815876182575,0.0,0.0,0.0,0.0
full_nl,lstm,CftsCOMTE,95,1,0,14.638679548415064,1.8906995827960063,0.9,0.9,0.0,1.2664272129052774,0.9584159394441827,0,0,99,0.0,0.8731488140709778,0.0,0.9854767003959766,0.0,0.0,0.0,0.0
full_nl,lstm,CftsCOMTE,96,1,0,17.46915739190174,2.1380763040177504,0.9,0.9,0.0,1.0868801471932898,0.9842430843632807,0,0,100,0.0,0.8771641411340887,0.0,0.9827543048981617,0.0,0.0,0.0,0.0
full_nl,lstm,CftsCOMTE,97,1,0,15.87851138521286,2.0028188015088983,0.9,0.9,0.0,1.3732103657344914,0.9690943532950385,0,0,100,0.0,0.8762385226814049,0.0,0.9842673754070791,0.0,0.0,0.0,0.0
full_nl,lstm,CftsCOMTE,98,1,0,14.089750213606461,1.974173308142697,0.901,0.9,0.01,1.1775042201314427,0.9728339231397477,0,0,100,0.0,0.8855127549680587,0.0,0.9860271208092626,0.0,0.0,0.0,0.0
full_nl,lstm,CftsCOMTE,99,1,0,15.12535931887263,1.8938806440984495,0.9,0.9,0.0,1.089036301778095,0.9353302960055851,0,0,100,0.0,0.877472363329704,0.0,0.9849977966188621,0.0,0.0,0.0,0.0
full_nl,lstm,CftsCels,0,0,0,3.876588843051802e-05,2.9390104415196753e-05,1.0,1.0,1.0,0.9930144079793146,0.997532570285629,99,1,0,nan,nan,nan,nan,0.0,0.0,,
full_nl,lstm,CftsCels,1,0,0,1.7415990665091636e-05,6.23347805972063e-06,1.0,1.0,1.0,0.9074669005280278,0.9938831281750755,99,1,0,nan,nan,nan,nan,0.0,0.0,,
full_nl,lstm,CftsCels,2,0,0,2.690260085499649e-06,1.3120677612100691e-07,1.0,1.0,1.0,1.4236939285450325,0.9767458234335695,99,1,0,nan,nan,nan,nan,0.0,0.0,,
full_nl,lstm,CftsCels,3,0,0,5.5363475166209444e-06,1.3811004071473292e-06,1.0,1.0,1.0,1.3317951214915702,0.9675726669918362,99,1,0,nan,nan,nan,nan,0.0,0.0,,
full_nl,lstm,CftsCels,4,1,0,0.18720079420165922,0.1603051754003623,0.991,0.7,0.95,1.0411642948321658,0.9712869040325087,94,0,5,0.0,0.9265394756769032,0.0,0.9969495443073827,0.0,0.0,0.0,0.0
full_nl,lstm,CftsCels,5,0,0,6.585542394134305e-06,2.9341786417042415e-06,1.0,1.0,1.0,0.9225623962505015,0.9871701246526291,99,1,0,nan,nan,nan,nan,0.0,0.0,,
full_nl,lstm,CftsCels,6,0,0,6.799517607416171e-06,2.319489338605474e-06,1.0,1.0,1.0,1.1994151779592959,0.9898634868282351,99,1,0,nan,nan,nan,nan,0.0,0.0,,
full_nl,lstm,CftsCels,7,0,0,2.7827035432824443e-06,1.35501975153258e-07,1.0,1.0,1.0,1.4185492879264336,0.9802335166432913,99,1,0,nan,nan,nan,nan,0.0,0.0,,
full_nl,lstm,CftsCels,8,0,0,2.596778512995064e-06,1.3086807792887099e-07,1.0,1.0,1.0,1.4146794919102772,0.9569340452243409,99,1,0,nan,nan,nan,nan,0.0,0.0,,
full_nl,lstm,CftsCels,9,1,0,0.16317118296054064,0.13472978731800894,0.994,0.9,0.94,0.8914346534269243,0.9923403160495177,94,0,4,0.0,0.9193464792193735,0.0,0.9973738540114224,0.0,0.0,0.0,0.0
full_nl,lstm,CftsCels,10,0,0,2.720399765161405e-06,1.4053304366709393e-07,1.0,1.0,1.0,1.3904135122348253,0.9841424646658679,99,1,0,nan,nan,nan,nan,0.0,0.0,,
full_nl,lstm,CftsCels,11,1,0,0.18732868794521695,0.16868735851348704,0.996,0.9,0.96,0.9974903437839664,0.9921875229769962,95,0,5,0.0,0.9129562394391499,0.0,0.9963109652714291,0.0,0.0,0.0,0.0
full_nl,lstm,CftsCels,12,0,0,4.4003089532598436e-05,2.6651757421335747e-05,1.0,1.0,1.0,1.6608847717830042,0.9900200271882984,99,1,0,nan,nan,nan,nan,0.0,0.0,,
full_nl,lstm,CftsCels,13,1,0,0.3544988225092564,0.33958041796687866,0.996,0.8,0.97,1.0095205741525743,0.9472490101218829,96,0,3,0.0,0.9255852957835173,0.0,0.9913840655080101,0.0,0.0,0.0,0.0
full_nl,lstm,CftsCels,14,0,0,9.647960259122866e-06,3.3639810160965195e-06,1.0,1.0,1.0,1.5065707271685342,0.9913303068753028,99,1,0,nan,nan,nan,nan,0.0,0.0,,
full_nl,lstm,CftsCels,15,0,0,6.574279311908314e-06,3.6396782388205345e-06,1.0,1.0,1.0,1.855011566649085,0.9947573018876278,99,1,0,nan,nan,nan,nan,0.0,0.0,,
full_nl,lstm,CftsCels,16,0,0,2.777112309847868e-06,1.4271578110840298e-07,1.0,1.0,1.0,1.4096076123447325,0.9666434885686349,99,1,0,nan,nan,nan,nan,0.0,0.0,,
full_nl,lstm,CftsCels,17,0,0,2.84844238880198e-06,1.4224650357741073e-07,1.0,1.0,1.0,1.4346101788225367,0.9830739800387222,99,1,0,nan,nan,nan,nan,0.0,0.0,,
full_nl,lstm,CftsCels,18,1,0,0.06925176217898982,0.03559640527993204,0.989,0.3,0.96,1.1819298870231707,0.9434592399414535,96,0,4,0.0,0.9483111506002405,0.0,0.9984875442965834,0.0,0.0,0.0,0.0
full_nl,lstm,CftsCels,19,0,0,2.6769535270390783e-06,1.328119930484621e-07,1.0,1.0,1.0,1.4208274986247424,0.9909011227470013,99,1,0,nan,nan,nan,nan,0.0,0.0,,
full_nl,lstm,CftsCels,20,0,0,4.9630917581252026e-05,4.670602600855511e-05,1.0,1.0,1.0,2.0022060922294362,0.9773652958412196,99,1,0,nan,nan,nan,nan,0.0,0.0,,
full_nl,lstm,CftsCels,21,1,0,0.5109201080440525,0.10330066279624116,0.939,0.0,0.7,1.3148884723762513,0.9957128694590611,5,0,36,0.0,0.8738694015369372,1.0,0.9994667333883616,0.0,1.0,0.0,1.0
full_nl,lstm,CftsCels,22,1,0,0.1747800451034682,0.1366141764194607,0.992,0.6,0.95,1.1591448028972096,0.9961708742652983,93,0,6,0.0,0.9208480803876621,0.0,0.9975969567250483,0.0,0.0,0.0,0.0
full_nl,lstm,CftsCels,23,0,0,2.205478607750699e-05,9.93411430776755e-06,1.0,1.0,1.0,1.3822466827949516,0.9909970919466551,99,1,0,nan,nan,nan,nan,0.0,0.0,,
full_nl,lstm,CftsCels,24,0,0,2.698467987929205e-06,1.2735099707010024e-07,1.0,1.0,1.0,1.4587475249454505,0.9990497567955364,99,1,0,nan,nan,nan,nan,0.0,0.0,,
full_nl,lstm,CftsCels,25,1,0,0.06405912950755203,0.04047258483602235,0.995,0.7,0.97,0.9028321567856153,0.9434502271865051,95,0,4,0.0,0.8924629161422939,0.0,0.998793235856968,0.0,0.0,0.0,0.0
full_nl,lstm,CftsCels,26,1,0,0.07306134302820254,0.05223090867060796,0.991,0.4,0.97,1.0132742926675653,0.9882783469070232,97,0,3,0.0,0.926224426563242,0.0,0.997897860770531,0.0,0.0,0.0,0.0
full_nl,lstm,CftsCels,27,1,0,0.07866337389317186,0.05519228662140181,0.994,0.6,0.97,1.030760557988411,0.9972892864331505,97,0,3,0.0,0.9545777324166737,0.0,0.9978354288412413,0.0,0.0,0.0,0.0
full_nl,lstm,CftsCels,28,1,0,0.11905761670263557,0.07351504947521802,0.991,0.7,0.94,1.1711367341007413,0.9709500162207129,94,0,5,0.0,0.8880634637215391,0.0,0.998132385095433,0.0,0.0,0.0,0.0
full_nl,lstm,CftsCels,29,0,0,3.276006021782308e-05,3.0002533545263345e-05,1.0,1.0,1.0,1.9933049986502458,0.9971033214062845,99,1,0,nan,nan,nan,nan,0.0,0.0,,
full_nl,lstm,CftsCels,30,1,0,0.19923391177904817,0.146167357029756,0.995,0.8,0.96,0.7473261621358726,0.971022416290288,96,0,4,0.0,0.9246131525177629,0.0,0.995174050614909,0.0,0.0,0.0,0.0
full_nl,lstm,CftsCels,31,1,0,0.08104900202872392,0.04830733095843072,0.992,0.5,0.96,1.1447304654681825,0.9942970432377376,96,0,4,0.0,0.9317556812217938,0.0,0.9982581650777131,0.0,0.0,0.0,0.0
full_nl,lstm,CftsCels,32,0,0,1.0456210556748086e-05,5.563269740864332e-06,1.0,1.0,1.0,0.9582979706652286,0.9816185868701458,99,1,0,nan,nan,nan,nan,0.0,0.0,,
full_nl,lstm,CftsCels,33,0,0,9.003324917719949e-06,5.913342659029143e-06,1.0,1.0,1.0,1.0658760794237176,0.9953732713076414,99,1,0,nan,nan,nan,nan,0.0,0.0,,
full_nl,lstm,CftsCels,34,0,0,2.8119385560914853e-06,1.3661525341170873e-07,1.0,1.0,1.0,1.429395784501329,0.9987303610881053,99,1,0,nan,nan,nan,nan,0.0,0.0,,
full_nl,lstm,CftsCels,35,0,0,2.755936683940599e-06,1.3389530292727831e-07,1.0,1.0,1.0,1.4049062752647918,0.9942514439150877,99,1,0,nan,nan,nan,nan,0.0,0.0,,
full_nl,lstm,CftsCels,36,0,0,3.2236780532898454e-06,2.5024131826378285e-07,1.0,1.0,1.0,1.2679469953980396,0.9804519396418843,99,1,0,nan,nan,nan,nan,0.0,0.0,,
full_nl,lstm,CftsCels,37,1,0,0.1739589758742946,0.14131844240153643,0.996,0.8,0.96,1.1082737794165956,0.974857880561011,95,0,4,0.0,0.9071054606026043,0.0,0.9966162323482369,0.0,0.0,0.0,0.0
full_nl,lstm,CftsCels,38,0,0,3.6176809553021584e-06,7.119380792240834e-07,1.0,1.0,1.0,1.208568231317441,0.9960237658443359,99,1,0,nan,nan,nan,nan,0.0,0.0,,
full_nl,lstm,CftsCels,39,0,0,9.907305903788036e-05,7.188742884725222e-05,1.0,1.0,1.0,0.8109449940227198,0.9464260308739991,99,1,0,nan,nan,nan,nan,0.0,0.0,,
full_nl,lstm,CftsCels,40,1,0,0.06854247036367328,0.05442353319610212,0.996,0.7,0.97,0.9547203256159656,0.9999975281944172,97,0,2,0.0,0.9202289506389478,0.0,0.9978718967786023,0.0,0.0,0.0,0.0
full_nl,lstm,CftsCels,41,0,0,4.2538964468556185e-05,3.0236025432091972e-05,1.0,1.0,1.0,1.0296918398147699,0.9988227757676484,99,1,0,nan,nan,nan,nan,0.0,0.0,,
full_nl,lstm,CftsCels,42,1,0,0.2541225491802379,0.23165832735634584,0.992,0.4,0.97,0.9937679347342395,0.9859367265696048,97,0,2,0.0,0.9102240152519215,0.0,0.9917974382157932,0.0,0.0,0.0,0.0
full_nl,lstm,CftsCels,43,1,0,0.04434660947527443,0.02913915599773925,0.996,0.8,0.97,1.0809748867703275,0.9789957864521311,95,0,3,0.0,0.8890914945060193,1.0,0.9992523782255394,0.0,1.0,0.0,1.0
full_nl,lstm,CftsCels,44,0,0,4.0581059694807294e-05,1.8906779443516564e-05,1.0,1.0,1.0,1.2766536865237192,0.9856633523215456,99,1,0,nan,nan,nan,nan,0.0,0.0,,
full_nl,lstm,CftsCels,45,0,0,3.687191899203715e-05,3.081937964443049e-05,1.0,1.0,1.0,1.0444522976888317,0.9864689025858987,99,1,0,nan,nan,nan,nan,0.0,0.0,,
full_nl,lstm,CftsCels,46,1,0,0.07249476422667553,0.05508979117610469,0.994,0.6,0.97,1.0290099434412814,0.9809858370235055,93,0,3,0.0,0.9103321345279891,1.0,0.9990055839872286,0.0,1.0,0.0,1.0
full_nl,lstm,CftsCels,47,0,0,1.4558150256477852e-05,9.490592317980427e-06,1.0,1.0,1.0,0.9502021544313213,0.9965559597732809,99,1,0,nan,nan,nan,nan,0.0,0.0,,
full_nl,lstm,CftsCels,48,1,0,0.23228968517056275,0.22023188245230121,0.997,0.7,0.98,1.0085790785505069,0.9910730523916619,98,0,2,0.0,0.939264741877338,0.0,0.9889357984319004,0.0,0.0,0.0,0.0
full_nl,lstm,CftsCels,49,1,0,0.16066275278717326,0.14758584888943463,0.997,0.9,0.97,1.0067667256984951,0.9848843801891574,97,0,3,0.0,0.9583397123714925,0.0,0.9948916636107353,0.0,0.0,0.0,0.0
full_nl,lstm,CftsCels,50,0,0,3.2329869840821545e-05,2.342992059744766e-05,1.0,1.0,1.0,1.011479394440227,0.9979153560841854,99,1,0,nan,nan,nan,nan,0.0,0.0,,
full_nl,lstm,CftsCels,51,0,0,2.9389124785884208e-06,1.485644354479587e-07,1.0,1.0,1.0,1.488844693826227,0.9540161074137421,99,1,0,nan,nan,nan,nan,0.0,0.0,,
full_nl,lstm,CftsCels,52,0,0,2.9824494829043535e-06,1.442526864054513e-07,1.0,1.0,1.0,1.405640760217916,0.9835930470382717,99,1,0,nan,nan,nan,nan,0.0,0.0,,
full_nl,lstm,CftsCels,53,0,0,2.756990133980907e-06,1.4316234710551062e-07,1.0,1.0,1.0,1.4334562173694827,0.9629521863910341,99,1,0,nan,nan,nan,nan,0.0,0.0,,
full_nl,lstm,CftsCels,54,1,0,0.41280466411406136,0.3802806081305034,0.992,0.6,0.94,1.0132840683257927,0.9431282463372248,93,0,6,0.0,0.8926976736348482,0.0,0.9941727261223104,0.0,0.0,0.0,0.0
full_nl,lstm,CftsCels,55,1,0,0.16327007715867886,0.14463426574224691,0.995,0.6,0.97,1.0206879740699486,0.9456583255538153,97,0,3,0.0,0.927872968879182,0.0,0.9948848833825962,0.0,0.0,0.0,0.0
full_nl,lstm,CftsCels,56,1,0,0.08385736969841756,0.06189470354141408,0.995,0.7,0.97,0.9342539322455428,0.993063032712247,94,0,3,0.0,0.9166783893496863,0.0,0.9986775479923634,0.0,0.0,0.0,0.0
full_nl,lstm,CftsCels,57,0,0,2.75666842273147e-06,1.4214770551950653e-07,1.0,1.0,1.0,1.4384435113381775,0.977814585403243,99,1,0,nan,nan,nan,nan,0.0,0.0,,
full_nl,lstm,CftsCels,58,0,0,2.8798636857033273e-05,1.6317348780841387e-05,1.0,1.0,1.0,1.2353916990379115,0.9869814027188704,99,1,0,nan,nan,nan,nan,0.0,0.0,,
full_nl,lstm,CftsCels,59,0,0,3.066424424325899e-06,2.1852263296558174e-07,1.0,1.0,1.0,1.3372734370354977,0.9920152084162317,99,1,0,nan,nan,nan,nan,0.0,0.0,,
full_nl,lstm,CftsCels,60,1,0,0.10641282451434537,0.08317036623593076,0.994,0.6,0.98,1.0010727944051008,0.9818789111313274,98,0,2,0.0,0.9632310904009099,0.0,0.995617418886618,0.0,0.0,0.0,0.0
full_nl,lstm,CftsCels,61,0,0,2.8754429110865523e-06,1.4655896552005972e-07,1.0,1.0,1.0,1.4577680701196063,0.9359267651809647,99,1,0,nan,nan,nan,nan,0.0,0.0,,
full_nl,lstm,CftsCels,62,0,0,3.728523871175432e-05,3.437948645319742e-05,1.0,1.0,1.0,1.999720200906318,0.9879821296237904,99,1,0,nan,nan,nan,nan,0.0,0.0,,
full_nl,lstm,CftsCels,63,0,0,2.7536250955303293e-06,1.3511990953335965e-07,1.0,1.0,1.0,1.420571669449321,0.9937982904362398,99,1,0,nan,nan,nan,nan,0.0,0.0,,
full_nl,lstm,CftsCels,64,0,0,3.835529428825209e-06,7.21657025562138e-07,1.0,1.0,1.0,1.1505119726040118,0.9973893906106914,99,1,0,nan,nan,nan,nan,0.0,0.0,,
full_nl,lstm,CftsCels,65,0,0,2.639362206445636e-06,1.3324176872795486e-07,1.0,1.0,1.0,1.4502784769038053,0.9954840834378418,99,1,0,nan,nan,nan,nan,0.0,0.0,,
full_nl,lstm,CftsCels,66,0,0,2.8650510916533763e-06,2.0449479886383476e-07,1.0,1.0,1.0,1.3614111726704352,0.9553286553703685,99,1,0,nan,nan,nan,nan,0.0,0.0,,
full_nl,lstm,CftsCels,67,0,0,0.0020578512938062704,0.0006673502379102595,1.0,1.0,1.0,1.6665395805904888,0.995589904235756,99,1,0,nan,nan,nan,nan,0.0,0.0,,
full_nl,lstm,CftsCels,68,0,0,6.0046489632680985e-06,1.7496290746619433e-06,1.0,1.0,1.0,1.6389513236756017,0.9610766536378548,99,1,0,nan,nan,nan,nan,0.0,0.0,,
full_nl,lstm,CftsCels,69,1,0,0.09526545434855398,0.07657429543530912,0.994,0.6,0.97,1.028116157195553,0.9891579549646796,96,0,3,0.0,0.9022045630713037,0.0,0.9977516142297066,0.0,0.0,0.0,0.0
full_nl,lstm,CftsCels,70,1,0,0.19586887517861026,0.16436749191127442,0.993,0.6,0.96,0.9277174575724065,0.9716541457499058,96,0,4,0.0,0.9323266802103368,0.0,0.9953611679914707,0.0,0.0,0.0,0.0
full_nl,lstm,CftsCels,71,1,0,0.13881833612205355,0.08882978848894466,0.992,0.7,0.94,1.2602482097974292,0.9837527709551637,94,0,4,0.0,0.9053502640050916,0.0,0.9977742116251089,0.0,0.0,0.0,0.0
full_nl,lstm,CftsCels,72,1,0,0.13054292676403725,0.09711553875190262,0.991,0.4,0.97,1.0647369027869837,0.9925399980687145,97,0,3,0.0,0.9159470257186756,0.0,0.9961072258756947,0.0,0.0,0.0,0.0
full_nl,lstm,CftsCels,73,1,0,0.07339011381536126,0.038624459739231336,0.993,0.7,0.95,0.7801226664588444,0.9999480291736679,93,0,5,0.0,0.897570223331033,1.0,0.9990078719161264,0.0,1.0,0.0,1.0
full_nl,lstm,CftsCels,74,1,0,0.10565933987061997,0.08915802686032503,0.997,0.8,0.98,1.007625129923806,0.9903900670636641,94,0,2,0.0,0.9206837124895965,0.0,0.9983033005112466,0.0,0.0,0.0,0.0
full_nl,lstm,CftsCels,75,0,0,3.053266403443421e-05,2.1742694032973286e-05,1.0,1.0,1.0,1.089531911863139,0.9915289157988291,99,1,0,nan,nan,nan,nan,0.0,0.0,,
full_nl,lstm,CftsCels,76,0,0,2.8074138432240825e-06,1.395962118742195e-07,1.0,1.0,1.0,1.4614959274074062,0.9966817550563138,99,1,0,nan,nan,nan,nan,0.0,0.0,,
full_nl,lstm,CftsCels,77,1,0,0.22874983900521795,0.21248218648819575,0.996,0.7,0.98,0.9893466160518226,0.9692580939222863,98,0,2,0.0,0.9361680633770506,0.0,0.9892573686574939,0.0,0.0,0.0,0.0
full_nl,lstm,CftsCels,78,0,0,9.861646759485579e-05,9.567818191894112e-05,1.0,1.0,1.0,2.0114547377140157,0.9900725088419999,99,1,0,nan,nan,nan,nan,0.0,0.0,,
full_nl,lstm,CftsCels,79,1,0,0.04333331734911825,0.018953551577724884,0.991,0.5,0.96,0.9076782449375291,0.9437000582754668,96,0,2,0.0,0.9186218387412671,1.0,0.9991649362549067,0.0,1.0,0.0,1.0
full_nl,lstm,CftsCels,80,0,0,2.5542963802685156e-06,1.270590619558689e-07,1.0,1.0,1.0,1.4040068199927287,0.9974563454751159,99,1,0,nan,nan,nan,nan,0.0,0.0,,
full_nl,lstm,CftsCels,81,1,0,0.320641779870634,0.2980412025037062,0.997,0.8,0.98,0.98312884095859,0.9960252698786749,98,0,2,0.0,0.9340285836020938,0.0,0.9851621577712009,0.0,0.0,0.0,0.0
full_nl,lstm,CftsCels,82,0,0,3.22987071749636e-06,4.154236044397857e-07,1.0,1.0,1.0,1.3582735278527454,0.9802595242690898,99,1,0,nan,nan,nan,nan,0.0,0.0,,
full_nl,lstm,CftsCels,83,1,0,0.1336833634955874,0.11925017588688971,0.995,0.8,0.96,1.0195211485809483,0.985009750478803,95,0,3,0.0,0.8858209731740685,0.0,0.9974060653721774,0.0,0.0,0.0,0.0
full_nl,lstm,CftsCels,84,0,0,2.9811824523440222e-06,1.6812882976472178e-07,1.0,1.0,1.0,1.4062606224456022,0.9696068357674985,99,1,0,nan,nan,nan,nan,0.0,0.0,,
full_nl,lstm,CftsCels,85,1,0,0.15539207839960614,0.14064164190214332,0.995,0.7,0.97,1.0112959449807815,0.9301411557050868,96,0,2,0.0,0.9152306243664066,0.0,0.9963225033482913,0.0,0.0,0.0,0.0
full_nl,lstm,CftsCels,86,1,0,0.15144527802663227,0.13312897829911557,0.995,0.6,0.97,1.006153397741367,0.9853380709048236,97,0,3,0.0,0.9029016565531537,0.0,0.9952603734323631,0.0,0.0,0.0,0.0
full_nl,lstm,CftsCels,87,0,0,4.619343474127589e-05,3.292530019920672e-05,1.0,1.0,1.0,0.8211215722005644,0.963590578287529,99,1,0,nan,nan,nan,nan,0.0,0.0,,
full_nl,lstm,CftsCels,88,0,0,3.0085914103588404e-05,1.60794344156329e-05,1.0,1.0,1.0,1.061773820828549,0.9713943069718614,99,1,0,nan,nan,nan,nan,0.0,0.0,,
full_nl,lstm,CftsCels,89,1,0,0.14884909760928194,0.1279458099156323,0.994,0.7,0.95,1.0115809499634183,0.9256049605803441,94,0,6,0.0,0.9137858249318008,0.0,0.9976326328445468,0.0,0.0,0.0,0.0
full_nl,lstm,CftsCels,90,0,0,2.7146503435026984e-06,1.3963119969560706e-07,1.0,1.0,1.0,1.4672012222288315,0.9998100645481925,99,1,0,nan,nan,nan,nan,0.0,0.0,,
full_nl,lstm,CftsCels,91,1,0,0.13652155550428216,0.10393665255884746,0.992,0.6,0.96,0.9972395677738722,0.9629415670036985,96,0,4,0.0,0.9363253661899585,0.0,0.9968070654154325,0.0,0.0,0.0,0.0
full_nl,lstm,CftsCels,92,1,0,0.0870413232953268,0.06615533401675384,0.992,0.6,0.96,0.9679445681795881,0.9895631426167438,94,0,4,0.0,0.8868200248181316,0.0,0.9986070409329917,0.0,0.0,0.0,0.0
full_nl,lstm,CftsCels,93,1,0,0.18372038394730494,0.1116988548082001,0.993,0.7,0.95,1.160922507955823,0.9669157031432368,95,0,5,0.0,0.9192580972462623,0.0,0.9964254152481307,0.0,0.0,0.0,0.0
full_nl,lstm,CftsCels,94,1,0,0.07560670529895937,0.06850765947370449,0.999,0.9,0.99,1.005738990354841,0.9913172876646945,99,0,1,nan,nan,nan,nan,0.0,0.0,0.0,0.0
full_nl,lstm,CftsCels,95,1,0,0.07667287649889379,0.0536053295673801,0.992,0.7,0.96,0.9575623260466106,0.9559651144383198,94,0,4,0.0,0.9193689528369511,0.0,0.9987787623718348,0.0,0.0,0.0,0.0
full_nl,lstm,CftsCels,96,0,0,6.270626777256155e-05,5.986488835166546e-05,1.0,1.0,1.0,2.0078780434378682,0.9852591874985301,99,1,0,nan,nan,nan,nan,0.0,0.0,,
full_nl,lstm,CftsCels,97,1,0,0.13758810832758395,0.12280690681477985,0.996,0.7,0.98,1.022580068809764,0.9767302172379245,97,0,2,0.0,0.9398698541473305,0.0,0.9956631456420412,0.0,0.0,0.0,0.0
full_nl,lstm,CftsCels,98,1,0,0.09039230737246376,0.05530111568010807,0.993,0.8,0.94,0.908026251125244,0.9638383569157662,94,0,6,0.0,0.9476645115274012,0.0,0.998615084277302,0.0,0.0,0.0,0.0
full_nl,lstm,CftsCels,99,0,0,2.721747135694475e-06,1.3798659525966776e-07,1.0,1.0,1.0,1.394556859304362,0.9360049261594984,99,1,0,nan,nan,nan,nan,0.0,0.0,,
full_nl,lstm,CftsConfeti,0,0,0,2.894077026355593e-06,1.4679595421294922e-07,1.0,1.0,1.0,1.4422635203847933,0.9975328981775986,99,1,0,nan,nan,nan,nan,0.0,0.0,,
full_nl,lstm,CftsConfeti,1,1,0,81.59567849318809,4.868652722180717,0.514,0.0,0.0,1.3610779291760595,0.7660313712128815,0,0,100,0.0,0.8835936088568924,0.0,0.9217098659659352,0.0,0.0,0.0,0.0
full_nl,lstm,CftsConfeti,2,1,0,81.3309289147932,4.761643819953297,0.519,0.0,0.0,1.3452318942316486,0.7878759487752675,0,0,100,0.0,0.8846172302599019,0.0,0.9228053654608896,0.0,0.0,0.0,0.0
full_nl,lstm,CftsConfeti,3,1,0,89.38545683288322,5.1898307481671875,0.502,0.0,0.0,1.3619386057259677,0.7855231042536979,0,0,100,0.0,0.8867611639705002,0.0,0.9148649456661667,0.0,0.0,0.0,0.0
full_nl,lstm,CftsConfeti,4,1,0,90.82052316184038,5.056582633299022,0.482,0.0,0.0,1.3994826698985081,0.7203760320123301,0,0,100,0.0,0.8811279752322843,0.0,0.9133083508327973,0.0,0.0,0.0,0.0
full_nl,lstm,CftsConfeti,5,0,0,2.710591373343476e-06,1.3271440062687559e-07,1.0,1.0,1.0,1.3626061463586112,0.9871701497316396,99,1,0,nan,nan,nan,nan,0.0,0.0,,
full_nl,lstm,CftsConfeti,6,1,0,87.1849493283767,5.004938314583348,0.497,0.0,0.0,1.4003703232934388,0.7759603400518842,0,0,100,0.0,0.8887030589058124,0.0,0.9164966777066017,0.0,0.0,0.0,0.0
full_nl,lstm,CftsConfeti,7,1,0,82.31904072343085,4.783699906628404,0.518,0.0,0.0,1.3649453426708826,0.7973849391093842,0,0,100,0.0,0.8862788127053295,0.0,0.9205128106692481,0.0,0.0,0.0,0.0
full_nl,lstm,CftsConfeti,8,1,0,82.73118380340219,4.890912395301842,0.517,0.0,0.0,1.3641629101696289,0.822808466466041,0,0,100,0.0,0.8905232713863436,0.0,0.9205414096564576,0.0,0.0,0.0,0.0
full_nl,lstm,CftsConfeti,9,1,0,81.09030298950915,4.818113948792027,0.511,0.0,0.0,1.3544996074454712,0.8139343881636132,0,0,100,0.0,0.8874878577333072,0.0,0.9225379063997,0.0,0.0,0.0,0.0
full_nl,lstm,CftsConfeti,10,0,0,2.685998401414161e-06,1.3508554424693963e-07,1.0,1.0,1.0,1.3828799314173936,0.9841424643814399,99,1,0,nan,nan,nan,nan,0.0,0.0,,
full_nl,lstm,CftsConfeti,11,1,0,87.26646655009023,5.077199439654354,0.497,0.0,0.0,1.3987788060001944,0.7677429544575108,0,0,100,0.0,0.8833932357743746,0.0,0.9164061620060153,0.0,0.0,0.0,0.0
full_nl,lstm,CftsConfeti,12,1,0,84.72009618483982,4.905366712799587,0.503,0.0,0.0,1.3306506385311614,0.7525093815598364,0,0,100,0.0,0.884149165317527,0.0,0.9189527388669336,0.0,0.0,0.0,0.0
full_nl,lstm,CftsConfeti,13,1,0,82.70520560352412,4.827605148029065,0.506,0.0,0.0,1.3294728232485342,0.811273402561569,0,0,100,0.0,0.8900602221761282,0.0,0.920841667746628,0.0,0.0,0.0,0.0
full_nl,lstm,CftsConfeti,14,0,0,2.6751705200249096e-06,1.289047139771717e-07,1.0,1.0,1.0,1.4375957222502784,0.991330235145873,99,1,0,nan,nan,nan,nan,0.0,0.0,,
full_nl,lstm,CftsConfeti,15,1,0,84.92012028164096,5.0235757841503235,0.514,0.0,0.0,1.3569541429705723,0.7389841446129248,0,0,100,0.0,0.8790095869727443,0.0,0.9184350988321656,0.0,0.0,0.0,0.0
full_nl,lstm,CftsConfeti,16,0,0,2.777112309847868e-06,1.4271578110840298e-07,1.0,1.0,1.0,1.4096076123447325,0.9666434885686349,99,1,0,nan,nan,nan,nan,0.0,0.0,,
full_nl,lstm,CftsConfeti,17,1,0,89.2505207957665,5.110623026117277,0.493,0.0,0.0,1.3276883081089783,0.761951092926032,0,0,100,0.0,0.8811888158841995,0.0,0.9154060953824286,0.0,0.0,0.0,0.0
full_nl,lstm,CftsConfeti,18,0,0,82.52958672354659,4.800261271044634,0.512,0.0,0.0,1.3334330686556968,0.7815467951442717,0,0,100,0.0,0.8838915585563293,0.0,0.9210038736115123,0.0,0.0,,
full_nl,lstm,CftsConfeti,19,0,0,2.6769535270390783e-06,1.328119930484621e-07,1.0,1.0,1.0,1.4208274986247424,0.9909011227470013,99,1,0,nan,nan,nan,nan,0.0,0.0,,
full_nl,lstm,CftsConfeti,20,0,0,2.930678399733471e-06,1.4771532489170335e-07,1.0,1.0,1.0,1.399739919752653,0.9773649952661295,99,1,0,nan,nan,nan,nan,0.0,0.0,,
full_nl,lstm,CftsConfeti,21,1,0,84.04580343905732,5.055454023642076,0.522,0.0,0.0,1.3181716816040603,0.7432401169420272,0,0,100,0.0,0.8770216351534104,0.0,0.9192209271654834,0.0,0.0,0.0,0.0
full_nl,lstm,CftsConfeti,22,0,0,2.701575568690609e-06,1.3607510755264326e-07,1.0,1.0,1.0,1.4919663177742792,0.9968157640465435,99,1,0,nan,nan,nan,nan,0.0,0.0,,
full_nl,lstm,CftsConfeti,23,1,0,81.64917810611902,4.9725909545139,0.538,0.0,0.0,1.3808560366616163,0.7931110449460703,0,0,100,0.0,0.8859174377641156,0.0,0.9212669172323992,0.0,0.0,0.0,0.0
full_nl,lstm,CftsConfeti,24,1,0,88.81743778330895,5.043797370312116,0.5,0.0,0.0,1.332584993682142,0.7878494451540922,0,0,100,0.0,0.885811633585418,0.0,0.9153106787754715,0.0,0.0,0.0,0.0
full_nl,lstm,CftsConfeti,25,1,0,92.61329730312704,5.391878090546451,0.498,0.0,0.0,1.3330128994340962,0.7592338622975446,0,0,100,0.0,0.8825596960728262,0.0,0.9114154110349529,0.0,0.0,0.0,0.0
full_nl,lstm,CftsConfeti,26,1,0,87.30847101127588,5.072005207632758,0.499,0.0,0.0,1.3604482885162403,0.7756704481691581,0,0,100,0.0,0.8882251171663984,0.0,0.9169516896427158,0.0,0.0,0.0,0.0
full_nl,lstm,CftsConfeti,27,1,0,88.68292586872512,5.033393105217595,0.501,0.0,0.0,1.3953232412791983,0.7701204821855376,0,0,100,0.0,0.8861098803115824,0.0,0.9150613674958922,0.0,0.0,0.0,0.0
full_nl,lstm,CftsConfeti,28,1,0,77.23125663680574,4.714145413483492,0.549,0.0,0.0,1.3647973585579318,0.806363763396698,0,0,100,0.0,0.8857555637487613,0.0,0.9251302332417322,0.0,0.0,0.0,0.0
full_nl,lstm,CftsConfeti,29,1,0,81.7717707417547,4.796552793711888,0.5,0.0,0.0,1.420131249309946,0.7979304440051395,0,0,100,0.0,0.8878912224308615,0.0,0.9210819632357587,0.0,0.0,0.0,0.0
full_nl,lstm,CftsConfeti,30,1,0,87.81010321494536,4.9253424735282705,0.479,0.0,0.0,1.3619437127791583,0.8022736962421277,0,0,100,0.0,0.8890363953240611,0.0,0.9161681468504275,0.0,0.0,0.0,0.0
full_nl,lstm,CftsConfeti,31,1,0,89.71765649231331,5.164385167733201,0.48,0.0,0.0,1.3802515458801654,0.7892802301729995,0,0,100,0.0,0.8842719267061492,0.0,0.9132415102084945,0.0,0.0,0.0,0.0
full_nl,lstm,CftsConfeti,32,0,0,2.7894472084104976e-06,1.395764101704711e-07,1.0,1.0,1.0,1.435283421069207,0.9816186587440704,99,1,0,nan,nan,nan,nan,0.0,0.0,,
full_nl,lstm,CftsConfeti,33,1,0,96.89031917570054,5.440980571896302,0.465,0.0,0.0,1.3357524896850046,0.7262955172173786,0,0,100,0.0,0.8834574404850961,0.0,0.908001190793938,0.0,0.0,0.0,0.0
full_nl,lstm,CftsConfeti,34,0,0,2.8119385560914853e-06,1.3661525341170873e-07,1.0,1.0,1.0,1.429395784501329,0.9987303610881053,99,1,0,nan,nan,nan,nan,0.0,0.0,,
full_nl,lstm,CftsConfeti,35,1,0,84.65297303726251,4.879438089919201,0.505,0.0,0.01,1.3777636179690742,0.731605672121843,0,0,100,0.0,0.8821800490658323,0.0,0.9188620620617669,0.0,0.0,0.0,0.0
full_nl,lstm,CftsConfeti,36,0,0,2.92381769924268e-06,1.4795855729820434e-07,1.0,1.0,1.0,1.4217354810794387,0.9804519371271754,99,1,0,nan,nan,nan,nan,0.0,0.0,,
full_nl,lstm,CftsConfeti,37,1,0,85.62055018851458,4.932868580769477,0.498,0.0,0.0,1.3308093580737517,0.8020453316624828,0,0,100,0.0,0.8923249260604009,0.0,0.9183898531389658,0.0,0.0,0.0,0.0
full_nl,lstm,CftsConfeti,38,1,0,87.45906170904482,4.871550818799976,0.482,0.0,0.0,1.3408067033303794,0.7588647232056012,0,0,100,0.0,0.8843956938510937,0.0,0.9162246621704185,0.0,0.0,0.0,0.0
full_nl,lstm,CftsConfeti,39,0,0,88.37467170131,4.9093290400760825,0.491,0.0,0.0,1.3303587173600298,0.7825180474284362,0,0,100,0.0,0.884607553781767,0.0,0.9153661532056014,0.0,0.0,,
full_nl,lstm,CftsConfeti,40,1,0,87.77211459333694,5.044455521964866,0.513,0.0,0.0,1.363627515589912,0.7810251736213366,0,0,100,0.0,0.8866591380469377,0.0,0.9162732372423726,0.0,0.0,0.0,0.0
full_nl,lstm,CftsConfeti,41,1,0,91.16151792033244,5.2632723063627225,0.506,0.0,0.0,1.3703211415490308,0.7477580267332105,0,0,100,0.0,0.8838726211775827,0.0,0.9129913753545832,0.0,0.0,0.0,0.0
full_nl,lstm,CftsConfeti,42,1,0,85.87513821082847,4.86413994976916,0.49,0.0,0.0,1.3269675186796515,0.7601503895163071,0,0,100,0.0,0.8844345785960541,0.0,0.9186828186787064,0.0,0.0,0.0,0.0
full_nl,lstm,CftsConfeti,43,1,0,88.98003777348777,5.129297361430268,0.502,0.0,0.0,1.3523691947904601,0.7853142334034877,0,0,100,0.0,0.8883289780974373,0.0,0.9149870911340834,0.0,0.0,0.0,0.0
full_nl,lstm,CftsConfeti,44,1,0,90.2226020081078,5.177101768117183,0.499,0.0,0.01,1.3256170925216402,0.7497582511527358,0,0,100,0.0,0.8836711900879499,0.0,0.9146100981746627,0.0,0.0,0.0,0.0
full_nl,lstm,CftsConfeti,45,1,0,89.8155822916178,5.106882129447084,0.499,0.0,0.0,1.3479977051464334,0.7444933551682479,0,0,100,0.0,0.8811461579769435,0.0,0.9139902097931659,0.0,0.0,0.0,0.0
full_nl,lstm,CftsConfeti,46,0,0,2.781679678839563e-06,1.4187041318110168e-07,1.0,1.0,1.0,1.3771474290996295,0.9805786827096872,99,1,0,nan,nan,nan,nan,0.0,0.0,,
full_nl,lstm,CftsConfeti,47,0,0,2.7752953832447733e-06,1.390010652166741e-07,1.0,1.0,1.0,1.4113192747051693,0.9965558471560285,99,1,0,nan,nan,nan,nan,0.0,0.0,,
full_nl,lstm,CftsConfeti,48,1,0,84.90334762705086,4.886718978988947,0.495,0.0,0.0,1.3346827329609947,0.7764911922460723,0,0,100,0.0,0.8900285021280404,0.0,0.9187271076561967,0.0,0.0,0.0,0.0
full_nl,lstm,CftsConfeti,49,1,0,86.37675210859298,5.161929747404221,0.5,0.0,0.0,1.3853435591559375,0.7910192316487329,0,0,100,0.0,0.8876719716720536,0.0,0.917405759223321,0.0,0.0,0.0,0.0
full_nl,lstm,CftsConfeti,50,1,0,97.10375635144635,5.509425705062987,0.481,0.0,0.0,1.3053968766934776,0.7483493025240765,0,0,100,0.0,0.8848356316612783,0.0,0.9077739633975814,0.0,0.0,0.0,0.0
full_nl,lstm,CftsConfeti,51,1,0,96.12154746201595,5.36889717741093,0.485,0.0,0.0,1.3323406768206343,0.7143772869541968,0,0,100,0.0,0.8796244942156325,0.0,0.907965776667575,0.0,0.0,0.0,0.0
full_nl,lstm,CftsConfeti,52,1,0,87.36240233600797,4.978401835927559,0.505,0.0,0.0,1.3433343287744521,0.7328672956213127,0,0,100,0.0,0.8761715755753272,0.0,0.9164818204866558,0.0,0.0,0.0,0.0
full_nl,lstm,CftsConfeti,53,1,0,81.14123027548352,4.643769094254339,0.511,0.0,0.0,1.358393077556163,0.8036104692262335,0,0,100,0.0,0.8838170312230834,0.0,0.9227411634928929,0.0,0.0,0.0,0.0
full_nl,lstm,CftsConfeti,54,0,0,2.8369106417468898e-06,1.4260227202459326e-07,1.0,1.0,1.0,1.4531998173939398,0.9433024614929804,99,1,0,nan,nan,nan,nan,0.0,0.0,,
full_nl,lstm,CftsConfeti,55,1,0,84.53034917047944,4.9342600890446855,0.499,0.0,0.0,1.3728700848916497,0.7937846384294394,0,0,100,0.0,0.8850043634888269,0.0,0.9192088337905724,0.0,0.0,0.0,0.0
full_nl,lstm,CftsConfeti,56,0,0,2.768601182224009e-06,1.4030827981357773e-07,1.0,1.0,1.0,1.3610945467094917,0.9933723679869249,99,1,0,nan,nan,nan,nan,0.0,0.0,,
full_nl,lstm,CftsConfeti,57,0,0,2.75666842273147e-06,1.4214770551950653e-07,1.0,1.0,1.0,1.4384435113381775,0.977814585403243,99,1,0,nan,nan,nan,nan,0.0,0.0,,
full_nl,lstm,CftsConfeti,58,1,0,89.38987238271967,5.014126961954491,0.501,0.0,0.0,1.3311628094270944,0.7721514192084049,0,0,100,0.0,0.8854801095865501,0.0,0.9146374159572699,0.0,0.0,0.0,0.0
full_nl,lstm,CftsConfeti,59,0,0,2.835777305394173e-06,1.4170362917035234e-07,1.0,1.0,1.0,1.4404148479739132,0.9920152063255091,99,1,0,nan,nan,nan,nan,0.0,0.0,,
full_nl,lstm,CftsConfeti,60,1,0,87.29033401031704,4.828795106439218,0.491,0.0,0.0,1.3582324062437845,0.7779206807043773,0,0,100,0.0,0.8845707565049628,0.0,0.9159397019050826,0.0,0.0,0.0,0.0
full_nl,lstm,CftsConfeti,61,0,0,2.8478740035408137e-06,1.4506080285432675e-07,1.0,1.0,1.0,1.4549421285341293,0.9359267654341783,99,1,0,nan,nan,nan,nan,0.0,0.0,,
full_nl,lstm,CftsConfeti,62,0,0,2.907594440116181e-06,1.465305763448726e-07,1.0,1.0,1.0,1.4969674692476467,0.9879820756519905,99,1,0,nan,nan,nan,nan,0.0,0.0,,
full_nl,lstm,CftsConfeti,63,1,0,87.65962658155242,5.054783116716159,0.496,0.0,0.0,1.3492003701541693,0.7327743597762443,0,0,100,0.0,0.8848734224362755,0.0,0.9167417131579033,0.0,0.0,0.0,0.0
full_nl,lstm,CftsConfeti,64,0,0,2.9125750813331283e-06,1.4556583696229188e-07,1.0,1.0,1.0,1.4026115307272016,0.9973893991228279,99,1,0,nan,nan,nan,nan,0.0,0.0,,
full_nl,lstm,CftsConfeti,65,1,0,82.98559120616895,4.801118885042911,0.505,0.0,0.0,1.3674742903324695,0.7738238037281066,0,0,100,0.0,0.8859603769417022,0.0,0.9202740609837675,0.0,0.0,0.0,0.0
full_nl,lstm,CftsConfeti,66,0,0,2.638402306649485e-06,1.2734507334677024e-07,1.0,1.0,1.0,1.428658757459852,0.955328656289165,99,1,0,nan,nan,nan,nan,0.0,0.0,,
full_nl,lstm,CftsConfeti,67,0,0,2.737420090555276e-06,1.3703348527663217e-07,1.0,1.0,1.0,1.4676492507865135,0.9955743243270605,99,1,0,nan,nan,nan,nan,0.0,0.0,,
full_nl,lstm,CftsConfeti,68,0,0,2.656541713975079e-06,1.295267249830377e-07,1.0,1.0,1.0,1.4155914904059275,0.9610766474843356,99,1,0,nan,nan,nan,nan,0.0,0.0,,
full_nl,lstm,CftsConfeti,69,1,0,87.95079118912551,4.974843894806169,0.512,0.0,0.0,1.31946443992054,0.7858684848893094,0,0,100,0.0,0.8855850239251644,0.0,0.9161588721670725,0.0,0.0,0.0,0.0
full_nl,lstm,CftsConfeti,70,1,0,87.68918410108321,5.083347520845457,0.504,0.0,0.0,1.372560829475843,0.7332692251653956,0,0,100,0.0,0.8763939287000232,0.0,0.9160716886860131,0.0,0.0,0.0,0.0
full_nl,lstm,CftsConfeti,71,1,0,91.04294695880634,5.142576202703924,0.501,0.0,0.0,1.2942040467886071,0.7718486222560555,0,0,100,0.0,0.882039626246098,0.0,0.9134200751075945,0.0,0.0,0.0,0.0
full_nl,lstm,CftsConfeti,72,1,0,83.99552530055378,4.881220886950286,0.503,0.0,0.0,1.3403885081714915,0.7513581922848497,0,0,100,0.0,0.8790277172614687,0.0,0.91968630208112,0.0,0.0,0.0,0.0
full_nl,lstm,CftsConfeti,73,1,0,90.44477041983167,5.085000255950527,0.501,0.0,0.0,1.3607386813612647,0.7791101840577932,0,0,100,0.0,0.8826091372545181,0.0,0.9143139385683581,0.0,0.0,0.0,0.0
full_nl,lstm,CftsConfeti,74,0,0,2.9351330995551657e-06,1.4644875732845863e-07,1.0,1.0,1.0,1.4179919808607713,0.989678079704149,99,1,0,nan,nan,nan,nan,0.0,0.0,,
full_nl,lstm,CftsConfeti,75,0,0,2.7823510382670325e-06,1.407067632865058e-07,1.0,1.0,1.0,1.41460693306781,0.9915290988502771,99,1,0,nan,nan,nan,nan,0.0,0.0,,
full_nl,lstm,CftsConfeti,76,0,0,2.8074138432240825e-06,1.395962118742195e-07,1.0,1.0,1.0,1.4614959274074062,0.9966817550563138,99,1,0,nan,nan,nan,nan,0.0,0.0,,
full_nl,lstm,CftsConfeti,77,0,0,2.6326520711254732e-06,1.264485063431451e-07,1.0,1.0,1.0,1.4869204498616195,0.967657638330884,99,1,0,nan,nan,nan,nan,0.0,0.0,,
full_nl,lstm,CftsConfeti,78,0,0,2.940693052241785e-06,1.494123237370223e-07,1.0,1.0,1.0,1.4088919913251434,0.9900738835483719,99,1,0,nan,nan,nan,nan,0.0,0.0,,
full_nl,lstm,CftsConfeti,79,1,0,92.58995532297398,5.344696714279628,0.511,0.0,0.0,1.3629590207284792,0.7147004967846865,0,0,100,0.0,0.8737823803516549,0.0,0.9123050844792078,0.0,0.0,0.0,0.0
full_nl,lstm,CftsConfeti,80,1,0,90.68079062787682,5.108370412476346,0.499,0.0,0.0,1.3742623542495274,0.757570336901434,0,0,100,0.0,0.8815793492052912,0.0,0.9133909997326688,0.0,0.0,0.0,0.0
full_nl,lstm,CftsConfeti,81,0,0,2.902480893473419e-06,1.411181753149161e-07,1.0,1.0,1.0,1.4645479779755426,0.9937553334440353,99,1,0,nan,nan,nan,nan,0.0,0.0,,
full_nl,lstm,CftsConfeti,82,1,0,90.3536092487114,5.12958618846301,0.469,0.0,0.0,1.3090361672693982,0.7702245095994941,0,0,100,0.0,0.8868282151972889,0.0,0.9136013491648852,0.0,0.0,0.0,0.0
full_nl,lstm,CftsConfeti,83,0,0,3.046261643952202e-06,1.5204559087192055e-07,1.0,1.0,1.0,1.3576171715160277,0.9852336096220888,99,1,0,nan,nan,nan,nan,0.0,0.0,,
full_nl,lstm,CftsConfeti,84,0,0,2.9198599899469754e-06,1.462542635959503e-07,1.0,1.0,1.0,1.4484405525004012,0.9696068350247661,99,1,0,nan,nan,nan,nan,0.0,0.0,,
full_nl,lstm,CftsConfeti,85,1,0,78.69365552896522,4.581582104752325,0.531,0.0,0.0,1.3290085350121932,0.7811964598843448,0,0,100,0.0,0.8823115405696516,0.0,0.9239572609191699,0.0,0.0,0.0,0.0
full_nl,lstm,CftsConfeti,86,1,0,86.82450722209516,5.007406567463,0.527,0.0,0.0,1.3135705026873892,0.7450713076229845,0,0,100,0.0,0.8792906618031867,0.0,0.9174369961590922,0.0,0.0,0.0,0.0
full_nl,lstm,CftsConfeti,87,1,0,85.08602115502501,4.837666430145874,0.504,0.0,0.0,1.367265685091689,0.7762192258575824,0,0,100,0.0,0.8857998822758262,0.0,0.9179878968451892,0.0,0.0,0.0,0.0
full_nl,lstm,CftsConfeti,88,1,0,85.90946963296994,4.985046408706979,0.5,0.0,0.0,1.40539094250009,0.769815391440355,0,0,100,0.0,0.8840851733210644,0.0,0.917702665908725,0.0,0.0,0.0,0.0
full_nl,lstm,CftsConfeti,89,1,0,104.0641068576467,5.797743899874237,0.465,0.0,0.0,1.292158287949595,0.7201015670172288,0,0,100,0.0,0.879880873874154,0.0,0.9016805133503686,0.0,0.0,0.0,0.0
full_nl,lstm,CftsConfeti,90,1,0,91.61948561539879,5.345184889233861,0.497,0.0,0.0,1.3062246641691004,0.7802099736082406,0,0,100,0.0,0.8867049012985152,0.0,0.9118134753354673,0.0,0.0,0.0,0.0
full_nl,lstm,CftsConfeti,91,1,0,86.03072821863476,4.921381962602321,0.517,0.0,0.0,1.3606049363184258,0.7681775842508173,0,0,100,0.0,0.8851674229223443,0.0,0.917339773659645,0.0,0.0,0.0,0.0
full_nl,lstm,CftsConfeti,92,1,0,82.52143753179905,4.999251604216476,0.533,0.0,0.0,1.37250867158773,0.7655225070969429,0,0,100,0.0,0.8870192479744468,0.0,0.9207206306665722,0.0,0.0,0.0,0.0
full_nl,lstm,CftsConfeti,93,0,0,2.9170209046992628e-06,1.425359314871396e-07,1.0,1.0,1.0,1.4257573233118326,0.966679469324165,99,1,0,nan,nan,nan,nan,0.0,0.0,,
full_nl,lstm,CftsConfeti,94,1,0,84.59193171252602,5.048509369511794,0.51,0.0,0.0,1.282255848167577,0.8068464877875337,0,0,100,0.0,0.8862138150504154,0.0,0.9190492356889802,0.0,0.0,0.0,0.0
full_nl,lstm,CftsConfeti,95,1,0,90.41413898671613,5.199032747318791,0.499,0.0,0.0,1.3220746423081484,0.7377326343554238,0,0,100,0.0,0.8786299317810116,0.0,0.913341225113104,0.0,0.0,0.0,0.0
full_nl,lstm,CftsConfeti,96,1,0,85.82027327435569,5.114079591792002,0.513,0.0,0.0,1.311285745869954,0.7670296218582132,0,0,100,0.0,0.8865703314563379,0.0,0.9178079157984522,0.0,0.0,0.0,0.0
full_nl,lstm,CftsConfeti,97,1,0,80.99117875304832,4.617663352989168,0.516,0.0,0.0,1.3570089162144485,0.7753228734673415,0,0,100,0.0,0.8801019069206518,0.0,0.9221282400617287,0.0,0.0,0.0,0.0
full_nl,lstm,CftsConfeti,98,1,0,89.15636761670349,5.050461024479323,0.485,0.0,0.0,1.311866721459667,0.7949865484415601,0,0,100,0.0,0.8880993530310322,0.0,0.9145546033508396,0.0,0.0,0.0,0.0
full_nl,lstm,CftsConfeti,99,1,0,83.55080539481288,4.784848403662542,0.499,0.0,0.0,1.3705055860081896,0.7632024567398678,0,0,100,0.0,0.8813790955085925,0.0,0.9200205472239956,0.0,0.0,0.0,0.0
full_nl,lstm,CftsCounts,0,1,0,128.50472867898566,5.47593864329266,0.005,0.0,0.0,0.9580549775081034,0.0540811616649891,0,0,100,0.0,0.9791323575696393,0.0,0.8812066817268122,0.0,0.0,0.0,0.0
full_nl,lstm,CftsCounts,1,1,0,126.0192469649307,5.487350294390322,0.003,0.0,0.0,0.9563249503019638,0.05974415904633109,0,0,100,0.0,0.9796972017997821,0.0,0.8819018325595923,0.0,0.0,0.0,0.0
full_nl,lstm,CftsCounts,2,1,0,130.30202369495282,5.495828120674987,0.006,0.0,0.0,0.9053617260105301,0.02712513399720377,0,0,100,0.0,0.9917591791266867,0.0,0.8787491067262613,0.0,0.0,0.0,0.0
full_nl,lstm,CftsCounts,3,0,0,130.66106934287183,5.628770006817867,0.007,0.0,0.0,0.8878896835994239,0.03318962768298944,0,0,100,0.0,0.9888980053056395,0.0,0.8780939918886027,0.0,0.0,,
full_nl,lstm,CftsCounts,4,1,0,126.91505612840582,5.29112416159272,0.006,0.0,0.0,0.9790332098045061,0.020274383010073237,0,0,100,0.0,0.9930751255915831,0.0,0.8829936942983146,0.0,0.0,0.0,0.0
full_nl,lstm,CftsCounts,5,0,0,128.39857441839118,5.465716814887009,0.009,0.0,0.0,0.9223550461649752,0.04087589260407003,0,0,100,0.0,0.98753650542686,0.0,0.8807147556566598,0.0,0.0,,
full_nl,lstm,CftsCounts,6,0,0,130.0044647306555,5.458551528264484,0.001,0.0,0.0,0.9319100554861597,0.038084449638120514,0,0,100,0.0,0.9871300125947068,0.0,0.879511623253483,0.0,0.0,,
full_nl,lstm,CftsCounts,7,0,0,128.54914587345007,5.317903483640301,0.002,0.0,0.0,1.0053405185658197,0.032093903714390755,0,0,100,0.0,0.9898400251104793,0.0,0.880061935526091,0.0,0.0,,
full_nl,lstm,CftsCounts,8,1,0,124.29512244236876,5.248034447060294,0.003,0.0,0.0,0.9519532086872431,0.060632623997487395,0,0,100,0.0,0.9788715960515099,0.0,0.8847773564381709,0.0,0.0,0.0,0.0
full_nl,lstm,CftsCounts,9,0,0,127.15318992524064,5.474248641203886,0.005,0.0,0.0,0.9504957843017734,0.05382761210203256,0,0,100,0.0,0.9808608358408335,0.0,0.882227077869578,0.0,0.0,,
full_nl,lstm,CftsCounts,10,1,0,128.08548109816246,5.423209956513258,0.003,0.0,0.0,0.9648302947505346,0.045812373986555945,0,0,100,0.0,0.9842033985593222,0.0,0.8812368450353156,0.0,0.0,0.0,0.0
full_nl,lstm,CftsCounts,11,1,0,124.93674242529184,5.342453647337688,0.005,0.0,0.0,0.9912853624280368,0.05111934393612298,0,0,100,0.0,0.9827080713056054,0.0,0.8842563181980069,0.0,0.0,0.0,0.0
full_nl,lstm,CftsCounts,12,1,0,125.37481363484108,5.246478757658525,0.008,0.0,0.0,0.9809561202490985,0.07367731754570193,0,0,100,0.0,0.9721116737677797,0.0,0.8837745237153843,0.0,0.0,0.0,0.0
full_nl,lstm,CftsCounts,13,1,0,122.22813440511791,5.185305831897145,0.003,0.0,0.0,0.9160652709668293,0.034017329552645484,0,0,100,0.0,0.9887808797762072,0.0,0.88645862911281,0.0,0.0,0.0,0.0
full_nl,lstm,CftsCounts,14,1,0,131.76821582041123,5.611527764992207,0.006,0.0,0.0,0.9283446754194955,0.018985035517270585,0,0,100,0.0,0.9951661589945434,0.0,0.8783296072726374,0.0,0.0,0.0,0.0
full_nl,lstm,CftsCounts,15,0,0,132.08147723712375,5.600768578458182,0.005,0.0,0.0,0.923356690739021,0.031174820453881265,0,0,100,0.0,0.9910353090214453,0.0,0.8786269901561965,0.0,0.0,,
full_nl,lstm,CftsCounts,16,1,0,125.29248641094162,5.396454074271221,0.01,0.0,0.0,0.897330742596415,0.06389865161064168,0,0,100,0.0,0.9769505266393083,0.0,0.8840282551480373,0.0,0.0,0.0,0.0
full_nl,lstm,CftsCounts,17,1,0,130.5643179222733,5.448406904659434,0.009,0.0,0.0,0.956619583235493,0.04018098030414016,0,0,100,0.0,0.987550674154507,0.0,0.8788305491064131,0.0,0.0,0.0,0.0
full_nl,lstm,CftsCounts,18,0,0,125.65791943717298,5.295246807907969,0.006,0.0,0.0,0.8869929719907481,0.043691622817439435,0,0,100,0.0,0.985251689955121,0.0,0.8833328736977178,0.0,0.0,,
full_nl,lstm,CftsCounts,19,1,0,128.41687792917227,5.530684407362687,0.001,0.0,0.0,0.9275936430940439,0.059703284951172705,0,0,100,0.0,0.9785425187581506,0.0,0.879931350613258,0.0,0.0,0.0,0.0
full_nl,lstm,CftsCounts,20,1,0,129.4671300670324,5.55294720807107,0.006,0.0,0.0,0.9855874821893688,0.037703676205769004,0,0,100,0.0,0.9868251762391151,0.0,0.8799408759191601,0.0,0.0,0.0,0.0
full_nl,lstm,CftsCounts,21,0,0,137.2322527462874,5.832356958514462,0.007,0.0,0.0,0.9051937861666475,0.0308962896750864,0,0,100,0.0,0.990249735095611,0.0,0.8744104890195422,0.0,0.0,,
full_nl,lstm,CftsCounts,22,1,0,128.03870955996462,5.435601947199573,0.004,0.0,0.0,0.9445312019528255,0.013528079237011662,0,0,100,0.0,0.9971412661030572,0.0,0.8807379372845717,0.0,0.0,0.0,0.0
full_nl,lstm,CftsCounts,23,1,0,127.84901339558928,5.44378136093992,0.007,0.0,0.0,0.9454814908579512,0.055287869850007366,0,0,100,0.0,0.9794702711675753,0.0,0.8802538445886559,0.0,0.0,0.0,0.0
full_nl,lstm,CftsCounts,24,0,0,126.91871615094465,5.232517519346636,0.004,0.0,0.0,0.9555724982438721,0.039625419068672965,0,0,100,0.0,0.9869995812089289,0.0,0.8823145214943476,0.0,0.0,,
full_nl,lstm,CftsCounts,25,1,0,141.82647127687062,5.979500010528429,0.011,0.0,0.0,0.9067227099582547,0.02892120925616765,0,0,100,0.0,0.9905430530715696,0.0,0.8700467991715058,0.0,0.0,0.0,0.0
full_nl,lstm,CftsCounts,26,1,0,128.6051526337163,5.385918437663731,0.007,0.0,0.0,0.9681851043620714,0.02521034086532158,0,0,100,0.0,0.9906140765679898,0.0,0.8809611628498675,0.0,0.0,0.0,0.0
full_nl,lstm,CftsCounts,27,1,0,126.76124496046364,5.422262976179081,0.007,0.0,0.0,0.9473795969978275,0.057956241152528495,0,0,100,0.0,0.978575916146702,0.0,0.8827753673270746,0.0,0.0,0.0,0.0
full_nl,lstm,CftsCounts,28,1,0,124.9385865390067,5.215054318594946,0.006,0.0,0.0,0.9509254234868386,0.03895519995869469,0,0,100,0.0,0.9863682968062392,0.0,0.8838971367212392,0.0,0.0,0.0,0.0
full_nl,lstm,CftsCounts,29,0,0,126.0287716092417,5.370452478100631,0.006,0.0,0.0,0.9878013245299769,0.04254798914882085,0,0,100,0.0,0.9858876223040339,0.0,0.8815167744909171,0.0,0.0,,
full_nl,lstm,CftsCounts,30,1,0,123.55366851585909,5.159298775903569,0.007,0.0,0.0,0.970849493384631,0.041452587341236156,0,0,100,0.0,0.984783885361323,0.0,0.8850504715678825,0.0,0.0,0.0,0.0
full_nl,lstm,CftsCounts,31,1,0,129.30101532201445,5.513132917266183,0.006,0.0,0.0,0.9457470733575827,0.017028068048598514,0,0,100,0.0,0.995165275911643,0.0,0.8796843626582944,0.0,0.0,0.0,0.0
full_nl,lstm,CftsCounts,32,1,0,126.32792019516785,5.385867850326617,0.008,0.0,0.0,0.9349897020823263,0.014671752767630069,0,0,100,0.0,0.995009082808027,0.0,0.88256825774866,0.0,0.0,0.0,0.0
full_nl,lstm,CftsCounts,33,0,0,130.88242497042052,5.785123263359703,0.006,0.0,0.0,0.911432577311319,0.0500012670578913,0,0,100,0.0,0.983369001108279,0.0,0.8789149369125564,0.0,0.0,,
full_nl,lstm,CftsCounts,34,0,0,130.08883928735847,5.454789916324348,0.006,0.0,0.0,0.9578584946436585,0.03366763774033037,0,0,100,0.0,0.9890009224865394,0.0,0.8815115294651928,0.0,0.0,,
full_nl,lstm,CftsCounts,35,1,0,128.67931941127546,5.425402347115778,0.006,0.0,0.0,0.9260946045766916,0.03036205524352332,0,0,100,0.0,0.9887407351837313,0.0,0.8799258653163898,0.0,0.0,0.0,0.0
full_nl,lstm,CftsCounts,36,1,0,134.47167366577924,5.660275334887623,0.007,0.0,0.0,0.911594796869854,0.06043361413990691,0,0,100,0.0,0.9799874594105965,0.0,0.8745085868329118,0.0,0.0,0.0,0.0
full_nl,lstm,CftsCounts,37,1,0,121.05375323877357,4.934329438081443,0.008,0.0,0.0,0.9986212703659267,0.024319295970733044,0,0,100,0.0,0.9921724425695623,0.0,0.886788227807694,0.0,0.0,0.0,0.0
full_nl,lstm,CftsCounts,38,0,0,124.54057788252767,5.250958006754575,0.007,0.0,0.0,1.017757922044188,0.053117620582528356,0,0,100,0.0,0.9805730884426898,0.0,0.8843759101819413,0.0,0.0,,
full_nl,lstm,CftsCounts,39,0,0,123.10736641802673,5.095766246129258,0.007,0.0,0.0,0.9553929987266178,0.07339513401783715,0,0,100,0.0,0.9735517672192922,0.0,0.8853596645928091,0.0,0.0,,
full_nl,lstm,CftsCounts,40,0,0,131.74901168841305,5.385022472790205,0.008,0.0,0.0,0.943819286475173,0.04768986575077669,0,0,100,0.0,0.9838193790362202,0.0,0.8786795082162335,0.0,0.0,,
full_nl,lstm,CftsCounts,41,1,0,134.81740706496856,5.7647274423968256,0.005,0.0,0.0,0.8939518491366839,0.042427712248538814,0,0,100,0.0,0.9848741899531464,0.0,0.8744481988254899,0.0,0.0,0.0,0.0
full_nl,lstm,CftsCounts,42,0,0,127.21579758630493,5.468713428420873,0.006,0.0,0.0,0.9483291496449241,0.040389103765930474,0,0,100,0.0,0.9869162232645973,0.0,0.8827782924543326,0.0,0.0,,
full_nl,lstm,CftsCounts,43,1,0,121.92991942909607,5.313819443126173,0.003,0.0,0.0,1.0130557333308503,0.0275286953312375,0,0,100,0.0,0.9903843009429635,0.0,0.8866179774476669,0.0,0.0,0.0,0.0
full_nl,lstm,CftsCounts,44,0,0,127.93153374428361,5.381491918635611,0.004,0.0,0.0,0.9255785940596035,0.03985355580471453,0,0,100,0.0,0.9852076707843215,0.0,0.8809397383394866,0.0,0.0,,
full_nl,lstm,CftsCounts,45,1,0,131.61077396752,5.565653196540947,0.006,0.0,0.0,0.8702003463231579,0.025752094136462265,0,0,100,0.0,0.9908320311799023,0.0,0.8785198758585382,0.0,0.0,0.0,0.0
full_nl,lstm,CftsCounts,46,1,0,130.87168309911118,5.6680871018623415,0.006,0.0,0.0,0.912215817758024,0.03730129298396358,0,0,100,0.0,0.9871376561720437,0.0,0.8785949890547622,0.0,0.0,0.0,0.0
full_nl,lstm,CftsCounts,47,1,0,124.04960212918408,5.322220303971069,0.003,0.0,0.0,1.0034640918904971,0.043912179292872104,0,0,100,0.0,0.9842059592936884,0.0,0.8857595171318987,0.0,0.0,0.0,0.0
full_nl,lstm,CftsCounts,48,0,0,122.79369132398199,5.275769816722431,0.004,0.0,0.0,1.0018329710814557,0.04285048427430954,0,0,100,0.0,0.9838188160710519,0.0,0.8877485886867674,0.0,0.0,,
full_nl,lstm,CftsCounts,49,1,0,123.78427163020307,5.334864205298133,0.001,0.0,0.0,0.9787024041549984,0.03348988144675961,0,0,100,0.0,0.9890732325350061,0.0,0.8848123479975976,0.0,0.0,0.0,0.0
full_nl,lstm,CftsCounts,50,1,0,133.90977191576468,5.788645996360724,0.008,0.0,0.0,0.8985364285100343,0.030017525676353653,0,0,100,0.0,0.9905558225245993,0.0,0.8767718814829919,0.0,0.0,0.0,0.0
full_nl,lstm,CftsCounts,51,0,0,134.87679844635758,5.750208055962874,0.005,0.0,0.0,0.9655747455660967,0.04822986689495914,0,0,100,0.0,0.9823508643453741,0.0,0.875559826579692,0.0,0.0,,
full_nl,lstm,CftsCounts,52,1,0,138.21181354070862,5.72313492520238,0.007,0.0,0.0,0.8935732928090481,0.02639242033586869,0,0,100,0.0,0.9905099640966896,0.0,0.8731104235326637,0.0,0.0,0.0,0.0
full_nl,lstm,CftsCounts,53,1,0,121.37524761685444,5.092063217704774,0.008,0.0,0.0,0.97493796346825,0.045848655529437586,0,0,100,0.0,0.9840315928225417,0.0,0.8867925149322615,0.0,0.0,0.0,0.0
full_nl,lstm,CftsCounts,54,1,0,132.13657359320558,5.593707071194834,0.005,0.0,0.0,0.9608106730199498,0.020706530703985163,0,0,100,0.0,0.9932518683239977,0.0,0.8776763993022112,0.0,0.0,0.0,0.0
full_nl,lstm,CftsCounts,55,1,0,124.72575776444958,5.440378223623012,0.008,0.0,0.0,0.9188063430039721,0.03174423082744038,0,0,100,0.0,0.9891678221757902,0.0,0.8837509474206514,0.0,0.0,0.0,0.0
full_nl,lstm,CftsCounts,56,1,0,128.35321341330024,5.411636279637102,0.006,0.0,0.0,0.9463707913381385,0.02774884424527656,0,0,100,0.0,0.9915562229290927,0.0,0.8798805458898337,0.0,0.0,0.0,0.0
full_nl,lstm,CftsCounts,57,1,0,132.95597532442133,5.654187453847953,0.004,0.0,0.0,0.9031985724219048,0.028546767207090012,0,0,100,0.0,0.9899894899455647,0.0,0.8777307813216013,0.0,0.0,0.0,0.0
full_nl,lstm,CftsCounts,58,1,0,128.82951301671872,5.365648963242705,0.004,0.0,0.0,0.9509887529648158,0.04120234895458023,0,0,100,0.0,0.9866766602950072,0.0,0.8800972541017508,0.0,0.0,0.0,0.0
full_nl,lstm,CftsCounts,59,1,0,130.29191908019823,5.501379932632047,0.005,0.0,0.0,0.942301843177973,0.051459690596321696,0,0,100,0.0,0.9823535520499089,0.0,0.8793651402994633,0.0,0.0,0.0,0.0
full_nl,lstm,CftsCounts,60,1,0,128.39098545388663,5.313344439988681,0.007,0.0,0.0,0.975985339189588,0.05548009513271783,0,0,100,0.0,0.9813670285408174,0.0,0.8810478344501776,0.0,0.0,0.0,0.0
full_nl,lstm,CftsCounts,61,1,0,140.54200932510088,6.118303234304797,0.003,0.0,0.0,0.9402151744161596,0.022868871943416393,0,0,100,0.0,0.9935913614715596,0.0,0.8703078734926858,0.0,0.0,0.0,0.0
full_nl,lstm,CftsCounts,62,1,0,131.0795943588463,5.536880263828758,0.006,0.0,0.0,0.9147227705622358,0.039930270135690574,0,0,100,0.0,0.9853827481927016,0.0,0.8791883053327544,0.0,0.0,0.0,0.0
full_nl,lstm,CftsCounts,63,1,0,125.94153851959908,5.308214534442124,0.015,0.0,0.0,0.962214529788935,0.026509389980834824,0,0,100,0.0,0.9918879025161311,0.0,0.8821194937933303,0.0,0.0,0.0,0.0
full_nl,lstm,CftsCounts,64,0,0,136.12860620096615,5.752079569123496,0.005,0.0,0.0,0.8857234487713419,0.05991237560593513,0,0,100,0.0,0.9783466819285993,0.0,0.874454143670585,0.0,0.0,,
full_nl,lstm,CftsCounts,65,1,0,123.5895419606205,5.253687255631258,0.006,0.0,0.0,1.023031149274392,0.03197157908497393,0,0,100,0.0,0.9900452968380618,0.0,0.8846186581370619,0.0,0.0,0.0,0.0
full_nl,lstm,CftsCounts,66,1,0,120.66968235870777,5.069750915927668,0.007,0.0,0.0,0.9694105112376392,0.024355700220092508,0,0,100,0.0,0.9921497679734673,0.0,0.8876784913591588,0.0,0.0,0.0,0.0
full_nl,lstm,CftsCounts,67,1,0,124.83455237183117,5.277165725791327,0.009,0.0,0.0,1.0038578895232024,0.07628800804746531,0,0,100,0.0,0.973694142301595,0.0,0.8843966870773763,0.0,0.0,0.0,0.0
full_nl,lstm,CftsCounts,68,1,0,123.92000299734755,5.137723574927643,0.006,0.0,0.0,0.9616192808749724,0.05701382400870739,0,0,100,0.0,0.9785369583783324,0.0,0.8848324705633807,0.0,0.0,0.0,0.0
full_nl,lstm,CftsCounts,69,1,0,128.62633340347492,5.522114339395323,0.008,0.0,0.0,0.9413006420021219,0.040900665611960325,0,0,100,0.0,0.9855480881398212,0.0,0.880235697506832,0.0,0.0,0.0,0.0
full_nl,lstm,CftsCounts,70,1,0,138.0995725775669,5.893698653718766,0.002,0.0,0.0,0.893537489140839,0.045841572193297646,0,0,100,0.0,0.9853670522212395,0.0,0.8722093101967756,0.0,0.0,0.0,0.0
full_nl,lstm,CftsCounts,71,0,0,133.1616876599323,5.4784002843259145,0.004,0.0,0.0,0.8831730320800956,0.04975601849216443,0,0,100,0.0,0.9838353790180505,0.0,0.8765002006684971,0.0,0.0,,
full_nl,lstm,CftsCounts,72,0,0,134.3182745422562,5.9180810960000185,0.004,0.0,0.0,0.91975524113774,0.04081259232512778,0,0,100,0.0,0.9860571402463761,0.0,0.8761912204986553,0.0,0.0,,
full_nl,lstm,CftsCounts,73,0,0,130.51568828715097,5.482568605696311,0.004,0.0,0.0,0.9096139192528424,0.021424734292022657,0,0,100,0.0,0.9936832479789768,0.0,0.8786096771954105,0.0,0.0,,
full_nl,lstm,CftsCounts,74,1,0,130.61633624636363,5.492376218886682,0.006,0.0,0.0,0.9317616954407975,0.03642444553671536,0,0,100,0.0,0.9885627697657712,0.0,0.8799463709707827,0.0,0.0,0.0,0.0
full_nl,lstm,CftsCounts,75,1,0,132.35811191107956,5.628982364034018,0.005,0.0,0.0,0.9256171537793669,0.02725061060430089,0,0,100,0.0,0.9905503280738185,0.0,0.8785635205423538,0.0,0.0,0.0,0.0
full_nl,lstm,CftsCounts,76,1,0,124.93270251076629,5.195478214401183,0.007,0.0,0.0,0.9611952461327004,0.03928227613112386,0,0,100,0.0,0.9863696592059129,0.0,0.8832351325796101,0.0,0.0,0.0,0.0
full_nl,lstm,CftsCounts,77,1,0,128.02453097287423,5.261526986614684,0.005,0.0,0.0,0.9213640964739652,0.02418701940675875,0,0,100,0.0,0.9928434971706238,0.0,0.8820353023483292,0.0,0.0,0.0,0.0
full_nl,lstm,CftsCounts,78,0,0,132.431363525355,5.674783448641045,0.005,0.0,0.0,0.8881915709416208,0.062211719628735694,0,0,100,0.0,0.9781630285453611,0.0,0.8762098789286941,0.0,0.0,,
full_nl,lstm,CftsCounts,79,1,0,136.52542209129928,5.760884622837503,0.008,0.0,0.0,0.9441750420531901,0.07564542752824328,0,0,100,0.0,0.972172600599814,0.0,0.8741572078662733,0.0,0.0,0.0,0.0
full_nl,lstm,CftsCounts,80,1,0,124.96915783966305,5.2775789289089134,0.009,0.0,0.0,0.9588459430813114,0.05662762719005918,0,0,100,0.0,0.9786864747511754,0.0,0.8836761106831328,0.0,0.0,0.0,0.0
full_nl,lstm,CftsCounts,81,1,0,131.19765201402623,5.510562632730018,0.009,0.0,0.0,0.8964538873599629,0.05092562449569023,0,0,100,0.0,0.9821847316287653,0.0,0.8785527023899589,0.0,0.0,0.0,0.0
full_nl,lstm,CftsCounts,82,1,0,129.2921687047304,5.482307672647267,0.006,0.0,0.0,0.9386120871340594,0.03029118303416361,0,0,100,0.0,0.9893572532952412,0.0,0.8800126627937795,0.0,0.0,0.0,0.0
full_nl,lstm,CftsCounts,83,1,0,139.77068984478052,6.064534561241868,0.005,0.0,0.0,0.8510286237284374,0.015256112608825272,0,0,100,0.0,0.9951380430819946,0.0,0.8714078074350476,0.0,0.0,0.0,0.0
full_nl,lstm,CftsCounts,84,1,0,133.4184401579786,5.585233720543728,0.005,0.0,0.0,0.9536767743100938,0.07742458022842245,0,0,100,0.0,0.9717836224154331,0.0,0.8774995802987537,0.0,0.0,0.0,0.0
full_nl,lstm,CftsCounts,85,1,0,123.5371229608289,5.217641613207148,0.01,0.0,0.0,0.9034529108278873,0.061428997070238266,0,0,100,0.0,0.9791604915126471,0.0,0.8879356254388532,0.0,0.0,0.0,0.0
full_nl,lstm,CftsCounts,86,1,0,130.84468569575807,5.436334428308972,0.006,0.0,0.0,0.9469600732432929,0.036794331579391736,0,0,100,0.0,0.986873343640774,0.0,0.8777180650096194,0.0,0.0,0.0,0.0
full_nl,lstm,CftsCounts,87,0,0,125.77818417593514,5.165063254196335,0.004,0.0,0.0,0.9342993730419314,0.02937612775011892,0,0,100,0.0,0.9902706718199523,0.0,0.8830983602041951,0.0,0.0,,
full_nl,lstm,CftsCounts,88,0,0,127.64676206402336,5.487986134745192,0.004,0.0,0.0,0.9224198692081526,0.030809121799569506,0,0,100,0.0,0.9890078387101966,0.0,0.8814326429881756,0.0,0.0,,
full_nl,lstm,CftsCounts,89,1,0,137.92421474154386,5.992570456397744,0.005,0.0,0.0,0.9460638028866072,0.03911432130769687,0,0,100,0.0,0.9866703780098864,0.0,0.8736224229469386,0.0,0.0,0.0,0.0
full_nl,lstm,CftsCounts,90,0,0,134.11823779888942,5.710497102072736,0.006,0.0,0.0,0.9013477557784342,0.052939058528904834,0,0,100,0.0,0.9825994514661585,0.0,0.8771277821739096,0.0,0.0,,
full_nl,lstm,CftsCounts,91,0,0,127.75247823329153,5.364148994880497,0.01,0.0,0.0,0.9809036953676251,0.046237108740034574,0,0,100,0.0,0.9835765087447413,0.0,0.8810486477669423,0.0,0.0,,
full_nl,lstm,CftsCounts,92,0,0,127.8674335108445,5.455437461353785,0.005,0.0,0.0,0.976243790651123,0.05058337313289354,0,0,100,0.0,0.981282088062047,0.0,0.881725225979084,0.0,0.0,,
full_nl,lstm,CftsCounts,93,1,0,134.09245207844668,5.637935201979412,0.005,0.0,0.0,0.9341711025215075,0.03325556593826333,0,0,100,0.0,0.9886436674324937,0.0,0.8767526068541261,0.0,0.0,0.0,0.0
full_nl,lstm,CftsCounts,94,1,0,139.9616327465931,5.970479251116851,0.007,0.0,0.0,0.8676784520858033,0.0241105486842271,0,0,100,0.0,0.9928847961675902,0.0,0.8710219906240083,0.0,0.0,0.0,0.0
full_nl,lstm,CftsCounts,95,0,0,135.01633515628063,5.786943768211985,0.004,0.0,0.0,0.9316910200922871,0.04764750766376726,0,0,100,0.0,0.9830212005873595,0.0,0.8749770046139188,0.0,0.0,,
full_nl,lstm,CftsCounts,96,1,0,128.8603745996958,5.507641799215309,0.003,0.0,0.0,0.9442430497911877,0.03649622512406576,0,0,100,0.0,0.9871320541960192,0.0,0.8802271802069076,0.0,0.0,0.0,0.0
full_nl,lstm,CftsCounts,97,0,0,131.374448421414,5.533740513639814,0.006,0.0,0.0,0.951214916162557,0.026776715573941425,0,0,100,0.0,0.9924772624121028,0.0,0.877471707174642,0.0,0.0,,
full_nl,lstm,CftsCounts,98,0,0,123.30836895918743,5.244174254851918,0.007,0.0,0.0,0.937203376131986,0.05548796960415049,0,0,100,0.0,0.9808839356007044,0.0,0.8853997217975328,0.0,0.0,,
full_nl,lstm,CftsCounts,99,1,0,132.14732830390977,5.630274195005662,0.003,0.0,0.0,0.8758204708059182,0.045441633120822146,0,0,100,0.0,0.9825385216632605,0.0,0.8765517158452346,0.0,0.0,0.0,0.0
full_nl,lstm,CftsWachter,0,1,0,74.91970630574926,4.417067074805389,0.036,0.0,0.0,1.051543536424869,0.9954740941057868,0,0,100,0.0,0.887598666632045,0.0,0.9278742094507103,0.0,0.0,0.0,0.0
full_nl,lstm,CftsWachter,1,1,0,183.9570469238461,7.814363598661699,0.01,0.0,0.0,0.9296658818274205,0.9567387598899288,0,0,100,0.0,0.8804944454555313,0.0,0.8325871853232818,0.0,0.0,0.0,0.0
full_nl,lstm,CftsWachter,2,1,0,174.3859667127944,7.164419599383753,0.005,0.0,0.0,0.9603671367540404,0.9458920678695201,0,0,100,0.0,0.8852508465159049,0.0,0.8415627172329727,0.0,0.0,0.0,0.0
full_nl,lstm,CftsWachter,3,1,0,136.11735042677574,6.732704590149754,0.021,0.0,0.0,0.9192862484862282,0.8907949641456261,0,0,100,0.0,0.8973272512157898,0.0,0.8735162525140696,0.0,0.0,0.0,0.0
full_nl,lstm,CftsWachter,4,1,0,100.53622927961794,5.385314794655886,0.025,0.0,0.0,1.0207234612632998,0.9731812866358079,0,0,100,0.0,0.8977253968470222,0.0,0.9047200373913147,0.0,0.0,0.0,0.0
full_nl,lstm,CftsWachter,5,1,0,135.96887294456224,6.36009283722782,0.022,0.0,0.0,1.0139310415939882,0.9514690442407728,0,0,100,0.0,0.8927529568714717,0.0,0.8737935079083761,0.0,0.0,0.0,0.0
full_nl,lstm,CftsWachter,6,1,0,88.79546074064683,4.972056948594174,0.041,0.0,0.0,0.9787796322465744,0.9822077800290333,0,0,100,0.0,0.8851547709943254,0.0,0.91533507576128,0.0,0.0,0.0,0.0
full_nl,lstm,CftsWachter,7,1,0,81.05281240429474,4.905155269562421,0.057,0.0,0.0,1.0750283387738835,0.994907538643455,0,0,100,0.0,0.8828668391982009,0.0,0.9222138092226032,0.0,0.0,0.0,0.0
full_nl,lstm,CftsWachter,8,1,0,190.79959696432906,8.12943682574339,0.01,0.0,0.0,0.8569664104753169,0.9819986962136455,0,0,100,0.0,0.8741784646536289,0.0,0.8286049770203368,0.0,0.0,0.0,0.0
full_nl,lstm,CftsWachter,9,0,0,215.49698947307078,23.512594620356996,0.73,0.0,0.49,0.7442890190537317,0.40174259459107675,40,0,54,0.0,0.637771987353941,0.0,0.6982589691064799,0.0,0.0,,
full_nl,lstm,CftsWachter,10,1,0,183.6350401002112,7.652934161306685,0.007,0.0,0.0,0.9433245149408449,0.997002894115127,0,0,100,0.0,0.8798263504462535,0.0,0.8341852452590487,0.0,0.0,0.0,0.0
full_nl,lstm,CftsWachter,11,1,0,180.79458950389937,7.6956795758197165,0.006,0.0,0.0,0.9228577941017407,0.9590234614542466,0,0,100,0.0,0.8774354504347271,0.0,0.8376571185326148,0.0,0.0,0.0,0.0
full_nl,lstm,CftsWachter,12,1,0,101.43233076400838,5.521962729030657,0.025,0.0,0.0,0.9544160384384842,0.9163308706939094,0,0,100,0.0,0.8958619314761246,0.0,0.9050003198552921,0.0,0.0,0.0,0.0
full_nl,lstm,CftsWachter,13,1,0,157.10305678923794,6.89619770834379,0.012,0.0,0.0,0.9335546768596902,0.944261893335141,0,0,100,0.0,0.8911133698540813,0.0,0.8582538860980099,0.0,0.0,0.0,0.0
full_nl,lstm,CftsWachter,14,1,0,174.52209257653243,7.6177050430937046,0.005,0.0,0.0,0.9562661137810607,0.976646893121043,0,0,100,0.0,0.880329557796269,0.0,0.8424683349239454,0.0,0.0,0.0,0.0
full_nl,lstm,CftsWachter,15,1,0,172.7924318769086,7.271837955869324,0.011,0.0,0.0,0.9622251982837395,0.9804756557714391,0,0,100,0.0,0.8798608415549123,0.0,0.8442127139527711,0.0,0.0,0.0,0.0
full_nl,lstm,CftsWachter,16,1,0,98.70902369151754,5.431596842567562,0.036,0.0,0.0,0.9432806139685656,0.9642640474547283,0,0,100,0.0,0.8894137095848603,0.0,0.9064414351925566,0.0,0.0,0.0,0.0
full_nl,lstm,CftsWachter,17,1,0,95.4427589743464,5.013534175000567,0.022,0.0,0.0,1.021203545666813,0.9519021631841427,0,0,100,0.0,0.893338976868837,0.0,0.9102289235701744,0.0,0.0,0.0,0.0
full_nl,lstm,CftsWachter,18,1,0,180.31349180366968,7.773427613042267,0.005,0.0,0.0,0.885137838231938,0.9966553752009487,0,0,100,0.0,0.8792827561044526,0.0,0.8370949748569201,0.0,0.0,0.0,0.0
full_nl,lstm,CftsWachter,19,1,0,108.17209474933023,5.423356186639274,0.029,0.0,0.0,1.0185153971414027,0.9141938534626629,0,0,100,0.0,0.8934766740128862,0.0,0.898616245888273,0.0,0.0,0.0,0.0
full_nl,lstm,CftsWachter,20,1,0,175.44292251204388,7.408703492643595,0.004,0.0,0.0,0.9615563572761916,0.8964545475960447,0,0,100,0.0,0.88768889310209,0.0,0.8410091769182217,0.0,0.0,0.0,0.0
full_nl,lstm,CftsWachter,21,1,0,174.18037206014367,7.42743757865177,0.009,0.0,0.0,0.8930512818706624,0.9137018643441204,0,0,100,0.0,0.8931693314253331,0.0,0.8444616064118627,0.0,0.0,0.0,0.0
full_nl,lstm,CftsWachter,22,1,0,101.47491741331595,5.424278050869184,0.03,0.0,0.0,0.9953571260141291,0.9494379167269238,0,0,100,0.0,0.8893568265122122,0.0,0.9035035680001702,0.0,0.0,0.0,0.0
full_nl,lstm,CftsWachter,23,1,0,163.7840734454894,7.04415738915075,0.013,0.0,0.0,0.9679625171167427,0.8984798768403104,0,0,100,0.0,0.889550622557527,0.0,0.8506691827185446,0.0,0.0,0.0,0.0
full_nl,lstm,CftsWachter,24,1,0,157.7858228313645,6.748084683854362,0.014,0.0,0.0,0.9646120853405034,0.8547715322411997,0,0,100,0.0,0.8962780109907651,0.0,0.8557236913258672,0.0,0.0,0.0,0.0
full_nl,lstm,CftsWachter,25,1,0,180.6856896087121,7.493434954176234,0.013,0.0,0.0,0.9608254115941787,0.9917066331361684,0,0,100,0.0,0.886239546834575,0.0,0.8374047976874668,0.0,0.0,0.0,0.0
full_nl,lstm,CftsWachter,26,1,0,182.2676586990171,7.467327898610644,0.009,0.0,0.0,0.9353330370638602,0.9497354402849145,0,0,100,0.0,0.8795595525277374,0.0,0.8355899137793579,0.0,0.0,0.0,0.0
full_nl,lstm,CftsWachter,27,1,0,113.48429138992935,5.630644172747558,0.022,0.0,0.0,0.9700364983375452,0.86931833650401,0,0,100,0.0,0.9020511922746021,0.0,0.89562976533494,0.0,0.0,0.0,0.0
full_nl,lstm,CftsWachter,28,1,0,173.60886779982513,7.166304592339875,0.002,0.0,0.0,0.9455821132181466,0.9367492208862274,0,0,100,0.0,0.8879094652701115,0.0,0.8431632367027735,0.0,0.0,0.0,0.0
full_nl,lstm,CftsWachter,29,1,0,176.86538461229085,7.318151767581331,0.004,0.0,0.0,0.9867231892796041,0.9788965397872322,0,0,100,0.0,0.8830508017723893,0.0,0.838877223582095,0.0,0.0,0.0,0.0
full_nl,lstm,CftsWachter,30,1,0,173.29391707327392,7.3069184649259045,0.012,0.0,0.0,0.9657875428918697,0.9974399433800748,0,0,100,0.0,0.8827123312805583,0.0,0.8424157290629974,0.0,0.0,0.0,0.0
full_nl,lstm,CftsWachter,31,1,0,75.45667913420002,4.317590099232629,0.038,0.0,0.0,1.0847144734909182,0.9818910792057013,0,0,100,0.0,0.8886692901004994,0.0,0.9280921463288277,0.0,0.0,0.0,0.0
full_nl,lstm,CftsWachter,32,1,0,180.15660516268295,7.7066058648689895,0.008,0.0,0.0,0.9126351074755393,0.9634434823364986,0,0,100,0.0,0.8792206005940372,0.0,0.8357368594232222,0.0,0.0,0.0,0.0
full_nl,lstm,CftsWachter,33,1,0,100.34680182021187,5.339365388251787,0.023,0.0,0.0,0.9866582247873867,0.9055000630227991,0,0,100,0.0,0.899336285584352,0.0,0.9047509785601028,0.0,0.0,0.0,0.0
full_nl,lstm,CftsWachter,34,1,0,169.7459170851439,7.1853599304134175,0.011,0.0,0.0,0.9686225582731234,0.935586178406171,0,0,100,0.0,0.8848178829287167,0.0,0.8468866520722362,0.0,0.0,0.0,0.0
full_nl,lstm,CftsWachter,35,1,0,171.9442596985519,7.365434510764243,0.009,0.0,0.0,0.9549297024750822,0.981260256550445,0,0,100,0.0,0.8839023787392827,0.0,0.8436548411244611,0.0,0.0,0.0,0.0
full_nl,lstm,CftsWachter,36,0,0,231.55500532412842,22.77629864891013,0.656,0.0,0.54,0.5125811883796041,0.43627092222357133,14,0,49,0.0,0.6923930349511005,0.0,0.763948318153986,0.0,0.0,,
full_nl,lstm,CftsWachter,37,1,0,175.7816038494598,7.502867162651317,0.002,0.0,0.0,0.9224199083422369,0.9755746405450038,0,0,100,0.0,0.8818656978896551,0.0,0.8404774120325413,0.0,0.0,0.0,0.0
full_nl,lstm,CftsWachter,38,1,0,181.7804949854229,7.58354546741326,0.01,0.0,0.0,0.9659645234834532,0.9914507791863454,0,0,100,0.0,0.8787336537826196,0.0,0.8351380761796952,0.0,0.0,0.0,0.0
full_nl,lstm,CftsWachter,39,1,0,161.26538496930883,6.74923160109207,0.008,0.0,0.0,0.9777418487860885,0.8924363493491836,0,0,100,0.0,0.8939875571024345,0.0,0.8533529081460172,0.0,0.0,0.0,0.0
full_nl,lstm,CftsWachter,40,1,0,106.65195344682034,5.382061476643431,0.026,0.0,0.0,0.9986887033438903,0.9667158075020602,0,0,100,0.0,0.8891233013215627,0.0,0.8998795969008198,0.0,0.0,0.0,0.0
full_nl,lstm,CftsWachter,41,1,0,179.19023535702448,7.670727812027956,0.01,0.0,0.0,0.9253820434046774,0.9859754381378067,0,0,100,0.0,0.8784223546917916,0.0,0.8369218086849545,0.0,0.0,0.0,0.0
full_nl,lstm,CftsWachter,42,1,0,180.83355461359682,7.6756786790413685,0.012,0.0,0.0,0.9407252009569035,0.9627102909271308,0,0,100,0.0,0.8840346285995492,0.0,0.8366309373947651,0.0,0.0,0.0,0.0
full_nl,lstm,CftsWachter,43,1,0,177.00405394919653,7.494128050682769,0.008,0.0,0.0,0.9772957712475159,0.9862111001950421,0,0,100,0.0,0.8849072541281381,0.0,0.8407013674628279,0.0,0.0,0.0,0.0
full_nl,lstm,CftsWachter,44,1,0,182.5010980572976,7.58924503110247,0.009,0.0,0.0,0.900820171150636,0.9580788487856446,0,0,100,0.0,0.8880094578175245,0.0,0.8350898981184062,0.0,0.0,0.0,0.0
full_nl,lstm,CftsWachter,45,1,0,177.55311109282908,7.434907449058913,0.01,0.0,0.0,0.8906019914539871,0.9415176581000015,0,0,100,0.0,0.8887663023821235,0.0,0.8388863876817217,0.0,0.0,0.0,0.0
full_nl,lstm,CftsWachter,46,1,0,124.56693117701478,6.5195663147163625,0.028,0.0,0.0,0.9137397823728202,0.9253889315188152,0,0,100,0.0,0.8910776916774382,0.0,0.883565592871228,0.0,0.0,0.0,0.0
full_nl,lstm,CftsWachter,47,0,0,263.2865451313161,23.274754245194487,0.591,0.0,0.44,0.4167924669824912,0.41523977770626197,18,0,56,0.0,0.6690845382540359,0.0,0.7253617338164201,0.0,0.0,,
full_nl,lstm,CftsWachter,48,1,0,168.4922280191097,7.178663210160053,0.005,0.0,0.0,0.9753250203459799,0.9594826309247076,0,0,100,0.0,0.8839164089965471,0.0,0.8472709127324831,0.0,0.0,0.0,0.0
full_nl,lstm,CftsWachter,49,1,0,181.6398746674995,7.689326103645524,0.007,0.0,0.0,0.9333137214979954,0.9826112570284171,0,0,100,0.0,0.8758267636918277,0.0,0.8349464147330027,0.0,0.0,0.0,0.0
full_nl,lstm,CftsWachter,50,1,0,95.39832549593186,5.143728676531598,0.025,0.0,0.0,1.0455828982847557,0.9462509104887754,0,0,100,0.0,0.8942401036883822,0.0,0.9085184035648018,0.0,0.0,0.0,0.0
full_nl,lstm,CftsWachter,51,1,0,155.59015409833643,7.057225249015654,0.015,0.0,0.0,0.9545677738040061,0.9071750868962982,0,0,100,0.0,0.8958637834739939,0.0,0.8576851750070509,0.0,0.0,0.0,0.0
full_nl,lstm,CftsWachter,52,1,0,64.90402949055456,4.488649971581794,0.066,0.0,0.0,1.0469171552704888,0.9557262407716923,0,0,100,0.0,0.8689592732571312,0.0,0.9373406172603789,0.0,0.0,0.0,0.0
full_nl,lstm,CftsWachter,53,1,0,153.92299689401068,7.139303321679715,0.018,0.0,0.0,0.913147338555613,0.944189435844603,0,0,100,0.0,0.8856838076174843,0.0,0.8582234641464122,0.0,0.0,0.0,0.0
full_nl,lstm,CftsWachter,54,1,0,180.0681389514579,7.638163906465652,0.01,0.0,0.0,0.9436052338867925,0.9984345203254895,0,0,100,0.0,0.8766850121079741,0.0,0.8376795385831616,0.0,0.0,0.0,0.0
full_nl,lstm,CftsWachter,55,1,0,95.04584601664945,5.135517228747802,0.023,0.0,0.0,0.9859524278800097,0.9812129368128224,0,0,100,0.0,0.8910341967925995,0.0,0.910054033410007,0.0,0.0,0.0,0.0
full_nl,lstm,CftsWachter,56,1,0,163.0795141046444,6.962595345276253,0.01,0.0,0.0,0.9894990499698183,0.9287929204944912,0,0,100,0.0,0.888669713532483,0.0,0.8509708184017178,0.0,0.0,0.0,0.0
full_nl,lstm,CftsWachter,57,1,0,185.1256481096982,7.949283477206103,0.005,0.0,0.0,0.8478137627476601,0.9680668554083675,0,0,100,0.0,0.8785042580329901,0.0,0.8327632582943226,0.0,0.0,0.0,0.0
full_nl,lstm,CftsWachter,58,1,0,181.26479990267572,7.597427240215535,0.009,0.0,0.0,0.9754753236984892,0.9790212920737413,0,0,100,0.0,0.8782186886349083,0.0,0.8350109882229335,0.0,0.0,0.0,0.0
full_nl,lstm,CftsWachter,59,1,0,188.07312147003807,7.819097673167215,0.007,0.0,0.0,0.9477926148530587,0.9964593302929968,0,0,100,0.0,0.8780319595660706,0.0,0.8316931629033893,0.0,0.0,0.0,0.0
full_nl,lstm,CftsWachter,60,1,0,145.583390145618,6.571749518401283,0.015,0.0,0.0,0.9527431277115341,0.9376412450114021,0,0,100,0.0,0.891251998508852,0.0,0.8660525038414408,0.0,0.0,0.0,0.0
full_nl,lstm,CftsWachter,61,1,0,176.78087028696405,7.579733178468995,0.009,0.0,0.0,0.9482710490519952,0.9676726228235318,0,0,100,0.0,0.8837444388820236,0.0,0.838839077514002,0.0,0.0,0.0,0.0
full_nl,lstm,CftsWachter,62,1,0,185.86513273165738,7.849868610944755,0.006,0.0,0.0,0.9015662172296763,0.9751272926585877,0,0,100,0.0,0.878233180732046,0.0,0.8338507144144199,0.0,0.0,0.0,0.0
full_nl,lstm,CftsWachter,63,1,0,170.76364142754073,7.143090824322754,0.008,0.0,0.0,0.938454058834613,0.9358557761891606,0,0,100,0.0,0.8873687213908614,0.0,0.8448402554600853,0.0,0.0,0.0,0.0
full_nl,lstm,CftsWachter,64,1,0,184.63912917538727,7.667583891503111,0.015,0.0,0.0,0.9034489680251048,0.9050375963352905,0,0,100,0.0,0.8886100918365097,0.0,0.8325668074243029,0.0,0.0,0.0,0.0
full_nl,lstm,CftsWachter,65,1,0,178.16807898609093,7.565329524094178,0.005,0.0,0.0,0.9403897651944644,0.9405209709495388,0,0,100,0.0,0.8827489321967581,0.0,0.8397979393330051,0.0,0.0,0.0,0.0
full_nl,lstm,CftsWachter,66,1,0,145.7753770956744,6.467547975972588,0.021,0.0,0.0,0.9622781938199133,0.9312810806343649,0,0,100,0.0,0.8921852179721046,0.0,0.8654393278732193,0.0,0.0,0.0,0.0
full_nl,lstm,CftsWachter,67,1,0,169.35075502510398,7.256808675211927,0.012,0.0,0.0,0.9339417735188594,0.9239224035454853,0,0,100,0.0,0.8880297731187213,0.0,0.8476543526893251,0.0,0.0,0.0,0.0
full_nl,lstm,CftsWachter,68,1,0,140.4120003734587,6.552396931725447,0.018,0.0,0.0,0.9447305548080632,0.9346327883437635,0,0,100,0.0,0.8906602202536381,0.0,0.8700134934516986,0.0,0.0,0.0,0.0
full_nl,lstm,CftsWachter,69,1,0,180.0965243371201,7.71532628070657,0.006,0.0,0.0,0.9354708340481206,0.9968933044891012,0,0,100,0.0,0.8733691456055991,0.0,0.8385247194280682,0.0,0.0,0.0,0.0
full_nl,lstm,CftsWachter,70,1,0,173.40104285527605,7.374034519656762,0.009,0.0,0.0,0.9428179891893522,0.940511436445601,0,0,100,0.0,0.8892746816928391,0.0,0.8422077119268736,0.0,0.0,0.0,0.0
full_nl,lstm,CftsWachter,71,1,0,112.1576665961353,5.87902862833258,0.024,0.0,0.0,0.9310391238149087,0.9473401814254307,0,0,100,0.0,0.8919948775690505,0.0,0.8964832508544366,0.0,0.0,0.0,0.0
full_nl,lstm,CftsWachter,72,0,0,231.88425001614408,21.518938171384114,0.674,0.0,0.55,0.39120874469726613,0.4606517466414481,14,0,46,0.0,0.6896257072220638,0.0,0.7636542276949702,0.0,0.0,,
full_nl,lstm,CftsWachter,73,0,0,276.020484851431,26.39811303809019,0.491,0.0,0.02,0.5664794798032863,0.3795395494774221,2,0,97,0.0,0.688637253044393,0.0,0.7545417537692385,0.0,0.0,,
full_nl,lstm,CftsWachter,74,0,0,238.1775225381984,22.72635994422267,0.677,0.0,0.5,0.41938581048903445,0.4410739484449528,5,0,53,0.0,0.6997130059504952,0.0,0.7782450509428974,0.0,0.0,,
full_nl,lstm,CftsWachter,75,1,0,184.5676011832711,7.681807002845109,0.004,0.0,0.0,0.9119538089701076,0.9256850237971009,0,0,100,0.0,0.883753988825072,0.0,0.8339536200846708,0.0,0.0,0.0,0.0
full_nl,lstm,CftsWachter,76,1,0,135.24072942802917,6.241958674135099,0.018,0.0,0.0,0.9848672305739926,0.9298182167169877,0,0,100,0.0,0.8943270986033613,0.0,0.8736614921310222,0.0,0.0,0.0,0.0
full_nl,lstm,CftsWachter,77,1,0,113.9592822387334,5.683939788084538,0.023,0.0,0.0,0.9749981870105339,0.9369466989097145,0,0,100,0.0,0.8959618148211285,0.0,0.8930018248583974,0.0,0.0,0.0,0.0
full_nl,lstm,CftsWachter,78,1,0,117.23713886946138,5.643177784913603,0.025,0.0,0.0,0.9740844279771976,0.9048051362224354,0,0,100,0.0,0.8987327821181809,0.0,0.8894919041724872,0.0,0.0,0.0,0.0
full_nl,lstm,CftsWachter,79,1,0,115.36355783836653,5.941995637199342,0.033,0.0,0.0,0.9562483708874782,0.997483584603493,0,0,100,0.0,0.8891731930615622,0.0,0.8908603872418723,0.0,0.0,0.0,0.0
full_nl,lstm,CftsWachter,80,1,0,127.06034345470788,6.244817308766628,0.019,0.0,0.0,0.9494858503915955,0.9424929419166274,0,0,100,0.0,0.8917367081380794,0.0,0.8812627742771083,0.0,0.0,0.0,0.0
full_nl,lstm,CftsWachter,81,1,0,180.62470199860078,7.402531549577653,0.004,0.0,0.0,0.920671005419398,0.9314956423272716,0,0,100,0.0,0.8854280148032397,0.0,0.8368522600724643,0.0,0.0,0.0,0.0
full_nl,lstm,CftsWachter,82,1,0,184.52550687593202,7.848308931875584,0.009,0.0,0.0,0.8958663573701161,0.9124951435322085,0,0,100,0.0,0.8862120717495036,0.0,0.8326867238074239,0.0,0.0,0.0,0.0
full_nl,lstm,CftsWachter,83,1,0,182.77525745273832,7.665345055698522,0.007,0.0,0.0,0.9209607621932339,0.9904826028243298,0,0,100,0.0,0.8808318167699014,0.0,0.8334558430243875,0.0,0.0,0.0,0.0
full_nl,lstm,CftsWachter,84,1,0,180.3555035028234,7.600339311120207,0.016,0.0,0.0,0.980086248447764,0.9826045182680401,0,0,100,0.0,0.8837704782359359,0.0,0.836746152483681,0.0,0.0,0.0,0.0
full_nl,lstm,CftsWachter,85,1,0,166.5685670576362,6.959596089275666,0.011,0.0,0.0,0.9475349898382343,0.9284724515119217,0,0,100,0.0,0.8925080421997666,0.0,0.8505615932182451,0.0,0.0,0.0,0.0
full_nl,lstm,CftsWachter,86,1,0,102.85678088671251,5.250509578563835,0.02,0.0,0.0,1.0227985858345745,0.9444098207986669,0,0,100,0.0,0.8900056532618819,0.0,0.9026657106219251,0.0,0.0,0.0,0.0
full_nl,lstm,CftsWachter,87,1,0,177.84399497072158,7.438606676395908,0.008,0.0,0.0,0.942235180881791,0.9981605551288056,0,0,100,0.0,0.8820402142706549,0.0,0.8377107223909979,0.0,0.0,0.0,0.0
full_nl,lstm,CftsWachter,88,1,0,110.83031457059582,5.897093341061864,0.028,0.0,0.0,0.9371438729836977,0.9655637123420397,0,0,100,0.0,0.8902701494333282,0.0,0.8958566600288566,0.0,0.0,0.0,0.0
full_nl,lstm,CftsWachter,89,1,0,164.91335946209512,7.500910406281672,0.01,0.0,0.0,0.9571625323484262,0.8973395578461898,0,0,100,0.0,0.8901870867802822,0.0,0.8490608496116342,0.0,0.0,0.0,0.0
full_nl,lstm,CftsWachter,90,1,0,187.5746063331276,7.788994956695785,0.003,0.0,0.0,0.9319465631667879,0.9674993837897808,0,0,100,0.0,0.8797920702623655,0.0,0.8320139221724948,0.0,0.0,0.0,0.0
full_nl,lstm,CftsWachter,91,1,0,111.16634415073541,5.711325579711282,0.024,0.0,0.0,0.9226714897075863,0.9169186890197368,0,0,100,0.0,0.8949301923290882,0.0,0.8965602127534379,0.0,0.0,0.0,0.0
full_nl,lstm,CftsWachter,92,1,0,162.02487603291792,7.167114927684184,0.012,0.0,0.0,0.9390747794180815,0.975495025839705,0,0,100,0.0,0.8870387734683752,0.0,0.8518827382131904,0.0,0.0,0.0,0.0
full_nl,lstm,CftsWachter,93,1,0,181.5269559909217,7.5605790182494665,0.004,0.0,0.0,0.9647272636143657,0.9925044631033116,0,0,100,0.0,0.8778828481085581,0.0,0.8344041999341602,0.0,0.0,0.0,0.0
full_nl,lstm,CftsWachter,94,1,0,159.50069063200914,6.991710375367613,0.013,0.0,0.0,0.9238464700248812,0.9144132897637254,0,0,100,0.0,0.8920526477994293,0.0,0.8540646084661834,0.0,0.0,0.0,0.0
full_nl,lstm,CftsWachter,95,1,0,132.20269350593043,6.47630961920456,0.02,0.0,0.0,0.9651247092740851,0.9399002292474401,0,0,100,0.0,0.8941693797555438,0.0,0.8788651264274269,0.0,0.0,0.0,0.0
full_nl,lstm,CftsWachter,96,1,0,179.27415015850403,7.473538448760109,0.008,0.0,0.0,0.9318359092178817,0.9990833380316332,0,0,100,0.0,0.884288265644113,0.0,0.836466327299866,0.0,0.0,0.0,0.0
full_nl,lstm,CftsWachter,97,1,0,118.18179226008519,5.927825216538788,0.035,0.0,0.0,0.9924142953739117,0.9136149396386082,0,0,100,0.0,0.8934614368605612,0.0,0.889402184673795,0.0,0.0,0.0,0.0
full_nl,lstm,CftsWachter,98,1,0,170.98302500119462,7.237265382216712,0.009,0.0,0.0,0.9424516596136672,0.9582546376659897,0,0,100,0.0,0.884443673783223,0.0,0.8461588612117783,0.0,0.0,0.0,0.0
full_nl,lstm,CftsWachter,99,1,0,188.71999762107998,7.934339698848937,0.009,0.0,0.0,0.9005415317310288,0.9630948347876982,0,0,100,0.0,0.8784420958706827,0.0,0.8293605747098877,0.0,0.0,0.0,0.0
full_nl,lstm,NoiselessSCMRecourse,0,1,0,98.1132126218032,4.790747748953016,0.254,0.0,0.25,0.9296825634688556,0.26583950442226173,25,0,75,1.0,0.9999999995003546,0.0,0.8777770399189482,1.0,0.0,1.0,0.0
full_nl,lstm,NoiselessSCMRecourse,1,1,0,89.8422612646732,4.334901438708427,0.256,0.0,0.25,1.0189845139490465,0.2560870665340831,25,0,75,1.0,0.9999999996506256,0.0,0.8874525470814315,1.0,0.0,1.0,0.0
full_nl,lstm,NoiselessSCMRecourse,2,1,0,101.73487489639774,4.958353779249479,0.255,0.0,0.25,0.8662279716855132,0.2415644195379319,25,0,75,1.0,0.9999999996887036,0.0,0.8735735384523734,1.0,0.0,1.0,0.0
full_nl,lstm,NoiselessSCMRecourse,3,1,0,102.46327659311312,5.065772359412773,0.258,0.0,0.25,0.8853111521767363,0.2130327951173218,25,0,75,1.0,0.9999999998741249,0.0,0.8726584979706862,1.0,0.0,1.0,0.0
full_nl,lstm,NoiselessSCMRecourse,4,1,0,91.57276249766409,4.473590082859583,0.253,0.0,0.25,0.9992300532299484,0.27251287779033917,25,0,75,1.0,0.9999999996080532,0.0,0.8852537926577101,1.0,0.0,1.0,0.0
full_nl,lstm,NoiselessSCMRecourse,5,1,0,98.08740299644006,4.871175823611821,0.256,0.0,0.25,0.9315002260837851,0.23101693835214956,25,0,75,1.0,0.999999999858139,0.0,0.8775278139161393,1.0,0.0,1.0,0.0
full_nl,lstm,NoiselessSCMRecourse,6,1,0,95.41931685488478,4.680396942940658,0.253,0.0,0.25,0.9514747719704856,0.25238010110892384,25,0,75,1.0,0.9999999998427275,0.0,0.880869634529056,1.0,0.0,1.0,0.0
full_nl,lstm,NoiselessSCMRecourse,7,1,0,93.8964135176403,4.4845117027240295,0.253,0.0,0.25,1.030997917234,0.25206987961306193,25,0,75,1.0,0.9999999996494805,0.0,0.8824527487234776,1.0,0.0,1.0,0.0
full_nl,lstm,NoiselessSCMRecourse,8,1,0,92.41994820470066,4.608395721293828,0.254,0.0,0.25,0.9404148277170056,0.24846754807377824,25,0,75,1.0,0.99999999986241,0.0,0.8842607277466054,1.0,0.0,1.0,0.0
full_nl,lstm,NoiselessSCMRecourse,9,1,0,92.9800256722188,4.679784173766942,0.254,0.0,0.25,0.9615766100650542,0.26365975856719975,25,0,75,1.0,0.9999999995058845,0.0,0.8834499608780612,1.0,0.0,1.0,0.0
full_nl,lstm,NoiselessSCMRecourse,10,1,0,95.12284863355106,4.679665290661733,0.258,0.0,0.25,0.9727505987254907,0.260967686495673,25,0,75,1.0,0.99999999973319,0.0,0.8812512904809595,1.0,0.0,1.0,0.0
full_nl,lstm,NoiselessSCMRecourse,11,1,0,91.53757443562182,4.618736276102756,0.255,0.0,0.25,0.9555924630986392,0.2736398101906331,25,0,75,1.0,0.9999999997602803,0.0,0.8854712251872815,1.0,0.0,1.0,0.0
full_nl,lstm,NoiselessSCMRecourse,12,1,0,94.25530786555979,4.585887321863933,0.253,0.0,0.25,0.969833255048982,0.2511112051257468,25,0,75,1.0,0.9999999998044018,0.0,0.882034143653991,1.0,0.0,1.0,0.0
full_nl,lstm,NoiselessSCMRecourse,13,1,0,91.55692300525504,4.459002149864568,0.255,0.0,0.25,0.9421031014953529,0.23785691352105112,25,0,75,1.0,0.9999999997924506,0.0,0.8854684002538037,1.0,0.0,1.0,0.0
full_nl,lstm,NoiselessSCMRecourse,14,1,0,94.40321587070669,4.74917328417612,0.254,0.0,0.25,0.9581022980128993,0.2591530323386116,25,0,75,1.0,0.9999999998181285,0.0,0.8819345859219931,1.0,0.0,1.0,0.0
full_nl,lstm,NoiselessSCMRecourse,15,1,0,103.37160715520838,5.0468703827933385,0.25,0.0,0.25,0.9200910016654822,0.23310459851605034,25,0,75,1.0,0.9999999998353799,0.0,0.8714089340030232,1.0,0.0,1.0,0.0
full_nl,lstm,NoiselessSCMRecourse,16,1,0,89.97139658540344,4.552622054258233,0.257,0.0,0.25,0.9244191438952944,0.25584877919258914,25,0,75,1.0,0.9999999997311457,0.0,0.8873431947270324,1.0,0.0,1.0,0.0
full_nl,lstm,NoiselessSCMRecourse,17,1,0,97.5122277050639,4.757652621501784,0.254,0.0,0.25,0.9470264912882838,0.2554500215498138,25,0,75,1.0,0.9999999996768101,0.0,0.8784975624542515,1.0,0.0,1.0,0.0
full_nl,lstm,NoiselessSCMRecourse,18,1,0,91.1815247439601,4.519529528010996,0.26,0.0,0.25,0.8891318057594717,0.2559835060770565,25,0,75,1.0,0.9999999999036436,0.0,0.8856958487938907,1.0,0.0,1.0,0.0
full_nl,lstm,NoiselessSCMRecourse,19,1,0,92.90591361236861,4.704393348150419,0.255,0.0,0.25,0.9259242841246895,0.2614260400658593,25,0,75,1.0,0.9999999996222065,0.0,0.883601497449596,1.0,0.0,1.0,0.0
full_nl,lstm,NoiselessSCMRecourse,20,1,0,98.84851283714248,5.029861673645583,0.256,0.0,0.25,0.9797999290304873,0.2505772629152363,25,0,75,1.0,0.9999999998004386,0.0,0.8768198673132576,1.0,0.0,1.0,0.0
full_nl,lstm,NoiselessSCMRecourse,21,1,0,104.63386581042616,5.178317785946655,0.257,0.0,0.25,0.8849636111952217,0.24810192737976763,25,0,75,1.0,0.9999999996378525,0.0,0.8700295826684962,1.0,0.0,1.0,0.0
full_nl,lstm,NoiselessSCMRecourse,22,1,0,98.1897480966809,4.8938966522933445,0.256,0.0,0.25,0.9196094602679611,0.2495880689304326,25,0,75,1.0,0.9999999998045077,0.0,0.8777630498193834,1.0,0.0,1.0,0.0
full_nl,lstm,NoiselessSCMRecourse,23,1,0,94.79048463050816,4.69197780082797,0.259,0.0,0.25,0.9153889771861897,0.280028546652997,25,0,75,1.0,0.9999999997918488,0.0,0.8814260512916076,1.0,0.0,1.0,0.0
full_nl,lstm,NoiselessSCMRecourse,24,1,0,96.0725034115352,4.519400876365446,0.252,0.0,0.25,0.978106555582327,0.23766157201018207,25,0,75,1.0,0.999999999674954,0.0,0.8798946200319625,1.0,0.0,1.0,0.0
full_nl,lstm,NoiselessSCMRecourse,25,1,0,105.05526531981076,5.2058136875527925,0.254,0.0,0.25,0.9137041415404754,0.25467907678671203,25,0,75,1.0,0.9999999998538525,0.0,0.8695933849568208,1.0,0.0,1.0,0.0
full_nl,lstm,NoiselessSCMRecourse,26,1,0,95.23149452806791,4.67850696916939,0.257,0.0,0.25,0.9738875064475624,0.25164323498444785,25,0,75,1.0,0.999999999724911,0.0,0.8812108095546847,1.0,0.0,1.0,0.0
full_nl,lstm,NoiselessSCMRecourse,27,1,0,86.09009761997123,4.244841360262413,0.265,0.0,0.25,1.0240191032585688,0.27651947019437406,25,0,75,1.0,0.9999999997104192,0.0,0.891765540040548,1.0,0.0,1.0,0.0
full_nl,lstm,NoiselessSCMRecourse,28,1,0,92.86629434091967,4.511172708046365,0.254,0.0,0.25,0.9373345422299147,0.2487093295311311,25,0,75,1.0,0.9999999997092839,0.0,0.8839329344485094,1.0,0.0,1.0,0.0
full_nl,lstm,NoiselessSCMRecourse,29,1,0,95.29506750503809,4.6691591057445425,0.252,0.0,0.25,0.9828501776270343,0.24093393635168903,25,0,75,1.0,0.9999999999400859,0.0,0.880995098453042,1.0,0.0,1.0,0.0
full_nl,lstm,NoiselessSCMRecourse,30,1,0,90.48086790999757,4.424370522428498,0.253,0.0,0.25,0.9710515772413942,0.2584988126893429,25,0,75,1.0,0.9999999998272017,0.0,0.8867815025470823,1.0,0.0,1.0,0.0
full_nl,lstm,NoiselessSCMRecourse,31,1,0,98.31203494316995,4.890633953500926,0.257,0.0,0.25,0.9460676133097248,0.246323088201891,25,0,75,1.0,0.9999999997641716,0.0,0.8773333273142648,1.0,0.0,1.0,0.0
full_nl,lstm,NoiselessSCMRecourse,32,1,0,96.45674732538671,4.805228687390209,0.259,0.0,0.25,0.9188416860434453,0.244801635709519,25,0,75,1.0,0.99999999980474,0.0,0.879740935148441,1.0,0.0,1.0,0.0
full_nl,lstm,NoiselessSCMRecourse,33,1,0,99.39611567060463,5.093978804069779,0.257,0.0,0.25,0.9414475071595362,0.21952634120909245,25,0,75,1.0,0.9999999998992161,0.0,0.8761176958522235,1.0,0.0,1.0,0.0
full_nl,lstm,NoiselessSCMRecourse,34,1,0,94.81196409852771,4.5755038442134905,0.254,0.0,0.25,0.9744766213052704,0.25864718161203254,25,0,75,1.0,0.9999999999021156,0.0,0.8816431680011837,1.0,0.0,1.0,0.0
full_nl,lstm,NoiselessSCMRecourse,35,1,0,91.54947516888603,4.591627742211183,0.256,0.0,0.25,0.933712161714111,0.27954010536930335,25,0,75,1.0,0.9999999997654573,0.0,0.8853427885249844,1.0,0.0,1.0,0.0
full_nl,lstm,NoiselessSCMRecourse,36,1,0,103.78008368598232,5.07993843590656,0.252,0.0,0.25,0.8762909234261791,0.25667944370198104,25,0,75,1.0,0.9999999997048922,0.0,0.8710304903272691,1.0,0.0,1.0,0.0
full_nl,lstm,NoiselessSCMRecourse,37,1,0,89.77193903487891,4.222184870628225,0.254,0.0,0.25,1.0202957715153669,0.23909395296520713,25,0,75,1.0,0.9999999998789608,0.0,0.88752151002257,1.0,0.0,1.0,0.0
full_nl,lstm,NoiselessSCMRecourse,38,1,0,93.6748226017118,4.554822105984288,0.255,0.0,0.25,1.0200539744911552,0.2439250727212552,25,0,75,1.0,0.9999999997290866,0.0,0.8830120141287556,1.0,0.0,1.0,0.0
full_nl,lstm,NoiselessSCMRecourse,39,1,0,93.4040060355818,4.4931831777724565,0.253,0.0,0.25,0.9380867341081576,0.2302891397161123,25,0,75,1.0,0.9999999996351063,0.0,0.8831420011915324,1.0,0.0,1.0,0.0
full_nl,lstm,NoiselessSCMRecourse,40,1,0,96.28641512335443,4.61830774764064,0.256,0.0,0.25,0.9424524935451879,0.26707540177853406,25,0,75,1.0,0.9999999998610579,0.0,0.8797787964928155,1.0,0.0,1.0,0.0
full_nl,lstm,NoiselessSCMRecourse,41,1,0,101.31404337500874,5.049130024958903,0.251,0.0,0.25,0.9005949148357532,0.2514093404972826,25,0,75,1.0,0.9999999998945657,0.0,0.8739785033206103,1.0,0.0,1.0,0.0
full_nl,lstm,NoiselessSCMRecourse,42,1,0,93.55398797290985,4.700004875365527,0.254,0.0,0.25,0.9728315727753842,0.2372192284015142,25,0,75,1.0,0.9999999997581328,0.0,0.8830104215051123,1.0,0.0,1.0,0.0
full_nl,lstm,NoiselessSCMRecourse,43,1,0,90.84548111711915,4.5786537063311785,0.254,0.0,0.25,1.0166032412463548,0.24712220149369793,25,0,75,1.0,0.9999999998437051,0.0,0.8861582241383177,1.0,0.0,1.0,0.0
full_nl,lstm,NoiselessSCMRecourse,44,1,0,93.5121144679307,4.600549777769699,0.253,0.0,0.25,0.9257902898246133,0.26344438100009726,25,0,75,1.0,0.9999999995936927,0.0,0.8830612890462858,1.0,0.0,1.0,0.0
full_nl,lstm,NoiselessSCMRecourse,45,1,0,98.58888375457988,4.81157379174767,0.254,0.0,0.25,0.8610871876001035,0.2568895299885256,25,0,75,1.0,0.9999999998011282,0.0,0.8769633329854235,1.0,0.0,1.0,0.0
full_nl,lstm,NoiselessSCMRecourse,46,1,0,96.09549368508425,4.931131011430243,0.252,0.0,0.25,0.9111050914326702,0.25315154401779755,25,0,75,1.0,0.9999999997488966,0.0,0.8801265430560878,1.0,0.0,1.0,0.0
full_nl,lstm,NoiselessSCMRecourse,47,1,0,92.02555588860395,4.5761879683689815,0.253,0.0,0.25,0.9998525744326336,0.25587064653090374,25,0,75,1.0,0.9999999998167849,0.0,0.8846870108739684,1.0,0.0,1.0,0.0
full_nl,lstm,NoiselessSCMRecourse,48,1,0,92.08108427243985,4.507026635571992,0.253,0.0,0.25,0.976791356100437,0.25248423248370455,25,0,75,1.0,0.9999999998298619,0.0,0.8848392851548591,1.0,0.0,1.0,0.0
full_nl,lstm,NoiselessSCMRecourse,49,1,0,91.92535421943786,4.680725836000893,0.256,0.0,0.25,0.9352584551600425,0.25685996125326266,25,0,75,1.0,0.9999999998682585,0.0,0.8849712418210893,1.0,0.0,1.0,0.0
full_nl,lstm,NoiselessSCMRecourse,50,1,0,97.52722685540613,4.8911456851032336,0.255,0.0,0.25,0.9347140577522504,0.2439421577436422,25,0,75,1.0,0.9999999998016669,0.0,0.8781848911939857,1.0,0.0,1.0,0.0
full_nl,lstm,NoiselessSCMRecourse,51,1,0,103.52260194475491,5.164308557374148,0.251,0.0,0.25,0.957188562346247,0.2548581209011185,25,0,75,1.0,0.9999999998616795,0.0,0.8713785600485793,1.0,0.0,1.0,0.0
full_nl,lstm,NoiselessSCMRecourse,52,1,0,100.39794774678646,4.835365927612739,0.253,0.0,0.25,0.9357548673098433,0.2546322795748179,25,0,75,1.0,0.999999999341252,0.0,0.8749059866274765,1.0,0.0,1.0,0.0
full_nl,lstm,NoiselessSCMRecourse,53,1,0,87.03510774237046,4.233599740631644,0.257,0.0,0.25,0.9986095093520382,0.2574378647271089,25,0,75,1.0,0.999999999758314,0.0,0.8905292322912156,1.0,0.0,1.0,0.0
full_nl,lstm,NoiselessSCMRecourse,54,1,0,100.10393184387289,4.950589204461151,0.256,0.0,0.25,0.9471909015743556,0.25535631109398466,25,0,75,1.0,0.9999999998315016,0.0,0.8753333285380331,1.0,0.0,1.0,0.0
full_nl,lstm,NoiselessSCMRecourse,55,1,0,93.25010500527874,4.703501983041195,0.256,0.0,0.25,0.922472244106129,0.23715650002729308,25,0,75,1.0,0.9999999996528636,0.0,0.8831989830241149,1.0,0.0,1.0,0.0
full_nl,lstm,NoiselessSCMRecourse,56,1,0,89.36965759858526,4.3853607994007735,0.256,0.0,0.25,0.9632970896006094,0.29693466320222767,25,0,75,1.0,0.9999999997080306,0.0,0.8880322317719898,1.0,0.0,1.0,0.0
full_nl,lstm,NoiselessSCMRecourse,57,1,0,98.44655486612082,4.9430686121903165,0.253,0.0,0.25,0.9113146082880164,0.23857734270612116,25,0,75,1.0,0.9999999994123517,0.0,0.8772812813102994,1.0,0.0,1.0,0.0
full_nl,lstm,NoiselessSCMRecourse,58,1,0,93.58774669150256,4.537517421613895,0.254,0.0,0.25,0.9608401311007653,0.27517910159556125,25,0,75,1.0,0.9999999998148458,0.0,0.8828316435099982,1.0,0.0,1.0,0.0
full_nl,lstm,NoiselessSCMRecourse,59,1,0,95.77082551019723,4.6858140773141415,0.251,0.0,0.25,0.951345041820824,0.25850252809958874,25,0,75,1.0,0.9999999994880587,0.0,0.8804880505243016,1.0,0.0,1.0,0.0
full_nl,lstm,NoiselessSCMRecourse,60,1,0,94.901014085236,4.598369442613901,0.255,0.0,0.25,0.9856505535922233,0.2612501769334541,25,0,75,1.0,0.9999999997389316,0.0,0.881260848137448,1.0,0.0,1.0,0.0
full_nl,lstm,NoiselessSCMRecourse,61,1,0,105.87729053909722,5.401581593496305,0.258,0.0,0.25,0.9130516083227359,0.28090495521011316,25,0,75,1.0,0.9999999998086042,0.0,0.8684436986459816,1.0,0.0,1.0,0.0
full_nl,lstm,NoiselessSCMRecourse,62,1,0,94.4831981879801,4.69121728966005,0.258,0.0,0.25,0.913238417736456,0.2636579235936204,25,0,75,1.0,0.9999999997296712,0.0,0.8818149250117754,1.0,0.0,1.0,0.0
full_nl,lstm,NoiselessSCMRecourse,63,1,0,95.45100679493288,4.666405726080228,0.253,0.0,0.25,0.9670858694671067,0.24848599312764044,25,0,75,1.0,0.9999999999158062,0.0,0.8807344347941264,1.0,0.0,1.0,0.0
full_nl,lstm,NoiselessSCMRecourse,64,1,0,98.34346139879838,4.809036128025545,0.254,0.0,0.25,0.8803096878230066,0.282716639623595,25,0,75,1.0,0.999999999622887,0.0,0.8774477135604374,1.0,0.0,1.0,0.0
full_nl,lstm,NoiselessSCMRecourse,65,1,0,90.92473838266147,4.543095563554521,0.254,0.0,0.25,1.0263763165292958,0.2538849847904966,25,0,75,1.0,0.9999999998079563,0.0,0.8860799073906332,1.0,0.0,1.0,0.0
full_nl,lstm,NoiselessSCMRecourse,66,1,0,92.30020061805453,4.466638696242569,0.256,0.0,0.25,0.9278941954429434,0.25500421939705725,25,0,75,1.0,0.9999999998989528,0.0,0.8845747262021821,1.0,0.0,1.0,0.0
full_nl,lstm,NoiselessSCMRecourse,67,1,0,98.1131835367738,4.72480923532646,0.258,0.0,0.25,0.9674922559767397,0.26155594372527363,25,0,75,1.0,0.9999999998712481,0.0,0.8775575293980288,1.0,0.0,1.0,0.0
full_nl,lstm,NoiselessSCMRecourse,68,1,0,90.53656735695107,4.40015889896642,0.257,0.0,0.25,0.9952059439030915,0.2415611343509817,25,0,75,1.0,0.9999999998218089,0.0,0.8865786503745235,1.0,0.0,1.0,0.0
full_nl,lstm,NoiselessSCMRecourse,69,1,0,97.60298629914281,4.84584194575113,0.256,0.0,0.25,0.92455238725428,0.26493531608441045,25,0,75,1.0,0.9999999996337112,0.0,0.8780772647187054,1.0,0.0,1.0,0.0
full_nl,lstm,NoiselessSCMRecourse,70,1,0,106.63519962231538,5.291023644151915,0.252,0.0,0.25,0.8820084254452637,0.2380330875030646,25,0,75,1.0,0.9999999998327516,0.0,0.8677495134396299,1.0,0.0,1.0,0.0
full_nl,lstm,NoiselessSCMRecourse,71,1,0,99.31417645962671,4.827999258956427,0.256,0.0,0.25,0.8628185752258681,0.2651846710643955,25,0,75,1.0,0.9999999998328201,0.0,0.8761355342370912,1.0,0.0,1.0,0.0
full_nl,lstm,NoiselessSCMRecourse,72,1,0,101.2457131216459,5.153685472780291,0.252,0.0,0.25,0.9208115525234969,0.24303663769390976,25,0,75,1.0,0.9999999998372148,0.0,0.8741170644097185,1.0,0.0,1.0,0.0
full_nl,lstm,NoiselessSCMRecourse,73,1,0,96.45525152795179,4.619525709464908,0.253,0.0,0.25,0.9248954310026717,0.2528263762582804,25,0,75,1.0,0.9999999997591,0.0,0.8795347942746827,1.0,0.0,1.0,0.0
full_nl,lstm,NoiselessSCMRecourse,74,1,0,98.80008912742312,4.849738552428356,0.251,0.0,0.25,0.9035965759223887,0.24276358119055813,25,0,75,1.0,0.9999999998591915,0.0,0.8767675309718578,1.0,0.0,1.0,0.0
full_nl,lstm,NoiselessSCMRecourse,75,1,0,103.07345269891499,5.073357518578071,0.255,0.0,0.25,0.9180497414842722,0.23179262762140398,25,0,75,1.0,0.999999999776101,0.0,0.8719299876172345,1.0,0.0,1.0,0.0
full_nl,lstm,NoiselessSCMRecourse,76,1,0,97.03551888428288,4.608265940071569,0.254,0.0,0.25,0.942779291303294,0.2479411954603609,25,0,75,1.0,0.9999999998957496,0.0,0.8788318676211618,1.0,0.0,1.0,0.0
full_nl,lstm,NoiselessSCMRecourse,77,1,0,96.0896444652991,4.498550803219509,0.254,0.0,0.25,0.9527294648639576,0.22789528103498552,25,0,75,1.0,0.9999999996448901,0.0,0.8801231891899816,1.0,0.0,1.0,0.0
full_nl,lstm,NoiselessSCMRecourse,78,1,0,97.77659001086599,4.766360450954958,0.253,0.0,0.25,0.8850488550355964,0.2752149541643376,25,0,75,1.0,0.9999999998509453,0.0,0.8780579355075303,1.0,0.0,1.0,0.0
full_nl,lstm,NoiselessSCMRecourse,79,1,0,105.27537198053153,5.261904531970808,0.25,0.0,0.25,0.8846627799465386,0.2788933690786275,25,0,75,1.0,0.9999999998326747,0.0,0.8693701565223421,1.0,0.0,1.0,0.0
full_nl,lstm,NoiselessSCMRecourse,80,1,0,97.68790547703532,4.79666272388559,0.255,0.0,0.25,0.9210967515564231,0.2506035653209319,25,0,75,1.0,0.9999999999122283,0.0,0.8783373104927554,1.0,0.0,1.0,0.0
full_nl,lstm,NoiselessSCMRecourse,81,1,0,96.90093076021122,4.761707919538581,0.255,0.0,0.25,0.9108660299972039,0.2578648070409538,25,0,75,1.0,0.9999999996630016,0.0,0.8790773349779785,1.0,0.0,1.0,0.0
full_nl,lstm,NoiselessSCMRecourse,82,1,0,98.51391339696292,4.8451373112671625,0.253,0.0,0.25,0.9258633823664549,0.24793070713324544,25,0,75,1.0,0.9999999997886324,0.0,0.8772732086554011,1.0,0.0,1.0,0.0
full_nl,lstm,NoiselessSCMRecourse,83,1,0,102.40570625647271,5.258288239614398,0.255,0.0,0.25,0.8509335680236039,0.2613911861150054,25,0,75,1.0,0.9999999995340613,0.0,0.8728170246091026,1.0,0.0,1.0,0.0
full_nl,lstm,NoiselessSCMRecourse,84,1,0,101.99136049601219,5.032584598046218,0.253,0.0,0.25,0.9210584853348869,0.25053263171124535,25,0,75,1.0,0.9999999998087541,0.0,0.8731413571616172,1.0,0.0,1.0,0.0
full_nl,lstm,NoiselessSCMRecourse,85,1,0,86.44337207447656,4.229918731244245,0.254,0.0,0.25,0.9793236630785153,0.22935426283604973,25,0,75,1.0,0.9999999997279876,0.0,0.891499215234534,1.0,0.0,1.0,0.0
full_nl,lstm,NoiselessSCMRecourse,86,1,0,99.11725197013479,4.752360138991322,0.255,0.0,0.25,0.9427913218623525,0.2511877248389271,25,0,75,1.0,0.9999999998625536,0.0,0.8765122962432588,1.0,0.0,1.0,0.0
full_nl,lstm,NoiselessSCMRecourse,87,1,0,94.48640136359889,4.49632765544697,0.252,0.0,0.25,0.9121719041207362,0.2513780110405138,25,0,75,1.0,0.999999999782799,0.0,0.8818154666374349,1.0,0.0,1.0,0.0
full_nl,lstm,NoiselessSCMRecourse,88,1,0,96.49082959938241,4.816407311585319,0.252,0.0,0.25,0.9127595422999994,0.2441747933036412,25,0,75,1.0,0.9999999998223775,0.0,0.8795736978979991,1.0,0.0,1.0,0.0
full_nl,lstm,NoiselessSCMRecourse,89,1,0,99.68106798814249,5.071216385403281,0.254,0.0,0.25,0.9600414771948169,0.29514988095401884,25,0,75,1.0,0.9999999997713745,0.0,0.8758655677856556,1.0,0.0,1.0,0.0
full_nl,lstm,NoiselessSCMRecourse,90,1,0,99.44769535277104,4.942443926829784,0.259,0.0,0.25,0.9298256441353377,0.22920559915277208,25,0,75,1.0,0.9999999997024662,0.0,0.8760286860263935,1.0,0.0,1.0,0.0
full_nl,lstm,NoiselessSCMRecourse,91,1,0,94.50424764224991,4.6082449765286375,0.253,0.0,0.25,0.9553150044387797,0.28510810030631634,25,0,75,1.0,0.9999999998311551,0.0,0.8820475670484673,1.0,0.0,1.0,0.0
full_nl,lstm,NoiselessSCMRecourse,92,1,0,91.73910456923733,4.700166742026421,0.259,0.0,0.25,0.991586554936777,0.26071734706531857,25,0,75,1.0,0.9999999997130181,0.0,0.885213395722955,1.0,0.0,1.0,0.0
full_nl,lstm,NoiselessSCMRecourse,93,1,0,100.2593534831723,4.890420214695355,0.252,0.0,0.25,0.9547948641871414,0.2508062913893867,25,0,75,1.0,0.9999999998130248,0.0,0.875151662364936,1.0,0.0,1.0,0.0
full_nl,lstm,NoiselessSCMRecourse,94,1,0,97.96926686788373,4.779635732214246,0.255,0.0,0.25,0.9099668272899386,0.2779153521081433,25,0,75,1.0,0.9999999998437508,0.0,0.8778066829506963,1.0,0.0,1.0,0.0
full_nl,lstm,NoiselessSCMRecourse,95,1,0,105.24834516315804,5.145513118938711,0.253,0.0,0.25,0.9121515460862365,0.24723454652118537,25,0,75,1.0,0.9999999998420163,0.0,0.8695114148648433,1.0,0.0,1.0,0.0
full_nl,lstm,NoiselessSCMRecourse,96,1,0,97.58259162448084,4.848576017513477,0.254,0.0,0.25,0.9484245869488042,0.23127624946312378,25,0,75,1.0,0.9999999997314047,0.0,0.8783297850256907,1.0,0.0,1.0,0.0
full_nl,lstm,NoiselessSCMRecourse,97,1,0,94.15444982967824,4.6011712631036445,0.253,0.0,0.25,0.9756404611164453,0.2834074250629873,25,0,75,1.0,0.9999999996270025,0.0,0.8822664730081567,1.0,0.0,1.0,0.0
full_nl,lstm,NoiselessSCMRecourse,98,1,0,89.33368646401101,4.486920904343346,0.257,0.0,0.25,0.9850352822145363,0.22928394985118883,25,0,75,1.0,0.9999999996657991,0.0,0.8879640557744205,1.0,0.0,1.0,0.0
full_nl,lstm,NoiselessSCMRecourse,99,1,0,93.20198400135814,4.742094024339869,0.253,0.0,0.25,0.8931785998100792,0.2535950219106586,25,0,75,1.0,0.9999999997610397,0.0,0.883208349215289,1.0,0.0,1.0,0.0
full_nl,lstm,PearlSCMRecourse,0,0,1,451.923990815585,73.93651952052888,0.707,0.0,0.63,0.6073289638774254,0.3984943108118763,50,0,1,0.0,0.8824224220777928,1.0,0.999999933078138,0.0,0.0,,
full_nl,lstm,PearlSCMRecourse,1,0,1,348.1927362169227,61.75644480838506,0.723,0.0,0.64,0.6395687602534106,0.4521620996025541,50,0,1,0.0,0.8907129719611638,1.0,0.9999999549772801,0.0,0.0,,
full_nl,lstm,PearlSCMRecourse,2,0,1,7.003604449547923e-06,6.218543019645832e-07,1.0,1.0,1.0,1.0309290130958515,0.9767458173434405,99,1,0,nan,nan,nan,nan,0.0,0.0,,
full_nl,lstm,PearlSCMRecourse,3,0,1,509.7617273314941,81.25766991051397,0.707,0.0,0.63,0.6304963438029182,0.36482625492594206,50,0,1,0.0,0.8701468134100387,1.0,0.9999999341911432,0.0,0.0,,
full_nl,lstm,PearlSCMRecourse,4,0,1,367.6028585914234,64.2454624207146,0.727,0.0,0.64,0.6083528433395357,0.43529928293677794,50,0,1,0.0,0.8844182138050019,1.0,0.9999999557905561,0.0,0.0,,
full_nl,lstm,PearlSCMRecourse,5,0,1,219.89681540249703,45.95778029176116,0.758,0.0,0.65,0.6215081061394688,0.5673012331410089,50,0,1,0.0,0.8821233148563664,1.0,0.9999999737453047,0.0,0.0,,
full_nl,lstm,PearlSCMRecourse,6,0,1,432.7103727301608,74.26775354899429,0.717,0.0,0.64,0.6127433079140591,0.4060032223053261,50,0,1,0.0,0.8836343624625479,1.0,0.9999999574415149,0.0,0.0,,
full_nl,lstm,PearlSCMRecourse,7,0,1,398.45606267281613,64.44549273466129,0.714,0.0,0.64,0.6446582748254223,0.41341109887798866,50,0,1,0.0,0.8805385517680108,1.0,0.9999999512543227,0.0,0.0,,
full_nl,lstm,PearlSCMRecourse,8,0,1,464.26558700969605,75.58124339808968,0.708,0.0,0.63,0.608275742039549,0.4024941892960165,50,0,1,0.0,0.8883467752410432,1.0,0.9999999436944949,0.0,0.0,,
full_nl,lstm,PearlSCMRecourse,9,0,1,458.3352340190126,83.44336074761374,0.741,0.0,0.64,0.6710839556018156,0.380717593061104,50,0,1,0.0,0.8897446885718989,1.0,0.9999999395671731,0.0,0.0,,
full_nl,lstm,PearlSCMRecourse,10,0,1,5.70020695042292e-06,2.8528115615447714e-07,1.0,1.0,1.0,0.9369180952747874,0.9841424621091555,99,1,0,nan,nan,nan,nan,0.0,0.0,,
full_nl,lstm,PearlSCMRecourse,11,0,1,0.00019351677122566137,4.842804239878424e-05,1.0,1.0,1.0,0.5116620050922361,0.9913737013076716,99,1,0,nan,nan,nan,nan,0.0,0.0,,
full_nl,lstm,PearlSCMRecourse,12,0,1,454.49438290120423,74.02338835175692,0.709,0.0,0.63,0.6053615769920586,0.39861960778633226,50,0,1,0.0,0.8857440681789817,1.0,0.9999999389335864,0.0,0.0,,
full_nl,lstm,PearlSCMRecourse,13,0,1,53.24267732776596,9.41760144248545,0.798,0.0,0.71,0.5578959722299821,0.9084932685662093,25,0,1,0.0,0.8854380027487042,1.0,0.9999999882535914,0.0,0.0,,
full_nl,lstm,PearlSCMRecourse,14,0,1,434.8896672925036,75.73998993440107,0.709,0.0,0.63,0.620928412277566,0.41354860306415436,50,0,1,0.0,0.8891157215551136,1.0,0.9999999336903374,0.0,0.0,,
full_nl,lstm,PearlSCMRecourse,15,0,1,453.50049213521856,75.98809061727604,0.712,0.0,0.63,0.6610749338545159,0.3868196274991624,50,0,1,0.0,0.8704106610766358,1.0,0.9999999525926051,0.0,0.0,,
full_nl,lstm,PearlSCMRecourse,16,0,1,471.88402137125183,76.96646782507054,0.708,0.0,0.63,0.6020572862382357,0.39610130337095617,50,0,1,0.0,0.8901709998038074,1.0,0.9999999354065985,0.0,0.0,,
full_nl,lstm,PearlSCMRecourse,17,0,1,346.2662091049226,64.51307174330148,0.717,0.0,0.64,0.6376864554063053,0.4412186423347204,50,0,1,0.0,0.8795169443054041,1.0,0.9999999387082142,0.0,0.0,,
full_nl,lstm,PearlSCMRecourse,18,0,1,447.7863748740293,72.55700679122434,0.716,0.0,0.63,0.609909809998164,0.4037313304906507,50,0,1,0.0,0.8862749575556961,1.0,0.9999999286462893,0.0,0.0,,
full_nl,lstm,PearlSCMRecourse,19,0,1,443.6965185975708,72.88617119201635,0.711,0.0,0.64,0.6400244012527799,0.39355207795115565,50,0,1,0.0,0.8818676773846907,1.0,0.9999999591654313,0.0,0.0,,
full_nl,lstm,PearlSCMRecourse,20,0,1,5.545857767276941e-06,3.042396077643321e-07,1.0,1.0,1.0,1.1295897444700975,0.9773649960024416,99,1,0,nan,nan,nan,nan,0.0,0.0,,
full_nl,lstm,PearlSCMRecourse,21,0,1,80.93749594855404,17.258045288184245,0.751,0.0,0.67,0.4931861954832957,0.8334280235226572,25,0,1,0.0,0.8700295925637459,1.0,0.9999999819156692,0.0,0.0,,
full_nl,lstm,PearlSCMRecourse,22,0,1,5.879565757215791e-06,2.8989400426271566e-07,1.0,1.0,1.0,0.9711296983217896,0.9968157663330389,99,1,0,nan,nan,nan,nan,0.0,0.0,,
full_nl,lstm,PearlSCMRecourse,23,0,1,505.0248182653234,87.66399070061836,0.711,0.0,0.63,0.6782398721854168,0.3390896106434046,50,0,1,0.0,0.8839470664659159,1.0,0.9999999399637419,0.0,0.0,,
full_nl,lstm,PearlSCMRecourse,24,0,1,281.70755282230385,50.771538094582475,0.718,0.0,0.64,0.6127734529861757,0.5319992138829713,50,0,1,0.0,0.8760860663192099,1.0,0.999999949567419,0.0,0.0,,
full_nl,lstm,PearlSCMRecourse,25,0,1,478.5844814698634,75.843343375231,0.708,0.0,0.63,0.6267386341412378,0.3625892334734268,50,0,1,0.0,0.8688730270279585,1.0,0.9999999177930271,0.0,0.0,,
full_nl,lstm,PearlSCMRecourse,26,0,1,0.00015105499680783568,6.205933140573201e-05,1.0,1.0,1.0,1.1400387667061882,0.987741474058272,99,1,0,nan,nan,nan,nan,0.0,0.0,,
full_nl,lstm,PearlSCMRecourse,27,0,1,476.61331345205883,76.73716363283926,0.707,0.0,0.63,0.620025029995044,0.37785260267613013,50,0,1,0.0,0.8930376088484507,1.0,0.9999999221392912,0.0,0.0,,
full_nl,lstm,PearlSCMRecourse,28,0,1,5.556984988407121e-06,2.761988106047814e-07,1.0,1.0,1.0,1.0001261546356042,0.9720668948290224,99,1,0,nan,nan,nan,nan,0.0,0.0,,
full_nl,lstm,PearlSCMRecourse,29,0,1,5.501179046258058e-06,2.8790166533642056e-07,1.0,1.0,1.0,1.0256928952979891,0.9971038817938248,99,1,0,nan,nan,nan,nan,0.0,0.0,,
full_nl,lstm,PearlSCMRecourse,30,0,1,448.6127177641255,73.88442227722517,0.708,0.0,0.63,0.6039181747269784,0.4003384725186787,50,0,1,0.0,0.8846667634802223,1.0,0.9999999264869103,0.0,0.0,,
full_nl,lstm,PearlSCMRecourse,31,0,1,0.00025442159822779793,5.312177275247505e-05,1.0,1.0,1.0,0.5951717747251802,0.9936231111369693,99,1,0,nan,nan,nan,nan,0.0,0.0,,
full_nl,lstm,PearlSCMRecourse,32,0,1,309.44942542602683,56.18665672068454,0.721,0.0,0.64,0.5578418566365733,0.5179795081557188,50,0,1,0.0,0.8810904914762782,1.0,0.9999999749292545,0.0,0.0,,
full_nl,lstm,PearlSCMRecourse,33,0,1,365.0123995151875,63.719256431788494,0.719,0.0,0.64,0.5796943634784375,0.4598531020819356,50,0,1,0.0,0.8717479088670583,1.0,0.9999999458936604,0.0,0.0,,
full_nl,lstm,PearlSCMRecourse,34,0,1,6.234679894661331e-06,4.839555986208409e-07,1.0,1.0,1.0,1.0261770576759184,0.9987303604602191,99,1,0,nan,nan,nan,nan,0.0,0.0,,
full_nl,lstm,PearlSCMRecourse,35,0,1,431.50553662715964,71.72599416559346,0.716,0.0,0.63,0.5959175152544697,0.41555079510201615,50,0,1,0.0,0.8829567668815185,1.0,0.9999999486063005,0.0,0.0,,
full_nl,lstm,PearlSCMRecourse,36,0,1,357.27510381792933,63.313231664786734,0.709,0.0,0.63,0.5768375528822847,0.4609636522286166,50,0,1,0.0,0.8745023127134229,1.0,0.9999999630284692,0.0,0.0,,
full_nl,lstm,PearlSCMRecourse,37,0,1,5.115490229338007e-06,2.469060874994386e-07,1.0,1.0,1.0,1.0529204355167123,0.9737893046962113,99,1,0,nan,nan,nan,nan,0.0,0.0,,
full_nl,lstm,PearlSCMRecourse,38,0,1,6.639553412346021e-06,3.7785205860704116e-07,1.0,1.0,1.0,0.9957888136866746,0.9960237761715921,99,1,0,nan,nan,nan,nan,0.0,0.0,,
full_nl,lstm,PearlSCMRecourse,39,0,1,449.33079033204206,73.30574807409317,0.707,0.0,0.63,0.6051303514506136,0.40891514487568525,50,0,1,0.0,0.8844136216544668,1.0,0.999999948330478,0.0,0.0,,
full_nl,lstm,PearlSCMRecourse,40,0,1,75.38139177818059,13.278452451729256,0.797,0.0,0.7,0.6977265578020304,0.790408663124594,25,0,1,0.0,0.8797891183231199,1.0,0.9999999880854495,0.0,0.0,,
full_nl,lstm,PearlSCMRecourse,41,0,1,365.6386159659957,63.720964939593195,0.725,0.0,0.63,0.607064713095418,0.4482116644009928,50,0,1,0.0,0.8716156069292822,1.0,0.9999999621920482,0.0,0.0,,
full_nl,lstm,PearlSCMRecourse,42,0,1,461.38797505813176,74.37700999667486,0.707,0.0,0.63,0.6091834383159477,0.39268734601508476,50,0,1,0.0,0.8825534953018355,1.0,0.9999999361012256,0.0,0.0,,
full_nl,lstm,PearlSCMRecourse,43,0,1,6.275801925082142e-06,4.021961315217003e-07,1.0,1.0,1.0,1.0428473405268097,0.979396102868241,99,1,0,nan,nan,nan,nan,0.0,0.0,,
full_nl,lstm,PearlSCMRecourse,44,0,1,448.33333536684114,76.77863680712622,0.727,0.0,0.64,0.6482911740203848,0.38575506935889464,50,0,1,0.0,0.8892462572239468,1.0,0.9999999398928723,0.0,0.0,,
full_nl,lstm,PearlSCMRecourse,45,0,1,486.53434472276456,80.98065044542174,0.735,0.0,0.64,0.6607708004189518,0.3631944249665397,50,0,1,0.0,0.8852936773996226,1.0,0.9999999405034682,0.0,0.0,,
full_nl,lstm,PearlSCMRecourse,46,0,1,444.75849679763985,73.76622661810867,0.727,0.0,0.64,0.6533666113350528,0.38152758100065076,50,0,1,0.0,0.8872008390662423,1.0,0.9999999528195719,0.0,0.0,,
full_nl,lstm,PearlSCMRecourse,47,0,1,427.8149963636817,71.68487048796885,0.709,0.0,0.63,0.6861407497734171,0.38897965975096777,50,0,1,0.0,0.8855933287484716,1.0,0.999999957233539,0.0,0.0,,
full_nl,lstm,PearlSCMRecourse,48,0,1,5.5177484567792145e-06,2.7441574150825534e-07,1.0,1.0,1.0,0.9913883345629989,0.988926680140528,99,1,0,nan,nan,nan,nan,0.0,0.0,,
full_nl,lstm,PearlSCMRecourse,49,0,1,5.142941914488761e-06,2.420028171858022e-07,1.0,1.0,1.0,1.1014796024444,0.9841708320487144,99,1,0,nan,nan,nan,nan,0.0,0.0,,
full_nl,lstm,PearlSCMRecourse,50,0,1,6.949328899525254e-06,3.8921081706684e-07,1.0,1.0,1.0,0.930378804466781,0.9979156434610358,99,1,0,nan,nan,nan,nan,0.0,0.0,,
full_nl,lstm,PearlSCMRecourse,51,0,1,5.771749874266749e-06,3.0315604798644396e-07,1.0,1.0,1.0,1.0219495291298732,0.9540161071532296,99,1,0,nan,nan,nan,nan,0.0,0.0,,
full_nl,lstm,PearlSCMRecourse,52,0,1,383.33635148557124,64.81618244511733,0.72,0.0,0.63,0.6121004456353325,0.426725763545214,50,0,1,0.0,0.8785544017612518,1.0,0.99999993646996,0.0,0.0,,
full_nl,lstm,PearlSCMRecourse,53,0,1,423.15521006614375,70.27571585562715,0.727,0.0,0.64,0.6092604659482108,0.4130219643199186,50,0,1,0.0,0.8903809803136816,1.0,0.9999999450295772,0.0,0.0,,
full_nl,lstm,PearlSCMRecourse,54,0,1,414.56867678923606,74.02844839865288,0.722,0.0,0.63,0.6108894676636214,0.40313394681508974,50,0,1,0.0,0.8744488350691013,1.0,0.9999999596119463,0.0,0.0,,
full_nl,lstm,PearlSCMRecourse,55,0,1,5.822514926778679e-06,2.8758320054187583e-07,1.0,1.0,1.0,1.0348463435146251,0.9462471091753386,99,1,0,nan,nan,nan,nan,0.0,0.0,,
full_nl,lstm,PearlSCMRecourse,56,0,1,462.3315006305435,74.94112331021476,0.717,0.0,0.63,0.6241685927506386,0.381865513523422,50,0,1,0.0,0.8930167951117113,1.0,0.9999999301743988,0.0,0.0,,
full_nl,lstm,PearlSCMRecourse,57,0,1,431.1398256229463,70.16593336637442,0.718,0.0,0.63,0.6107172414993343,0.4065422059087066,50,0,1,0.0,0.8732054407861818,1.0,0.99999993324452,0.0,0.0,,
full_nl,lstm,PearlSCMRecourse,58,0,1,504.7895388159612,84.50947369980494,0.72,0.0,0.63,0.6857484567838876,0.3401660415758911,50,0,1,0.0,0.8861717365639646,1.0,0.9999999621600127,0.0,0.0,,
full_nl,lstm,PearlSCMRecourse,59,0,1,377.4065136186062,62.734578212897404,0.728,0.0,0.65,0.6070335151122835,0.44259566478528684,50,0,1,0.0,0.8827808071514296,1.0,0.9999999565339468,0.0,0.0,,
full_nl,lstm,PearlSCMRecourse,60,0,1,0.00040608619046222406,8.801468921687063e-05,1.0,1.0,1.0,0.49079009795134787,0.9825316857107491,99,1,0,nan,nan,nan,nan,0.0,0.0,,
full_nl,lstm,PearlSCMRecourse,61,0,1,287.6844700989098,56.44828558855882,0.717,0.0,0.64,0.5568685363401872,0.5159653183449472,50,0,1,0.0,0.8602296169977884,1.0,0.9999999577507035,0.0,0.0,,
full_nl,lstm,PearlSCMRecourse,62,0,1,390.5351427343193,64.98863582523013,0.722,0.0,0.63,0.6043173769170983,0.4338252586466808,50,0,1,0.0,0.8844908274519411,1.0,0.9999999731671565,0.0,0.0,,
full_nl,lstm,PearlSCMRecourse,63,0,1,441.9240229217911,72.77710946060508,0.716,0.0,0.63,0.6246023958446151,0.39429162544418117,50,0,1,0.0,0.881204221715449,1.0,0.9999999620654949,0.0,0.0,,
full_nl,lstm,PearlSCMRecourse,64,0,1,367.51682636707505,64.27077144283702,0.717,0.0,0.63,0.5690028486831069,0.46456060543711536,50,0,1,0.0,0.8766543559985166,1.0,0.9999999263446963,0.0,0.0,,
full_nl,lstm,PearlSCMRecourse,65,0,1,422.3368902780321,72.8992150850445,0.717,0.0,0.63,0.620939927147581,0.4160719996595476,50,0,1,0.0,0.8865310034544526,1.0,0.9999999485959453,0.0,0.0,,
full_nl,lstm,PearlSCMRecourse,66,0,1,338.27618286055286,60.91768615938858,0.741,0.0,0.65,0.6380032917419723,0.46492060901879634,50,0,1,0.0,0.8864991478941199,1.0,0.9999999690886208,0.0,0.0,,
full_nl,lstm,PearlSCMRecourse,67,0,1,441.685638087047,75.28777979017603,0.728,0.0,0.64,0.713887103249274,0.3625216126458078,50,0,1,0.0,0.8820885070627658,1.0,0.9999999610425552,0.0,0.0,,
full_nl,lstm,PearlSCMRecourse,68,0,1,465.21089019699104,75.73831559828142,0.708,0.0,0.63,0.6034181651715769,0.4047961567040261,50,0,1,0.0,0.885249975649965,1.0,0.9999999510071409,0.0,0.0,,
full_nl,lstm,PearlSCMRecourse,69,0,1,431.73868512162284,73.00356873286317,0.721,0.0,0.64,0.6638694880354576,0.3757120684318241,50,0,1,0.0,0.8794351285725083,1.0,0.999999962793156,0.0,0.0,,
full_nl,lstm,PearlSCMRecourse,70,0,1,6.714922798381224e-06,3.412342533696724e-07,1.0,1.0,1.0,0.9277232058451216,0.9727709010817108,99,1,0,nan,nan,nan,nan,0.0,0.0,,
full_nl,lstm,PearlSCMRecourse,71,0,1,360.3037712197937,65.53095161178899,0.722,0.0,0.64,0.5841238886249503,0.4634121761978529,50,0,1,0.0,0.8758150983193471,1.0,0.9999999517887463,0.0,0.0,,
full_nl,lstm,PearlSCMRecourse,72,0,1,449.81611926779095,73.42948420356385,0.708,0.0,0.63,0.6036940757063436,0.396225433819371,50,0,1,0.0,0.8755656118597392,1.0,0.999999951996659,0.0,0.0,,
full_nl,lstm,PearlSCMRecourse,73,0,1,359.91085449346866,64.60698086930896,0.715,0.0,0.63,0.5925284129530868,0.45239935018388394,50,0,1,0.0,0.8828015033850772,1.0,0.9999999508924514,0.0,0.0,,
full_nl,lstm,PearlSCMRecourse,74,0,1,461.4591999568566,75.43662021132438,0.716,0.0,0.63,0.6247354476322017,0.38207957047303637,50,0,1,0.0,0.8787037275774746,1.0,0.9999999545068857,0.0,0.0,,
full_nl,lstm,PearlSCMRecourse,75,0,1,382.5702718569105,66.31915959914343,0.719,0.0,0.63,0.5848336821009001,0.4479947860896865,50,0,1,0.0,0.8771914491851647,1.0,0.9999999719298936,0.0,0.0,,
full_nl,lstm,PearlSCMRecourse,76,0,1,394.1298275384106,67.24797034410754,0.717,0.0,0.63,0.5857329077758437,0.4347413054310265,50,0,1,0.0,0.8833809738783283,1.0,0.9999999246875633,0.0,0.0,,
full_nl,lstm,PearlSCMRecourse,77,0,1,5.5714378424251356e-06,2.8545448810042616e-07,1.0,1.0,1.0,1.0287400268629898,0.9676576384961423,99,1,0,nan,nan,nan,nan,0.0,0.0,,
full_nl,lstm,PearlSCMRecourse,78,0,1,6.881239595535934e-06,3.71868385241997e-07,1.0,1.0,1.0,0.8878795047381584,0.9900738834285685,99,1,0,nan,nan,nan,nan,0.0,0.0,,
full_nl,lstm,PearlSCMRecourse,79,0,1,455.40001506851985,80.06272063848712,0.716,0.0,0.64,0.6845841271198281,0.360515440872868,50,0,1,0.0,0.8790581080789182,1.0,0.9999999637113298,0.0,0.0,,
full_nl,lstm,PearlSCMRecourse,80,0,1,6.463722050173079e-06,7.269466197205295e-07,1.0,1.0,1.0,1.0999890113799033,0.9974563383042507,99,1,0,nan,nan,nan,nan,0.0,0.0,,
full_nl,lstm,PearlSCMRecourse,81,0,1,451.01964422087025,75.5600858226998,0.72,0.0,0.65,0.6518783950912731,0.3815340053302274,50,0,1,0.0,0.8859079026328526,1.0,0.999999962468649,0.0,0.0,,
full_nl,lstm,PearlSCMRecourse,82,0,1,361.9626955614008,61.87157300985936,0.716,0.0,0.64,0.5926498586691125,0.46778536986906377,50,0,1,0.0,0.8832733266223955,1.0,0.9999999436332551,0.0,0.0,,
full_nl,lstm,PearlSCMRecourse,83,0,1,0.000153604277730784,3.684027605429839e-05,1.0,1.0,1.0,0.5101632588296818,0.9852338175926022,99,1,0,nan,nan,nan,nan,0.0,0.0,,
full_nl,lstm,PearlSCMRecourse,84,0,1,430.33794601880356,69.79826160546699,0.722,0.0,0.64,0.6128466075735726,0.40008298303981776,50,0,1,0.0,0.8747470652815084,1.0,0.9999999576480002,0.0,0.0,,
full_nl,lstm,PearlSCMRecourse,85,0,1,5.392326894409875e-06,2.684731629947655e-07,1.0,1.0,1.0,1.0024783976427543,0.9297402776890343,99,1,0,nan,nan,nan,nan,0.0,0.0,,
full_nl,lstm,PearlSCMRecourse,86,0,1,0.0001361598484868518,2.718819711691093e-05,1.0,1.0,1.0,0.5133238351980794,0.9847987795086168,99,1,0,nan,nan,nan,nan,0.0,0.0,,
full_nl,lstm,PearlSCMRecourse,87,0,1,6.135484789466378e-06,3.0907832229347173e-07,1.0,1.0,1.0,0.9195521929291126,0.9635909771069733,99,1,0,nan,nan,nan,nan,0.0,0.0,,
full_nl,lstm,PearlSCMRecourse,88,0,1,462.72966573306604,78.24784348263634,0.708,0.0,0.63,0.6078401204564527,0.40155303347506766,50,0,1,0.0,0.8788046360139196,1.0,0.9999999436734006,0.0,0.0,,
full_nl,lstm,PearlSCMRecourse,89,0,1,31.340403793389648,7.8525071623062335,0.788,0.0,0.7,0.5451097330414024,0.8562250817038298,25,0,1,0.0,0.8758574667760802,1.0,0.9999999875958012,0.0,0.0,,
full_nl,lstm,PearlSCMRecourse,90,0,1,444.0476108629646,73.62449361390208,0.708,0.0,0.63,0.5899422558792506,0.4143242827665862,50,0,1,0.0,0.8714796699488481,1.0,0.9999999478153447,0.0,0.0,,
full_nl,lstm,PearlSCMRecourse,91,0,1,483.30379746030644,78.06617353362705,0.708,0.0,0.63,0.6243516390726225,0.3715964132518377,50,0,1,0.0,0.8829084054257678,1.0,0.9999999262444457,0.0,0.0,,
full_nl,lstm,PearlSCMRecourse,92,0,1,421.64658464812044,73.23276113427029,0.735,0.0,0.64,0.6343704740457013,0.39893228714510065,50,0,1,0.0,0.8863688347474631,1.0,0.9999999524219747,0.0,0.0,,
full_nl,lstm,PearlSCMRecourse,93,0,1,455.0764647925151,75.96956664769141,0.715,0.0,0.63,0.6175492714626314,0.38734018929880104,50,0,1,0.0,0.8782014290362269,1.0,0.9999999494189628,0.0,0.0,,
full_nl,lstm,PearlSCMRecourse,94,0,1,8.934871187336055e-05,2.104025915374873e-05,1.0,1.0,1.0,0.5056576607088901,0.9911391548170382,99,1,0,nan,nan,nan,nan,0.0,0.0,,
full_nl,lstm,PearlSCMRecourse,95,0,1,710.8823925809478,116.02824368476792,0.717,0.0,0.63,0.7004656870429857,0.2618553957940669,50,0,1,0.0,0.8703823606737061,1.0,0.9999999381267553,0.0,0.0,,
full_nl,lstm,PearlSCMRecourse,96,0,1,0.0002773158604225854,6.416212739734635e-05,1.0,1.0,1.0,0.6400577262396695,0.9852589493366919,99,1,0,nan,nan,nan,nan,0.0,0.0,,
full_nl,lstm,PearlSCMRecourse,97,0,1,451.6370157496228,74.2146162123173,0.708,0.0,0.63,0.6124117674085068,0.3941154443555358,50,0,1,0.0,0.8830010605261782,1.0,0.9999999582903736,0.0,0.0,,
full_nl,lstm,PearlSCMRecourse,98,0,1,346.70727582900594,64.14923579394784,0.725,0.0,0.64,0.5892995258536226,0.4775503997005807,50,0,1,0.0,0.8907542233679114,1.0,0.999999952517779,0.0,0.0,,
full_nl,lstm,PearlSCMRecourse,99,0,1,0.00016866571584665314,3.6251597196511355e-05,1.0,1.0,1.0,0.5132928643913691,0.9360046241497969,99,1,0,nan,nan,nan,nan,0.0,0.0,,
full_nl,lstm,TSCausal,0,1,0,132.66046103303006,5.604988969382052,0.005,0.0,0.0,0.9320391345158269,0.00017574242279054582,0,0,100,1.0,0.99996445317042,0.0,0.8777988145970128,1.0,0.0,1.0,0.0
full_nl,lstm,TSCausal,1,1,0,126.87876747292617,5.544622906901262,0.008,0.0,0.0,0.9463848965169698,0.00015141985460462518,0,0,100,1.0,0.9999730189468595,0.0,0.881068099454179,1.0,0.0,1.0,0.0
full_nl,lstm,TSCausal,2,1,0,132.42560680116765,5.571942333381922,0.006,0.0,0.0,0.8926602530602263,0.00014915008087400744,0,0,100,1.0,0.999974155281109,0.0,0.876901267278022,1.0,0.0,1.0,0.0
full_nl,lstm,TSCausal,3,1,0,128.08081921430397,5.509907684615356,0.008,0.0,0.0,0.9041745917917418,0.00015675013028370544,0,0,100,1.0,0.9999697828556042,0.0,0.8804516515082453,1.0,0.0,1.0,0.0
full_nl,lstm,TSCausal,4,1,0,127.18912533883919,5.301135663587723,0.006,0.0,0.0,0.9767638870315078,0.00016628275054726048,0,0,100,1.0,0.9999674193618745,0.0,0.8828446927330759,1.0,0.0,1.0,0.0
full_nl,lstm,TSCausal,5,1,0,128.0075407968044,5.457543130763542,0.007,0.0,0.0,0.9227580517979138,0.00017384682110553354,0,0,100,1.0,0.9999640854057625,0.0,0.8808815669743593,1.0,0.0,1.0,0.0
full_nl,lstm,TSCausal,6,1,0,129.1464304178037,5.446037836599797,0.004,0.0,0.0,0.9347020534923992,0.00019321237751211714,0,0,100,1.0,0.9999590530179878,0.0,0.8804293333718103,1.0,0.0,1.0,0.0
full_nl,lstm,TSCausal,7,1,0,129.72614848360354,5.355991564525065,0.005,0.0,0.0,0.9985515361533724,0.00016953963642289948,0,0,100,1.0,0.9999692509145357,0.0,0.8789715584526435,1.0,0.0,1.0,0.0
full_nl,lstm,TSCausal,8,1,0,124.85930146441805,5.276728206423019,0.004,0.0,0.0,0.9474461797160422,0.00019284211623774844,0,0,100,1.0,0.9999567611417085,0.0,0.8845470124781083,1.0,0.0,1.0,0.0
full_nl,lstm,TSCausal,9,1,0,129.0689541872454,5.521316392496255,0.006,0.0,0.0,0.9443352486405596,0.000180277090224986,0,0,100,1.0,0.9999604136374465,0.0,0.8805819144799829,1.0,0.0,1.0,0.0
full_nl,lstm,TSCausal,10,1,0,130.0049482762698,5.493656076293165,0.008,0.0,0.0,0.9527059923639608,0.00022487185182756066,0,0,100,1.0,0.9999429439444573,0.0,0.879573649294854,1.0,0.0,1.0,0.0
full_nl,lstm,TSCausal,11,1,0,124.33087399151204,5.3621045128881235,0.008,0.0,0.0,0.9898485485760181,0.00017712737469016693,0,0,100,1.0,0.9999635418273259,0.0,0.8843730906690143,1.0,0.0,1.0,0.0
full_nl,lstm,TSCausal,12,1,0,126.8030285373884,5.32106818530011,0.002,0.0,0.0,0.9646546194066709,0.00015716163906421678,0,0,100,1.0,0.9999728382170482,0.0,0.8824827312949474,1.0,0.0,1.0,0.0
full_nl,lstm,TSCausal,13,1,0,122.85361438929377,5.2065840595590025,0.006,0.0,0.0,0.9140421141049142,0.00015458215437680589,0,0,100,1.0,0.9999721261712207,0.0,0.8862975401424175,1.0,0.0,1.0,0.0
full_nl,lstm,TSCausal,14,1,0,131.4597980362825,5.597077770025019,0.01,0.0,0.0,0.930793079074983,0.00014481169443042693,0,0,100,1.0,0.9999745270297676,0.0,0.8784915465140817,1.0,0.0,1.0,0.0
full_nl,lstm,TSCausal,15,1,0,132.2495013393028,5.583296689949235,0.002,0.0,0.0,0.9255766059856136,0.00017594689754278615,0,0,100,1.0,0.9999617419944987,0.0,0.8771725609686462,1.0,0.0,1.0,0.0
full_nl,lstm,TSCausal,16,1,0,131.96265173663295,5.755890299134817,0.008,0.0,0.0,0.8419453449673728,0.00023847423663529035,0,0,100,1.0,0.9999380131240322,0.0,0.8785581243498353,1.0,0.0,1.0,0.0
full_nl,lstm,TSCausal,17,1,0,130.09853131676635,5.43445409516359,0.006,0.0,0.0,0.9584092159040214,0.000235554373264361,0,0,100,1.0,0.9999380438365059,0.0,0.879458543221513,1.0,0.0,1.0,0.0
full_nl,lstm,TSCausal,18,1,0,125.90764077775998,5.325925365787205,0.012,0.0,0.0,0.8808124625570708,0.00013464589922005012,0,0,100,1.0,0.9999786534833709,0.0,0.8831737113692808,1.0,0.0,1.0,0.0
full_nl,lstm,TSCausal,19,1,0,128.0517807548655,5.582668242386644,0.009,0.0,0.0,0.9204847715875983,0.00023819711462675275,0,0,100,1.0,0.9999414187177244,0.0,0.8805660922558024,1.0,0.0,1.0,0.0
full_nl,lstm,TSCausal,20,1,0,131.16938607285434,5.632358772079622,0.007,0.0,0.0,0.970156709633529,0.00018985980856895047,0,0,100,1.0,0.9999569173727528,0.0,0.8785064982524378,1.0,0.0,1.0,0.0
full_nl,lstm,TSCausal,21,1,0,138.66998201872553,5.881655361815032,0.006,0.0,0.0,0.8982582000911802,0.00025558950816051803,0,0,100,1.0,0.9999344685949318,0.0,0.8732740402245492,1.0,0.0,1.0,0.0
full_nl,lstm,TSCausal,22,1,0,127.83572042006911,5.429700668639863,0.006,0.0,0.0,0.9460988905544369,0.00015953530285982553,0,0,100,1.0,0.9999720409824833,0.0,0.8807408030625903,1.0,0.0,1.0,0.0
full_nl,lstm,TSCausal,23,1,0,131.07940135122792,5.522887111416176,0.009,0.0,0.0,0.9281086607034109,0.00024408221898872877,0,0,100,1.0,0.9999378874609806,0.0,0.8774817685595286,1.0,0.0,1.0,0.0
full_nl,lstm,TSCausal,24,1,0,128.1008733017797,5.232304088963939,0.005,0.0,0.0,0.9525517827387647,0.00023504217657324453,0,0,100,1.0,0.9999387235864824,0.0,0.8814370086415501,1.0,0.0,1.0,0.0
full_nl,lstm,TSCausal,25,1,0,142.68999080215588,6.006184489686275,0.006,0.0,0.0,0.9031493127439759,0.0001519233286154072,0,0,100,1.0,0.9999722593921441,0.0,0.8695874682123067,1.0,0.0,1.0,0.0
full_nl,lstm,TSCausal,26,1,0,128.01084162910206,5.363621422466331,0.008,0.0,0.0,0.9731703784942313,0.00019781521718954085,0,0,100,1.0,0.9999572951994038,0.0,0.881647422188084,1.0,0.0,1.0,0.0
full_nl,lstm,TSCausal,27,1,0,127.21142617025258,5.490875334857723,0.014,0.0,0.0,0.9429019458448619,0.00023675479890787192,0,0,100,1.0,0.9999380772455186,0.0,0.8827010068343109,1.0,0.0,1.0,0.0
full_nl,lstm,TSCausal,28,1,0,127.42078509271013,5.3181594683859394,0.006,0.0,0.0,0.9323781119328648,0.0001851919531024623,0,0,100,1.0,0.9999641051605281,0.0,0.8819750172601805,1.0,0.0,1.0,0.0
full_nl,lstm,TSCausal,29,1,0,124.1114861564224,5.312281684034134,0.004,0.0,0.0,1.0002889747761365,0.00015450733094361067,0,0,100,1.0,0.9999729390685097,0.0,0.8836220878052532,1.0,0.0,1.0,0.0
full_nl,lstm,TSCausal,30,1,0,123.32880225983547,5.166488701392838,0.004,0.0,0.0,0.968919237211919,0.00023982811862408604,0,0,100,1.0,0.999943942763827,0.0,0.8858848404555787,1.0,0.0,1.0,0.0
full_nl,lstm,TSCausal,31,1,0,129.19159559446894,5.502016221773966,0.007,0.0,0.0,0.9478852834964692,0.00016999755373535127,0,0,100,1.0,0.9999659224417736,0.0,0.879987553934132,1.0,0.0,1.0,0.0
full_nl,lstm,TSCausal,32,1,0,126.30944356233968,5.3840154828666735,0.009,0.0,0.0,0.9343206165449813,0.00021771036189628548,0,0,100,1.0,0.9999461422163003,0.0,0.8829859228791462,1.0,0.0,1.0,0.0
full_nl,lstm,TSCausal,33,1,0,129.70233895546215,5.804360960039207,0.012,0.0,0.0,0.9137386132884431,0.0002020066692557006,0,0,100,1.0,0.9999538197951692,0.0,0.8797901048539921,1.0,0.0,1.0,0.0
full_nl,lstm,TSCausal,34,1,0,129.22611076006626,5.439183450570918,0.008,0.0,0.0,0.9591563775715485,0.00016128310016050887,0,0,100,1.0,0.999969482459799,0.0,0.8820560039194122,1.0,0.0,1.0,0.0
full_nl,lstm,TSCausal,35,1,0,127.84891543541922,5.416433174638065,0.006,0.0,0.0,0.9301556700149034,0.0001855594558595099,0,0,100,1.0,0.9999615056154443,0.0,0.88099622053793,1.0,0.0,1.0,0.0
full_nl,lstm,TSCausal,36,1,0,136.05465529497576,5.761303436018163,0.005,0.0,0.0,0.8967650081785155,0.00022606555934215968,0,0,100,1.0,0.9999490408295097,0.0,0.8733544741451235,1.0,0.0,1.0,0.0
full_nl,lstm,TSCausal,37,1,0,120.64598046261817,4.908966797185796,0.005,0.0,0.0,1.0029210794155627,0.00023271805326064367,0,0,100,1.0,0.9999457923831991,0.0,0.8870313098833545,1.0,0.0,1.0,0.0
full_nl,lstm,TSCausal,38,1,0,126.43307515646416,5.306294033510457,0.006,0.0,0.0,1.0072416917373836,0.000138885664234279,0,0,100,1.0,0.9999776665318209,0.0,0.8822310338395193,1.0,0.0,1.0,0.0
full_nl,lstm,TSCausal,39,1,0,124.04816402603394,5.203884858606088,0.007,0.0,0.0,0.9330138448415107,0.0001657802020012239,0,0,100,1.0,0.9999678385261549,0.0,0.8846498426444006,1.0,0.0,1.0,0.0
full_nl,lstm,TSCausal,40,1,0,132.1285682413927,5.440840006372306,0.008,0.0,0.0,0.9361097063587958,0.00018450417811345359,0,0,100,1.0,0.9999652993958245,0.0,0.8778624641847765,1.0,0.0,1.0,0.0
full_nl,lstm,TSCausal,41,1,0,135.42447258243766,5.810663896178569,0.002,0.0,0.0,0.8893263704751171,0.00016339819851342755,0,0,100,1.0,0.9999684248303926,0.0,0.8738686369857105,1.0,0.0,1.0,0.0
full_nl,lstm,TSCausal,42,1,0,128.48563232260156,5.486367162422048,0.003,0.0,0.0,0.9413985712024465,0.00015851356400333011,0,0,100,1.0,0.999968717356284,0.0,0.8818791261291246,1.0,0.0,1.0,0.0
full_nl,lstm,TSCausal,43,1,0,123.95879260702651,5.376260750358687,0.006,0.0,0.0,1.0018694979651934,0.00015762847775573196,0,0,100,1.0,0.9999695952590401,0.0,0.8851275000064099,1.0,0.0,1.0,0.0
full_nl,lstm,TSCausal,44,1,0,132.44239863946547,5.602622306093532,0.006,0.0,0.0,0.8915314714186158,0.00018787058175319683,0,0,100,1.0,0.9999607877749095,0.0,0.8772972217350079,1.0,0.0,1.0,0.0
full_nl,lstm,TSCausal,45,1,0,132.23223755975312,5.57089805103116,0.004,0.0,0.0,0.869263846324937,0.00013914318402017,0,0,100,1.0,0.9999781822093048,0.0,0.8779697926104326,1.0,0.0,1.0,0.0
full_nl,lstm,TSCausal,46,1,0,130.89149723067592,5.7409401930843655,0.002,0.0,0.0,0.904451902785606,0.00018041653131681596,0,0,100,1.0,0.9999603253727519,0.0,0.8787909742428001,1.0,0.0,1.0,0.0
full_nl,lstm,TSCausal,47,1,0,126.3469915901963,5.426620957236208,0.006,0.0,0.0,0.9832744422084116,0.0001955469827563371,0,0,100,1.0,0.9999540385982706,0.0,0.8837534120318136,1.0,0.0,1.0,0.0
full_nl,lstm,TSCausal,48,1,0,125.59768906350033,5.406328874026554,0.004,0.0,0.0,0.9742165517923487,0.0001599036125600136,0,0,100,1.0,0.9999721819256662,0.0,0.8853638810615211,1.0,0.0,1.0,0.0
full_nl,lstm,TSCausal,49,1,0,122.53107688296028,5.38562827355795,0.007,0.0,0.0,0.972865720360852,0.00016506753828554745,0,0,100,1.0,0.9999683454232414,0.0,0.8860401533441403,1.0,0.0,1.0,0.0
full_nl,lstm,TSCausal,50,1,0,134.44815676279617,5.823857241562497,0.004,0.0,0.0,0.8908644633220283,0.00019249180861948716,0,0,100,1.0,0.9999565754008081,0.0,0.8762186299646203,1.0,0.0,1.0,0.0
full_nl,lstm,TSCausal,51,1,0,137.00828120915472,5.866981044719977,0.005,0.0,0.0,0.9476104373029328,0.00024111015116422618,0,0,100,1.0,0.9999360743601651,0.0,0.8742232351298767,1.0,0.0,1.0,0.0
full_nl,lstm,TSCausal,52,1,0,139.88484346136974,5.809416999284319,0.004,0.0,0.0,0.8814556481941381,0.0001602076550784585,0,0,100,1.0,0.9999696763150988,0.0,0.8716544214746509,1.0,0.0,1.0,0.0
full_nl,lstm,TSCausal,53,1,0,124.39962969051186,5.32907996154697,0.007,0.0,0.0,0.9362621374429375,0.00021097832679700193,0,0,100,1.0,0.9999501503160393,0.0,0.8841671400561101,1.0,0.0,1.0,0.0
full_nl,lstm,TSCausal,54,1,0,132.56571271709288,5.619854082961993,0.007,0.0,0.0,0.9567081240490398,0.00015625861184080366,0,0,100,1.0,0.9999704765756074,0.0,0.8774114703210321,1.0,0.0,1.0,0.0
full_nl,lstm,TSCausal,55,1,0,126.55687496580987,5.501494226488929,0.005,0.0,0.0,0.9044631937221597,0.00022904294149624297,0,0,100,1.0,0.9999431810701169,0.0,0.8823173857720787,1.0,0.0,1.0,0.0
full_nl,lstm,TSCausal,56,1,0,129.08869723260327,5.471932925653871,0.008,0.0,0.0,0.9355495320674999,0.00020914231882552522,0,0,100,1.0,0.9999527468515774,0.0,0.8791818189964418,1.0,0.0,1.0,0.0
full_nl,lstm,TSCausal,57,1,0,132.25680565906384,5.650901243575781,0.002,0.0,0.0,0.9047850026792343,0.00016961180632479685,0,0,100,1.0,0.999967272879418,0.0,0.8781579326508563,1.0,0.0,1.0,0.0
full_nl,lstm,TSCausal,58,1,0,129.93177651471754,5.437275953301306,0.004,0.0,0.0,0.9391943492004886,0.00015963184502485294,0,0,100,1.0,0.9999706587354837,0.0,0.8795651436772969,1.0,0.0,1.0,0.0
full_nl,lstm,TSCausal,59,1,0,130.7454344475131,5.534681781162221,0.007,0.0,0.0,0.9364708846400585,0.00023499075185147162,0,0,100,1.0,0.9999394433897032,0.0,0.87895608305243,1.0,0.0,1.0,0.0
full_nl,lstm,TSCausal,60,1,0,127.91470368367332,5.318559566742711,0.003,0.0,0.0,0.9782688751733128,0.00015110747993722596,0,0,100,1.0,0.9999711412980558,0.0,0.8817784438234426,1.0,0.0,1.0,0.0
full_nl,lstm,TSCausal,61,1,0,142.01619840555924,6.183553416891891,0.008,0.0,0.0,0.9295133637754015,0.00017880946500923957,0,0,100,1.0,0.9999643207094543,0.0,0.8695648958268645,1.0,0.0,1.0,0.0
full_nl,lstm,TSCausal,62,1,0,130.81781378780533,5.534652679318769,0.011,0.0,0.0,0.9155240926942176,0.0001426783109563997,0,0,100,1.0,0.9999767724639755,0.0,0.8800701989569235,1.0,0.0,1.0,0.0
full_nl,lstm,TSCausal,63,1,0,126.42260117064475,5.344697176836893,0.003,0.0,0.0,0.9577866248367243,0.00022767966968450246,0,0,100,1.0,0.9999466733972442,0.0,0.8821459749618964,1.0,0.0,1.0,0.0
full_nl,lstm,TSCausal,64,1,0,136.82978531600253,5.733630159777035,0.006,0.0,0.0,0.886590091954893,0.0001803258663657937,0,0,100,1.0,0.9999627879206084,0.0,0.8745357059754947,1.0,0.0,1.0,0.0
full_nl,lstm,TSCausal,65,1,0,123.94889727299173,5.3067270597619025,0.007,0.0,0.0,1.012582460817728,0.000200738331201651,0,0,100,1.0,0.9999550069602982,0.0,0.8844868026718185,1.0,0.0,1.0,0.0
full_nl,lstm,TSCausal,66,1,0,122.33578039782998,5.143068149537061,0.008,0.0,0.0,0.955689714418861,0.0001955808012220977,0,0,100,1.0,0.9999549440902212,0.0,0.8860499028357838,1.0,0.0,1.0,0.0
full_nl,lstm,TSCausal,67,1,0,130.31647995549997,5.480555628959216,0.009,0.0,0.0,0.9685567280598978,0.00020574575049804646,0,0,100,1.0,0.9999540443128384,0.0,0.8794516482846015,1.0,0.0,1.0,0.0
full_nl,lstm,TSCausal,68,1,0,125.938992136792,5.273141698601824,0.008,0.0,0.0,0.938380568858214,0.00015072495797964508,0,0,100,1.0,0.999972740623136,0.0,0.8834894839145012,1.0,0.0,1.0,0.0
full_nl,lstm,TSCausal,69,1,0,131.86026392568846,5.662291348261132,0.006,0.0,0.0,0.9158400638436635,0.0001375787654401794,0,0,100,1.0,0.999977588623037,0.0,0.8775318545667207,1.0,0.0,1.0,0.0
full_nl,lstm,TSCausal,70,1,0,138.90899971906367,5.923328357393646,0.003,0.0,0.0,0.8885311976495588,0.00016910465017670116,0,0,100,1.0,0.9999639091215503,0.0,0.8714385436658931,1.0,0.0,1.0,0.0
full_nl,lstm,TSCausal,71,1,0,136.79864308712666,5.711337019995647,0.006,0.0,0.0,0.8475443445391838,0.0001590708673435629,0,0,100,1.0,0.9999703988983296,0.0,0.8740567808525835,1.0,0.0,1.0,0.0
full_nl,lstm,TSCausal,72,1,0,136.2279389500683,5.947256587511598,0.002,0.0,0.0,0.9105093590190237,0.0001739455384332515,0,0,100,1.0,0.9999647430931059,0.0,0.8755723086964362,1.0,0.0,1.0,0.0
full_nl,lstm,TSCausal,73,1,0,129.94909911187432,5.450078236343211,0.004,0.0,0.0,0.9140794811709967,0.00020090535637155596,0,0,100,1.0,0.9999550991520901,0.0,0.8789318876130259,1.0,0.0,1.0,0.0
full_nl,lstm,TSCausal,74,1,0,130.2584256804467,5.512824497768263,0.002,0.0,0.0,0.9289536561720714,0.0001980356774872499,0,0,100,1.0,0.9999534768727198,0.0,0.8806911146698253,1.0,0.0,1.0,0.0
full_nl,lstm,TSCausal,75,1,0,133.7516514389109,5.656305878931196,0.004,0.0,0.0,0.9218245890167989,0.0001739005882736699,0,0,100,1.0,0.9999655862131186,0.0,0.8773279580532268,1.0,0.0,1.0,0.0
full_nl,lstm,TSCausal,76,1,0,128.17348358678248,5.277907758371985,0.003,0.0,0.0,0.9467122102858132,0.00017942562176089473,0,0,100,1.0,0.9999611815984266,0.0,0.8807429080802059,1.0,0.0,1.0,0.0
full_nl,lstm,TSCausal,77,1,0,127.65076560499834,5.248845825721985,0.005,0.0,0.0,0.9244752130286104,0.00016011874180486553,0,0,100,1.0,0.9999718618897384,0.0,0.8823935207022195,1.0,0.0,1.0,0.0
full_nl,lstm,TSCausal,78,1,0,134.80999618886992,5.757782909021175,0.005,0.0,0.0,0.874714481324115,0.00016445863624881614,0,0,100,1.0,0.9999695858406711,0.0,0.8740811994942166,1.0,0.0,1.0,0.0
full_nl,lstm,TSCausal,79,1,0,143.39294519362045,6.085397125065125,0.002,0.0,0.0,0.8968547236232656,0.00017014903063920778,0,0,100,1.0,0.9999652011120806,0.0,0.8685692650101104,1.0,0.0,1.0,0.0
full_nl,lstm,TSCausal,80,1,0,128.70316453567125,5.466567855285995,0.006,0.0,0.0,0.9235758355199151,0.00015475560695840283,0,0,100,1.0,0.9999718726346214,0.0,0.8803376842023335,1.0,0.0,1.0,0.0
full_nl,lstm,TSCausal,81,1,0,132.67019545604808,5.552131773364969,0.009,0.0,0.0,0.8865748874113846,0.0001857969413162411,0,0,100,1.0,0.999958064699301,0.0,0.877307121242878,1.0,0.0,1.0,0.0
full_nl,lstm,TSCausal,82,1,0,130.31622334807327,5.5143310718125464,0.007,0.0,0.0,0.9330493386518977,0.00017518274629061374,0,0,100,1.0,0.9999624828204892,0.0,0.878887727425265,1.0,0.0,1.0,0.0
full_nl,lstm,TSCausal,83,1,0,140.5983940126485,6.079466433747864,0.005,0.0,0.0,0.8481640777392653,0.00018117217678228776,0,0,100,1.0,0.9999632343224442,0.0,0.8707636080684967,1.0,0.0,1.0,0.0
full_nl,lstm,TSCausal,84,1,0,135.84581953638926,5.789994246870349,0.005,0.0,0.0,0.9205324491907254,0.00017381672269639598,0,0,100,1.0,0.9999665591114298,0.0,0.8752247170013346,1.0,0.0,1.0,0.0
full_nl,lstm,TSCausal,85,1,0,124.35509272181909,5.233578359914192,0.006,0.0,0.0,0.902233880618123,0.00018746422582705354,0,0,100,1.0,0.9999605144882197,0.0,0.8864912192827773,1.0,0.0,1.0,0.0
full_nl,lstm,TSCausal,86,1,0,134.65639731424656,5.590537646885492,0.006,0.0,0.0,0.9208686741159199,0.00014769933650311793,0,0,100,1.0,0.9999763705233223,0.0,0.8747041030852964,1.0,0.0,1.0,0.0
full_nl,lstm,TSCausal,87,1,0,127.70982132899354,5.260182629353973,0.005,0.0,0.0,0.9169763894011158,0.00021096739421854485,0,0,100,1.0,0.999949606685479,0.0,0.8820752430465546,1.0,0.0,1.0,0.0
full_nl,lstm,TSCausal,88,1,0,127.63212350759798,5.488199672818967,0.003,0.0,0.0,0.9210238664402821,0.000147869863041326,0,0,100,1.0,0.9999738626939948,0.0,0.8813262179884337,1.0,0.0,1.0,0.0
full_nl,lstm,TSCausal,89,1,0,139.1743676920382,6.045931105208706,0.004,0.0,0.0,0.9371906872557414,0.00021960724457281575,0,0,100,1.0,0.9999511982787683,0.0,0.8724887593478584,1.0,0.0,1.0,0.0
full_nl,lstm,TSCausal,90,1,0,135.62868969820636,5.785395941644578,0.012,0.0,0.0,0.8903020315439533,0.00020889664865488322,0,0,100,1.0,0.9999491473380652,0.0,0.8766456946436219,1.0,0.0,1.0,0.0
full_nl,lstm,TSCausal,91,1,0,129.91338632284663,5.488391547897212,0.003,0.0,0.0,0.9596041685567552,0.0001980156137565794,0,0,100,1.0,0.9999554568217666,0.0,0.8798344659852487,1.0,0.0,1.0,0.0
full_nl,lstm,TSCausal,92,1,0,128.6510678444741,5.599552263752387,0.009,0.0,0.0,0.9565564562335976,0.00022904865169952714,0,0,100,1.0,0.9999480505784344,0.0,0.8807223691013083,1.0,0.0,1.0,0.0
full_nl,lstm,TSCausal,93,1,0,134.5237536698644,5.639539390761744,0.002,0.0,0.0,0.9342658474582048,0.00022096320670598153,0,0,100,1.0,0.9999433589208262,0.0,0.8759699629315724,1.0,0.0,1.0,0.0
full_nl,lstm,TSCausal,94,1,0,139.45227159767873,5.940338516090881,0.005,0.0,0.0,0.8727874393025674,0.00017402411908638997,0,0,100,1.0,0.9999649722018589,0.0,0.8711457343624528,1.0,0.0,1.0,0.0
full_nl,lstm,TSCausal,95,1,0,139.2891718734934,5.9289298980515195,0.007,0.0,0.0,0.9042314873410523,0.00014434301848430194,0,0,100,1.0,0.9999740020624789,0.0,0.8719024637121399,1.0,0.0,1.0,0.0
full_nl,lstm,TSCausal,96,1,0,129.08694553409308,5.5254403035180095,0.004,0.0,0.0,0.9408978502991358,0.0002199480847269973,0,0,100,1.0,0.9999535059628072,0.0,0.8798675344609503,1.0,0.0,1.0,0.0
full_nl,lstm,TSCausal,97,1,0,132.22195865606005,5.5512847204668105,0.006,0.0,0.0,0.948557355967816,0.0001964971234356513,0,0,100,1.0,0.9999559273020276,0.0,0.8769406368165144,1.0,0.0,1.0,0.0
full_nl,lstm,TSCausal,98,1,0,123.83385141736606,5.3357060548450255,0.009,0.0,0.0,0.9247188668272642,0.0001688323877849338,0,0,100,1.0,0.9999675299381408,0.0,0.8852731377669062,1.0,0.0,1.0,0.0
full_nl,lstm,TSCausal,99,1,0,130.2734606185695,5.603537220154373,0.004,0.0,0.0,0.8866410979309193,0.0001706251034977022,0,0,100,1.0,0.9999633033185402,0.0,0.8784577415225566,1.0,0.0,1.0,0.0
